"x1","x2","x3","x4","x5","x6","x7","x8","x9","x10","x11","x12","x13","x14","x15","x16","x17","x18","x19","x20","Y"
"1",-1.4284309783019,5.4876481164302,11.6941032934033,-8.70604078809738,9.38083719952532,7.87689129397124,1.6395773225564,3.3850603636414,4.00606474781224,-0.420805536993532,1.7854260803248,0.183205042938463,0.0941628716702705,5.48547220650597,7.44832114419644,7.07173147355505,1.36779574162185,0.793753236820857,1.64177394752837,15.454135784666,0
"2",-0.32113463678052,5.98562685524599,10.9397958833335,-4.25821426643388,7.30765580479237,6.50676942573087,2.44426727878581,3.45260600124564,5.30523703869924,0.988976739119807,3.24949515440632,-1.82171835962075,1.0304387930484,6.81249050196127,8.27328557397733,3.69487942496329,3.05758923303775,-1.81498728963244,0.86116337799041,14.275524901589,1
"3",-1.35635386137284,6.60840479656293,11.0661405868156,-7.51933275847428,8.81449103936065,7.06422972490982,3.26737451880539,0.961456873498147,2.37914592560362,0.0997985002049355,1.99356143506246,-0.983730760678504,2.66790512212037,6.45371600134385,11.136066214883,5.18898971894723,3.63957960608359,-0.783052323903457,-1.03811001866341,16.8379557397418,1
"4",-0.214705798513599,7.73950790816299,9.32420574464439,-6.69465458503533,5.29008436267167,9.04130524635682,0.818406610624826,3.50767037906927,5.04788718590637,-3.51740841958496,1.69789611499966,-0.705401096601583,1.08594545533394,6.32216704044274,9.35976405589907,3.56939480874339,2.84566388415289,-0.612224134304624,0.265650059175317,14.0846998196324,1
"5",-0.340480205414499,6.40182339422576,9.99033049616766,-5.34940103178615,7.26761750928734,5.34340439476463,4.71782456246396,0.0429104667239373,0.702885224291246,5.17577616972499,1.56190613059179,-1.5828387157511,2.1192222629002,6.47327279673007,11.0740842151237,5.40286257669255,3.30468917508704,-1.47185231302594,-0.680513537689222,16.375880727423,1
"6",-0.130386353735382,8.49369824641448,9.51623034771096,-5.74705539612213,8.25814065430889,6.1317618620265,3.57851342485503,3.30652741336929,3.36620115457058,-2.03914691630244,2.2587062526333,-0.74208495630219,-1.41465954150213,5.86303670107714,7.10503628855338,4.47419934657813,2.52485853484357,-0.968515245355125,1.26522650052362,14.4854753802895,1
"7",-1.07677589596241,7.69303130193096,9.7225081519048,-5.98449804972718,8.5609277657127,8.16532636206291,2.08678013423565,0.90418256136572,2.77291222908219,0.165218642729152,2.5924016273011,0.23282894733598,3.28119267823561,5.65936319043604,10.8525318373162,1.40692928000336,2.93396158308231,1.67717660629843,0.713171412715256,18.8894314379111,0
"8",-1.11242149365576,5.72724789801638,10.9325125753534,-8.89943452634595,6.22418707665491,7.91851825022059,2.02373660000443,1.59520007059952,3.77890727782449,0.125968741066615,2.64853477438568,1.02949787076465,0.254212439206055,5.02238085295796,8.53688363303622,4.67648792540584,1.88391124240544,-0.0328987573291343,1.4986332830259,15.0616142530236,0
"9",-1.45361411034994,5.97227221079526,10.6190845437837,-8.80738054027182,6.52298005409107,7.80054589346036,2.09133691795059,1.56871222810374,-1.83754527868326,0.029813670358123,2.49847195825198,-0.224647656526067,2.52885497751676,5.73007861475034,10.4354360338162,1.74559734900562,2.94607911742879,-0.150680507326065,0.991380930627565,16.888215360482,1
"10",-1.19055298160335,8.53022894139193,8.16491157143029,-3.95839164906883,7.36546106381689,6.55199172387077,2.00532012686594,4.21416210402896,3.99376496406954,1.06042770538834,2.98096119747128,-1.21288652867281,2.45862113575483,6.25703191399746,9.48900971791105,2.62088969008325,2.86235420381762,-1.20370947652786,1.30613751477513,17.5799565686573,1
"11",-0.950877032027085,5.95712238516812,11.6875717098875,-6.42148962123227,9.60807897887969,6.9571274801766,2.79618635557311,2.59535216122731,3.8180531924634,1.23393512508518,2.84642773997253,1.00328026502585,-0.563265806464566,4.34644742872773,10.4160056911248,3.36863400178855,3.7051887196087,0.620741449085536,0.498153570266396,18.292964226039,1
"12",-1.59425587590353,5.73055903864246,11.6471971923793,-4.33983303272599,6.59706034794901,8.54992282420662,2.35026189054269,-0.0307323119309397,0.795866644531038,-0.649994377440431,3.95198797903417,-0.157395433547918,1.45485712875416,5.40603369958613,8.32584061983285,0.683448133937407,2.73392190592479,-0.294694934255836,2.32000945477889,18.8417497745868,1
"13",-0.381874966008476,5.71619838657589,11.0914451025652,-6.4217894751453,7.88881094356334,6.55711463926512,2.34634558880041,2.42765375994051,3.76190647875333,4.0526604264178,1.7219915558154,-0.02972193507954,1.75088932592311,5.83169061814817,9.67817094195385,4.74299469637096,1.58840866281936,1.68800994311264,1.37673244151969,17.041254970519,0
"14",-1.41997525703676,4.85699872660465,11.7344474020429,-4.89536698547222,9.41944029779829,9.75839552977159,0.00163933519779391,2.01881967971745,-0.399637543188404,1.68269132708102,4.92533400848741,0.576851557845786,-2.8615785234085,4.36578034263553,4.88317984842342,-0.236810726563396,2.32214253605459,-0.136208038692474,4.16308428481879,19.3540687024033,1
"15",-1.24713032022093,5.52307252185414,11.2324738062957,-7.79368679486768,5.83903581714601,9.69252025108087,0.396249303861127,3.21151756914331,1.02974092328718,-3.95022816572778,2.56477020030818,0.497811060908438,-1.59803341023927,5.04754448158481,7.67860923822669,6.80337465480786,0.895748460620925,-1.90898776397013,2.38116337767638,14.0642615967362,0
"16",-1.16712460177192,6.91000662512128,9.77159595492257,-8.12681409680954,8.40145272630629,7.05932980184936,2.15111922993222,3.46320970975121,3.90707571071307,0.315493851351109,1.56571712947419,-1.93787464228094,0.116050568985672,7.48956411437388,8.4075231178027,5.93343599252135,3.07104309453699,-1.69642043303643,-1.58388363985804,9.94253125711966,1
"17",-0.825471227475165,5.71706878244523,10.9700879926563,-5.90378358994714,8.40599613894892,9.31905280321034,0.0838157473651435,3.18842155403586,2.19301909721424,0.504803846691485,2.0494176945556,-0.823887950212421,1.46502299367652,5.96485718680023,9.04580907992945,5.50943375195987,2.44662477983125,0.892934025719721,0.147543194280332,18.9583332657039,0
"18",-2.8029222311304,5.687610890076,11.3343806333213,-6.61453492396033,8.26789280367631,6.02053217787957,3.14682960667104,3.2887989432191,4.46097059331234,1.54048829196392,0.974080152862316,-1.21052547345295,4.38713016159828,6.51740508527631,10.0408109881627,2.84340194409778,2.37699764683855,3.62039885419784,0.65882403653695,19.8342206457751,0
"19",-0.337299299316253,8.93506866663911,8.07370666699181,-4.95058264000272,10.6485229171375,5.36682889083571,3.35056473515003,3.70752181649164,4.86307174677693,1.29277882983735,2.67904454944844,0.61686540006938,0.111139048813042,5.05475290018011,9.84408594982774,5.34327316225895,2.42258515314431,-0.1738756497572,1.16274555621816,16.2355559854074,0
"20",-0.803639540385527,5.63694493799547,11.4656470657579,-6.6940541570632,8.38309953543537,8.56428646405534,1.61770126864586,1.72594350365151,0.844611223988163,-0.924422124043552,2.40403595445374,-0.253814468557359,0.626900560810451,5.55093524238849,8.87917276230569,5.03743736589748,1.20587469494704,-0.342919511631051,1.69873667568945,17.7053326317135,0
"21",-1.26215396073686,6.48266077130401,10.0517177788138,-5.17093873747029,8.28874598332481,7.51969475470739,1.76449764625778,3.13387871943283,4.73234160996941,0.835154939237941,4.11916264067855,0.495146567623022,0.43323479819172,4.73639716436901,10.2985123363295,3.00430112338828,3.48086320241697,-1.773506239741,0.474562959465881,17.7688548627873,0
"22",-0.547220471344641,6.81488372344936,9.87683140282053,-6.68108190613573,7.74448855339347,5.05994367268119,4.37021098465506,1.92346882228037,4.34856238896332,3.26139648662288,1.02798516060911,-0.531331836268662,4.32616505057103,6.30721843093217,7.12743383343327,1.53354400337718,1.72076805688652,2.90810679773769,1.15491198562887,18.3581511517844,0
"23",-0.244958699244347,8.22809893778774,8.34593729238681,-7.9261299314371,6.66693887972646,9.96467574819702,0.146585167111327,1.64140788851498,-0.228867489221566,-0.50253265662506,1.69335678359528,0.264016360663057,3.92242795819838,5.71374980533313,7.95774922096075,1.30189056875451,1.77454968025666,2.75172928678258,1.96968679350813,17.2413864803881,0
"24",-0.7574895701009,8.64485152461164,8.67197422723103,-7.28554555606978,8.15936331176003,4.83004264438362,4.57070006464263,1.86584792872216,0.428168845720589,2.33245999096849,4.80670496945296,0.574780253099333,-0.487212866184857,4.57232130373072,12.2709753501115,4.47994595793027,4.63031916644886,-1.73936041279099,-1.14937533976584,17.6412721045017,0
"25",-1.4598889744705,5.82364034413811,11.3977568803937,-7.14852364562283,8.40778753693608,6.93597953922252,2.03922927106825,2.98771127390506,3.52109268956859,1.74437017420098,3.10444552834793,0.306154401676475,-0.817263702683214,5.06729872433081,9.23171432200907,6.27361257586639,1.50555120006806,-1.26917306182782,1.58848766550663,16.0127944267205,0
"26",-1.42924181088876,6.60233921979589,9.82259891249046,-4.52950554134925,7.49475020328135,4.12119290327859,4.31175614374574,4.67813657619616,6.14683668726231,0.222929933394629,1.79753738656629,-0.137823028329762,0.448352273639407,5.46108091231516,10.516046831635,4.20688870832068,3.41717916684093,-0.306171276686359,0.00620690824487524,16.7755300400239,1
"27",-0.824356352321388,5.98841138102272,9.71337805706569,-5.96589096519046,4.85018358959581,6.83776048447593,1.57953200501632,4.5726612699963,5.78124719908854,0.182896798908311,3.24097530970707,-2.56124475418934,0.0753765175085552,6.99181800572536,7.50111807655937,4.02372642550383,2.57596873504377,-2.66086380640158,0.394621183353093,13.3762297181035,1
"28",-0.756607767686777,5.36896057978803,10.9388675492031,-6.05344777985327,7.21717303141483,7.85687537988675,2.33563421234846,1.42774456253925,2.68224916582817,0.742447937898608,3.28252344940779,-0.596011991341424,-0.560081866613293,5.75701111605839,8.23737956800922,1.60971018108101,3.12967612331109,-0.923518713364771,1.66298812089983,15.2744878008922,1
"29",-0.55205747877266,2.74124928423013,12.5695830767592,-6.90471907992148,6.04418190654462,9.99511298631483,1.19280552679988,-1.21530578236466,-4.32138787363056,0.653576428218301,0.512497536515905,-0.964570993646418,3.26455931219928,6.90172733236803,11.3971909501305,5.03096588767491,2.93299198760042,-0.439306796309975,-1.47087591409562,12.9476589964349,1
"30",-0.64189586683233,5.55691685714486,11.882734694328,-7.87617720255816,5.43117654149644,6.4476133118103,2.89388446221146,1.99723436615509,-0.91106427877831,2.1840131412492,1.63057737142245,-0.114423698018542,2.27102644536402,5.64639325700256,9.38462725589147,4.30044937375285,2.96761751900442,2.25858618175353,0.578243974492097,16.5917804100837,0
"31",-0.209881890367451,7.47658853048362,9.42208043018987,-6.72142050722753,7.22247318524408,9.52916028012341,1.2208288273534,0.201328853781553,-0.0199707465994869,-0.303338710734149,2.13192735232842,0.146677055010902,3.0333112128351,5.71792289449703,9.06784308488023,2.23595606938085,3.03846980424305,1.72628964739701,0.425886750076462,18.1693604498972,0
"32",-2.08954867521033,4.75506934950409,11.8649131824524,-6.9556517032392,8.21975400166782,10.0976704964783,-0.449481375089225,2.20994469150875,0.633868485625926,0.330020472421754,1.88339629970005,-0.878286508875709,6.38153195787748,6.26928563608758,10.9049631468938,-0.85958307398286,3.54042519239408,4.35242340427105,-0.185222067390429,20.8960508848985,0
"33",-0.369032713631007,7.94027438069358,9.36683597121906,-4.82985660903348,6.25704415631778,6.24938274724636,2.56607601301689,3.57742407002271,4.3086118291758,1.49563415178863,3.26811096076757,0.856674070983782,-0.071498851828715,4.75875858889567,10.3384892096861,5.03588056224515,2.74779513295205,-0.221700054478216,0.629659964271341,15.5928187041477,0
"34",-2.53307882085721,6.10665481147533,11.0693094681604,-8.85723096105139,8.48387131431515,6.20444560170573,2.89714782015717,4.23001268103161,4.96084755263036,-1.92745119094585,3.28110266120514,-0.556473345433694,-2.83287640379814,5.1340250618321,7.23069655774336,4.25584766741121,3.02182450918947,-1.17051599917283,1.19833341895342,16.9957840891208,1
"35",-2.42160278496391,4.30003556752493,11.8805284664899,-6.37690337461759,6.05136508867444,6.32734381031511,3.35839453982035,2.50255607888321,3.24383757880392,0.42535487693566,4.24598254405996,0.44939836330831,-0.635509798378211,4.57489794371871,11.2058407613909,4.87900179642138,3.2194875708954,-1.65454595857005,-0.0880314590397907,16.6574564920878,0
"36",-1.21310783077501,5.77793982910507,10.8000179443861,-7.0349162317172,7.74232094981778,5.96963112924055,2.89657509387573,4.09546929735767,3.17109432337923,-0.214840676635294,1.90737596794358,-0.928294620986296,2.55086153356586,6.46579356019114,10.7686188746771,3.19164419803419,2.76665433150289,-0.673703234685579,-0.946519214324311,12.6567374892789,1
"37",-2.29064937358657,3.19677900584866,12.8700326078488,-9.71204412992683,8.75768304955975,8.34006898832489,1.08500491253918,2.84737907270733,1.36896386581567,0.6312043567114,2.39549075815634,0.691110185138186,-0.686512591899076,4.90014684779626,8.79259507090957,5.95422341891205,1.21024715287965,-0.588928258573748,2.29032658695374,13.8104953176428,0
"38",-1.40221938172973,5.93078774753904,11.8306361122347,-8.42481266724904,7.85921069842817,7.02096858856068,2.55665292064614,3.5416133638972,5.48210863067114,-2.07315269097082,3.48945347089426,-0.478493370774667,-2.77009532804525,4.532498299259,11.6583423402698,10.074406599833,3.42550383955691,-1.59237440949746,-0.670828865591309,15.2717458507735,0
"39",-1.21982371932958,6.5719524238378,10.8220831799488,-6.3707677466061,6.75513147163715,6.84082198389781,2.28467665386038,2.54587661793055,4.01909844959474,2.0645920822773,5.38828802944341,-1.00550534493339,1.09856155834083,6.23377786573047,6.71791228962958,-0.945296482354566,2.90139384495896,-1.18456517408885,3.26282060430064,16.2976831810972,1
"40",0.492658783574151,7.25192218933039,9.54144360210125,-6.31256058607252,5.82878142103653,6.73621429320141,3.03773452503799,1.86711326160016,1.07739043091182,-0.0329869194461233,2.90452594587183,-0.716665414180187,-1.11296424965184,6.25626610058165,7.38143897626434,3.40540834991809,3.12598921920917,-0.8850824101596,0.722902760137733,12.5550804216799,1
"41",0.930929410452191,9.84201391037024,7.54472788172682,-6.80867320755213,5.65818397437833,6.1758430351197,4.03252342037691,1.55373696898693,4.0891237007333,-0.0363847592447472,3.00281945603086,1.07741959129315,-0.977442099917459,4.41195747200993,8.83047036491094,2.47326011774016,2.97086209419285,0.725881040474929,0.534369283864363,17.8713510602995,1
"42",-0.831574054201071,7.8177629261407,8.34396227832227,-6.0809063421736,6.90003429359776,9.40576635269299,0.338218807150602,1.44572775177942,-1.09003700190426,1.30400240113734,1.24859209984555,-3.26489406878531,1.5568640733594,8.09468588133731,8.02663415345506,6.10585113994989,2.12680012692041,-2.95400808566667,-0.0724768517322872,10.8066303276361,1
"43",-1.62963031429431,5.11423178910844,10.8742491254582,-6.86234826757755,7.90340476011186,6.08435525584521,3.18770504277433,1.98627370699293,3.06158722276516,3.06871435780988,1.5372056791484,-0.289318797401701,1.93687717920128,5.55148972867675,9.74798129588751,5.28390310025139,2.21224625648831,2.50646426146675,1.08863442825119,16.3948546698132,0
"44",-0.958446646157891,5.47315390241858,11.5882376764409,-7.24191460516499,7.43943572245688,6.03328704566896,2.64406301501222,4.64329530336076,5.28132809467123,0.201728147329472,1.65290115590684,-1.06605551065319,0.535871460264638,6.8538828211718,8.59820486614525,5.13154383546407,2.84564594981764,-0.800163668246234,-1.16050214854077,11.8176585194069,1
"45",-0.409617426986514,7.93411843685727,9.11606324348966,-3.72457091284077,7.21231144729281,8.70731452304132,1.3521322675953,3.03209167015792,2.1580429513667,-2.16957651741362,2.09147301024247,1.09189204986653,-0.366386579853503,5.26715086809511,7.40415638938082,5.14607341074744,0.948712309826751,-0.730196092238362,2.64102511124652,14.0641840180304,0
"46",-0.0274416327643461,7.71300764613398,9.77157150382513,-6.23467194650985,4.37018848715631,5.96494251844509,4.47624140080718,0.694412553389828,2.42784474443577,1.49725254481054,4.84566034614578,0.640547692444855,-1.90200336971996,4.51427829829118,6.03309424641686,0.618355648249548,3.01910140699412,-0.0371556834684594,4.23887581493021,19.9651839348737,1
"47",-0.707963671727129,7.71124820165602,10.8939384578216,-7.44776621670889,7.20932989697951,4.9946484938951,5.12108701181747,0.0989415199016062,5.12629195350344,3.4835228429954,1.0626061472431,-0.197859872128262,0.783449613343413,5.73986725920955,9.76099116169105,5.74856725858925,2.78923301870324,-0.136473842982879,-0.224144019445184,16.5689274954157,1
"48",-1.01131066619523,7.36385064555161,10.3376998736755,-5.28544587975056,7.32393750828018,4.88853187995999,4.81878302717306,1.53123283456499,0.915266183234208,0.939276862161785,4.52711604577282,-0.560599448469149,-0.617530506271823,4.68201052249698,12.8551842872291,6.05023041578813,4.42079597077817,-1.47398269665624,-1.33877120504822,18.306072244102,0
"49",-1.10933179140251,6.18047574443517,10.4306396447293,-2.59321400247029,9.2544262505104,9.31323948380989,0.253759824569616,2.23538129995693,2.88412566740756,1.31494571519118,1.52122003893757,-0.0846189610919645,3.02401434482402,6.09399880125844,9.36219348795282,2.45201077101784,1.51817341161809,1.84675297750592,2.02420750279517,17.9996260910782,0
"50",-0.266537151958721,7.66322153369393,10.8603030768515,-8.13373814266027,5.56180038054525,8.70293506896569,1.53612357401221,0.865610696196727,-0.646652890022399,0.37542541027082,1.0442748954725,0.193469475245354,0.628261179132773,5.25058300888059,10.9272495477707,4.26214320627311,2.95090960443158,0.154449894267561,-0.397210436509118,16.0421408792662,1
"51",-0.797024378304339,5.21208947434777,10.8986594743847,-8.65683746590513,4.92678107942389,10.4253399401362,0.596766452667991,1.32020879088173,3.51897675568091,-2.77131593623311,3.4077261700373,-0.410198308374346,2.34971892806862,5.40120953841316,10.4474672201867,1.49276048733362,2.13011774292219,-0.44141538507274,0.96704413548472,19.7157670379691,0
"52",0.222817390844053,7.32609346300254,10.0311760808405,-5.17942177804074,7.94522096584242,6.10584341737026,3.47384938324486,0.566324547802397,-0.383715288340889,4.73564223470014,2.76270787477554,-0.512096590822058,1.00353474584214,5.33105015115836,11.9745606550715,5.68388341639343,3.51643311489112,1.04287992944684,-0.372453440477665,17.8804469126244,0
"53",-0.856812440134628,6.29446590196756,10.866174559664,-6.16303382308492,8.46609595743185,7.53532040008211,2.72082542848714,0.844031340600274,3.838934448032,2.63412113675866,4.22107107507766,1.84081514682277,-2.72349143558393,3.31246063191731,7.54630915886517,0.47860723402418,2.97345498551937,1.00474968216122,3.33764375437104,21.1249936814874,1
"54",-0.320079134110882,4.62532132274811,12.7433927882779,-7.32666155610209,6.18500452811632,9.95703459218417,-0.760621214469002,3.42546523748888,2.20790283601018,-0.361179683110463,2.71976704813455,-2.90521484465718,0.484151243674622,7.44434130150934,7.01732670011881,5.11345803884228,2.40773037856968,-2.87050170956713,0.949902559493844,13.7102142719859,1
"55",0.453279936564557,6.31667380087916,10.6355025411771,-8.3949106875113,6.02576398885235,6.44713479667918,3.37360077241715,2.52229473581834,1.28235058221704,0.105358742050182,2.06992312083076,-0.207886738014501,1.08098449305168,5.65482526133905,9.03273117322625,5.11529443553776,1.5292240522742,0.591418187036336,1.65679891990886,17.1308980290808,0
"56",-0.711537245449758,5.186165061271,11.9039148085038,-7.38985120886929,8.10710609932765,8.20609886877085,1.75235084687028,1.44742645809726,1.19078823702322,0.994924870186139,0.869737911219501,-2.24559617273135,3.99750140674883,7.49262071423046,12.6730860638923,6.3082602477499,3.66725511593237,-1.80059061228744,-2.32895200480235,14.131051583684,1
"57",-1.47399834258785,6.35371176502724,10.025062203623,-4.80866939011966,8.73888975122493,7.39828407913726,1.32815099144066,4.66767304114683,3.47522224896464,-1.30506925592765,1.31125934343578,-0.20703653914895,2.30103640821243,5.95651171332227,7.18074684863626,4.30572238676251,1.3808682695219,1.9835013336055,1.68551197333186,16.8911272327238,0
"58",-1.64191427155566,5.27050321204272,10.949264015006,-6.88030703685784,6.26694667020915,5.5740827642163,4.48281795769212,0.774151835808565,-1.97555316460038,1.6120362761339,1.21897870327021,-3.63119108498783,4.71123483887969,8.57933911522675,11.2754949864447,6.05238924500352,2.97308925142806,-3.04030562645799,-1.81572263269221,12.1631558535376,1
"59",-1.30111463467312,4.71024171994556,11.9993500324425,-9.66458270725244,7.0986480643338,8.25978070905026,1.46932846564006,2.74634442347289,2.84794256414523,0.609578310820867,1.04114674641946,0.118308183963731,2.13285961660277,5.99330880766964,6.94747792549125,3.73474280536882,0.185308945614157,1.38097064179762,2.84186175414184,16.6820047732186,0
"60",-0.274948469812879,4.57065063655552,10.8658680551467,-5.92399422744659,5.20775824335027,8.44642560498706,1.64284801305963,2.57233818842609,2.64957754541879,-0.954085231196824,2.31333314205471,-1.9466991655825,0.827317039976249,7.3356672254582,8.37338595670888,5.01699426606243,2.98790740400834,-1.69497558580935,-1.10296975333782,11.5964785298519,1
"61",-1.48426468278153,7.06764794294324,10.2170221497842,-9.9361536375346,8.21533849844396,9.16449109447423,1.83214045827434,-0.507979186786236,-1.45077814355241,1.71162282637574,3.97260591618754,0.752601001860498,-1.02256767003071,4.80530115838743,7.03166866565076,0.565594430445611,2.62328255778642,0.392210938898399,2.03786369352975,17.3642701804186,1
"62",0.48381457837358,6.45063839909015,10.6455498801881,-3.7613327861006,5.30861185380568,9.34086490011951,0.973893404614554,1.64537180246066,4.45852730260344,0.0805526876597403,3.91944487186092,-0.445757803523864,-0.264755252437384,4.80880812374833,11.0793164641335,6.66865657793625,4.00597690301921,-0.417780524682757,-1.04549927191871,17.572573157452,0
"63",-1.83464438559291,6.80071553957048,10.1178686892754,-8.54574907133795,9.50493793528753,7.39493860951572,1.92410585610282,2.37077919696231,2.11198768641871,1.69508579345197,3.06947337986954,0.0618085256843117,-0.536387775807201,5.0841791178003,9.98721788797519,5.98934048919474,2.08358639674751,-1.035483865052,1.03906312483401,16.5561355188622,0
"64",-1.33863815952609,6.32320225726695,11.2294696281163,-7.4772025006653,10.729489007215,8.74296763972237,0.978113015520527,1.42076772126044,-1.45619671642916,1.86809588188671,2.07081491127755,-0.791254480363873,1.62512799149105,5.8842671404291,9.49533833193317,5.71498915046106,2.86114759438765,1.7115757728954,-0.331245679642312,17.827525788595,0
"65",0.317784086248479,8.86360568637193,8.59424906905194,-6.49197136115112,6.32983564134966,9.40154280645487,0.620945581416504,1.91986223972227,1.44192381159826,-1.39128252023666,2.75384782637991,-0.229615265630425,-1.45367747003879,5.01596122879267,7.82222867846135,7.24922839332531,0.824461913995478,-1.60917800232692,1.24462065982469,14.4509891748071,0
"66",-0.973565853129874,7.95020663327996,9.24693939627028,-4.92542280934629,8.8392652800504,7.3022225514854,1.53149485622579,4.13735956974746,6.48815150434165,-0.765665196975334,2.34787656314198,-1.50083087153354,0.586208801846292,6.91407524684143,7.74344715299131,4.13778507031844,2.71363083361733,-1.34199061517544,0.0454682896926801,13.3930167400807,1
"67",0.883596204228235,7.13447324320887,9.36668744111645,-6.68754719252615,3.54904114063396,9.57103354943138,1.39579676504827,-0.569748041135693,-0.988784169483521,1.75216856633078,3.07771154949567,0.638953446389235,0.0576998960194255,4.90394251592891,10.4922735491902,5.59847037137742,3.30253092134577,0.23019359782928,0.542329172117617,15.5209197801443,0
"68",-1.38870344546312,6.57973500948429,10.5897822633188,-5.56448426513857,7.39757705466629,8.66959021303875,1.38568188237735,1.83855579354863,0.182304134866339,-0.497358336234789,2.31941739695514,-0.462183920061721,2.18346645021144,6.50312733481201,9.60309949394896,2.40282186104233,2.99910103164732,-0.135963583882967,-0.439590670770414,13.3640773314711,1
"69",0.164335375938127,6.83898360922724,10.3079612275602,-7.48019490165064,8.0189683572716,9.72422313791094,0.314840719033181,1.41981959028253,0.334311243794888,0.599918665863013,5.48898195213504,-0.159837316871045,0.958552135433133,4.63694781864716,14.3278202408704,2.30482139181056,4.8607764086106,-1.68255801167626,-1.99394810905475,20.7609102092273,0
"70",-1.75846736050522,6.17675185878231,10.6145659822009,-6.85825781917495,7.2029993175947,6.30337225613033,3.62394848589015,-0.176375697704752,2.31493231124601,4.6442106529417,2.13282125753312,0.736409008343258,-0.266837300685469,4.44800501185885,10.7472613414626,4.31426078885956,3.28779256492875,0.420310665612767,-0.25439985965832,19.0736819703694,1
"71",0.458397836569156,7.15679318033876,9.70837193572302,-4.92477613799346,3.2173230794377,8.09674277311438,2.79127782744997,-0.687075033997657,-2.17510250237097,0.7024744422361,2.85766421471816,0.0604076916222221,1.43765675297839,5.10114390648993,10.3956751069292,4.1444688657606,3.62562600723208,0.860772652226955,0.0590596242272515,16.8877016806704,0
"72",-1.97362227638702,4.47798533170683,10.4078414197536,-5.87387811821085,8.04245518501093,7.07242544044577,2.32323106093669,1.94089584624782,2.39487447818119,2.63101605105967,4.64510983198717,-0.140546325591271,-0.604178953070586,4.99066101971235,6.95254656481217,0.613393101056661,2.72509343263213,-0.652227879878611,3.43344388619577,18.6757999415289,1
"73",-1.33915927890523,5.73354687805866,11.0438627904233,-8.6708538287565,8.95634377481811,5.47377126420114,3.63404888563237,3.40644847531618,4.91679950740145,0.832912500616367,4.19400967132766,0.373601378839306,-0.850351237671262,4.76048823104117,10.3993983448174,4.29514403887795,2.88029069772481,-2.8792347154834,0.323916410995269,17.5292389768001,0
"74",-1.89971185689794,4.42844742656441,11.5687042321052,-8.71504060257586,7.88322769121641,6.91696384433177,2.28575408119716,3.01600693395659,2.50822358435103,0.493441303354848,1.45481414185346,-1.52451594758873,2.19834038777573,6.67245005760277,10.5194179916619,4.63853560556763,2.77223951377912,-1.28070551900446,-0.638132639392749,14.0906037317035,1
"75",-1.22865657352537,5.79139152598921,11.548085257223,-9.24402648628496,7.4498598084395,6.39729686631429,2.92744439039262,3.55427673818687,2.97959954748979,-0.301518889700742,3.48315892196025,0.563348124848529,1.99599050859535,5.20887930470991,9.29455803096345,0.709482882976652,2.35747358663202,-0.783878291106647,1.51021661805535,17.5334933872827,0
"76",-1.54528562880662,3.68600678358275,12.5682754043413,-6.93263159264813,6.36535189352191,9.19971946916224,1.61715413241228,-0.768069462715621,-0.668728232405889,2.2748973767659,2.93097697317045,-0.835207315518349,2.28680249586148,6.46335258088735,9.73355403058438,2.25387425834072,3.14807780048371,-0.654836733102534,0.25595335605997,13.8378611469226,1
"77",0.219959195513722,7.29366041586455,9.39888120766541,-4.98110302536715,5.2142204432052,6.9005722166167,2.40065268210812,4.0032151058237,2.3131202390163,-1.97120606326907,3.15390061328401,-0.469079488341417,-0.282479378875947,5.18813300575216,10.7597756234365,6.49676209616387,2.98120357529905,-0.705930356583419,-0.309981512039856,17.5341922811021,0
"78",-1.29528589810186,8.9531139913033,9.28263547305699,-5.65394720907891,7.67044202578278,8.49075577729069,1.10004347757733,2.77441112904932,3.74518521434891,0.862909355112259,2.52991701781369,-1.05911488543002,0.243351565924668,5.49042271773819,9.94920976267225,7.08153147483768,1.71821234164717,0.565193931692402,0.15755048232561,16.9189353404695,0
"79",-0.303957878970198,6.0420065987085,10.3484141984561,-5.62442322431498,8.40865192692606,8.58800267079119,0.385187356209088,3.84178536427215,3.42010064512027,0.0722762591892888,3.5423982481723,0.717518944763222,-1.72291008387972,4.48173737314689,9.7737905104097,6.98350219340424,2.40667929961771,-1.64058081328605,0.736465437508774,15.0591890765177,0
"80",-1.8645012689192,7.06627355531796,9.83935218105099,-7.85820137804067,7.46438044057254,6.09050599333434,3.81803166629322,2.47122901296412,1.19615050713395,-1.55474922532545,3.75625930979395,-0.185811098585868,-0.963863266573334,5.32207968229444,6.53762992249497,1.18354004571064,2.5620326663146,-0.554491561358507,3.32856339583585,17.333789685188,1
"81",-1.01027773334609,7.18569285313471,10.0791759033551,-7.12891114135527,7.68694727060569,8.03878017877879,1.30230306751838,2.63570746671984,1.18101080738185,0.577251056635801,4.26805012328256,-0.398223029475083,-1.33565557271012,5.52361441312856,4.45532088699881,0.279863486283229,1.66775237912427,-0.773866743377643,4.26648659299219,16.6442380596257,1
"82",-0.412901693837333,6.63948667195262,10.2755681213778,-7.19876814753143,6.95693038424201,7.03616390887125,3.04305058091577,1.13093562667067,0.942658010108755,1.64053735474528,2.97421556892442,-0.598427928119353,1.84620011097011,5.39163400205218,11.0349299972904,3.83976567257897,3.22156607623579,0.940581366035648,-0.467120516284304,18.2349180538848,0
"83",-0.384100071445137,7.32400316455433,9.26195109154235,-4.66496406375467,7.83995526242201,4.78274735452003,4.78071049071335,2.08200435287472,4.83094658210662,1.40570713852636,2.82885010735337,-0.599477548454474,0.657625693976242,5.42380927273702,10.0560356096213,5.3156195705414,2.31840037727159,-0.188419330707794,0.0178484921785368,18.4588352953738,0
"84",-0.857067024132475,6.8948248791465,9.59984983691573,-4.93741810405942,8.57070254222928,10.7368355889929,-1.1479238310935,4.03055696104117,0.764517308799513,-3.05551741935116,4.07981982545797,1.02633026484618,0.491282249403546,4.57053861518621,9.58619210890885,0.0605850161058679,3.42293342010832,0.669317755508261,1.66925894373102,18.3529793139568,1
"85",-0.321458214100685,6.19187012967863,11.2386614888489,-6.20223311097708,8.83814365347129,7.0361748583032,1.63561855668016,4.12564616332888,2.895998787723,1.64166556554149,1.59893743421517,0.427644305558275,3.36774313593588,5.86157171327911,8.31301471207857,0.841913795076023,1.13739270233829,1.62789112947139,2.68736147240158,16.7951876599032,0
"86",-1.91519961065854,4.82922525412296,11.349157460037,-7.84871404124755,4.0185598984046,6.41870777772488,2.66279932039678,2.77279570255315,1.07017407663602,1.92831789513313,3.49693753314975,-0.675555966187749,0.101292912837586,6.19060936487126,6.63788807133417,0.848407273751891,2.16275207114022,-0.718803659399492,1.55278688586487,13.1344274259767,1
"87",-1.40733036972867,7.56159430168216,10.0241750460464,-7.03726952611251,8.20194420753483,6.59111054915008,2.79990062065416,3.09512360004181,3.04526647707585,0.982911468125947,2.22712324635892,-0.908206316342733,3.72607476847125,5.78640883685017,9.82166033646691,1.42153736299941,1.45791942864206,1.99287891729757,1.00989288891657,18.66133560477,0
"88",-1.91712194004679,5.10935400284617,11.480510336848,-4.67623817967779,8.534857825328,6.79585116879311,2.56795686091978,3.48586968101617,2.10851309184662,-0.479820056434251,2.84935992127914,-0.495890885700696,4.03466860362266,5.59307548667951,12.302117965867,0.876377944063423,3.76566297216158,2.19264481355901,-0.112166552443228,19.9056920254406,0
"89",-0.0573442009357094,4.95561357036165,10.5546190148076,-3.09042514951823,5.22946253690506,6.62316331033006,3.02290475676771,2.43211945816985,3.4858533708174,0.208837397605066,4.19889239029589,0.513510413540944,-0.248357106738123,4.55555355116793,10.9409533645166,4.70923996708548,3.9746588168823,-1.35836447809461,-0.434354396122417,17.1752907204846,0
"90",-1.74258474045151,5.10375177446344,11.0345263619506,-6.84621597075033,8.48434792058005,8.07586512142147,1.60719423075618,1.71250024265764,-1.82598579015517,2.74523339489103,5.04286797901536,-2.137845933378,-2.54915068306405,6.21118923920564,4.45230925829572,2.86921077615168,2.79803853496611,-2.80716609491397,3.73321000474676,16.9794569514613,1
"91",-2.54655998167042,6.8662206421554,10.8874035915058,-9.72799900248964,7.32132660990014,5.90415433954163,4.9605371658834,-1.17660563876236,-1.30352486590304,1.56536260363722,1.51663634199045,-0.386690049607255,0.964393474456001,5.83192176388229,7.49363161676968,5.95590458322514,0.449519799582495,0.917930324227146,2.2310253539924,16.6767611223773,0
"92",-1.91206665759788,4.7567851394585,11.8986743953934,-6.68383324755704,6.35318621641448,11.8435076530249,-1.82110831814292,2.79215625722784,-0.97776294123345,-2.14534754468677,3.96647386663896,-3.25010572103601,1.84058118730881,7.4037408089818,8.48934011182579,2.47863383766867,3.01992597803326,-3.42014013556344,1.97831735576467,14.9810049625832,1
"93",-1.38859753845772,3.75553552401454,11.7881391581341,-4.71184403988063,6.8360256911424,7.92512032242202,2.23314051504259,0.841010646950649,0.558693029487594,0.786941922325689,3.807791951616,-0.326249193327397,-1.2910768157228,4.76070073725743,11.3993033352878,7.41108672475436,3.76202337721653,-1.53626060905826,-0.649221167523048,17.2189984736488,0
"94",-1.38385539833573,6.60531610306145,11.0296482610867,-7.09950239898909,7.78897734125155,7.18238145816284,1.88873759631719,2.04475337895646,1.9496795733048,4.82047238505784,3.08970559475873,-0.169752892435126,2.42077552548614,5.06887358848431,13.3354455382887,4.18663507980225,6.27947136314832,2.40170751110348,-2.11571037276009,18.5788417455412,0
"95",-0.398409266727391,5.64796371314409,11.6167145986691,-9.59367727318012,5.37027399924438,5.57145610590514,3.28265245749357,3.99940943170024,4.77162356024308,0.217610706626041,3.6040658020026,-0.357983166439258,2.45080523397007,4.97029292388786,11.8651824894837,2.83272313703446,4.64289603693094,1.22749502737986,-0.786830511735385,18.6870952852957,0
"96",-2.50261337690034,6.87937237751663,10.3520034634754,-8.66897600143305,9.1158428827907,6.92276769582696,2.83099238667439,1.93379132388045,0.744761017579604,1.0151602762432,2.25602498716935,-2.14909189262955,1.82299595957758,6.92089080984364,9.77905636842285,5.25382855212087,3.06416772736007,-2.07664591339676,-0.473139613827548,15.584556381082,1
"97",-1.23754008012826,7.53891975017089,9.14071289907678,-6.32907693648169,7.08501642744379,11.3187363805524,-0.368994700769879,0.0855113591185925,-4.56674713625291,-1.33614338717275,3.33974080312423,-0.947421320884312,2.01201549404551,5.29193578208126,12.1872644161631,4.14431360371178,3.98080670891777,0.861867647127538,-1.24655106618839,20.5162790636396,0
"98",-1.59274323476235,6.99548246382624,10.6890573886269,-6.80793991709607,9.26215094661301,10.2368580695595,-0.181007558271027,1.83535235390886,0.990549813157093,-0.121454713192798,3.40441226216433,-0.159973131963978,1.38181798230752,5.07123823092107,12.1860658592765,3.25870011718706,3.25314262006717,-0.0305259155413828,-0.511689612618573,18.7043839599809,0
"99",-1.67819481265929,6.28425062246736,10.8643019981132,-7.88062987320725,6.10263411422301,10.0959167163747,0.234070127719818,1.27848598407557,0.100995331342002,-0.169457386551033,1.01989320997735,-0.66335427350412,1.91594779347093,6.29650142232466,7.61411913546726,4.86937315510407,0.514062029996305,1.45431916321194,2.10182689323821,17.0169108917015,0
"100",-1.19999202684932,6.10265982822099,9.66065673513011,-6.69830262606329,5.75607026757723,8.09256302057538,2.8808839275717,-0.277086101461991,-0.0263546800975938,0.0357251643691781,3.69848326237151,-1.01410365083079,-1.34459589229334,5.65733816929319,7.03721158808472,3.47606535907885,2.86841466798824,-1.49137578821432,1.75701792892226,17.7733035315661,1
"101",-1.03483819582831,6.35002863322809,11.1124038730335,-5.78013706401271,9.3822763445656,6.07302433034199,2.75803882574598,4.35150783471637,6.62396000269273,0.208302874230326,2.33643504982666,0.499642819474079,0.00319931997718981,5.023610996605,10.4212764550498,6.24120592247856,2.45411406452052,0.612841188757804,1.09899022389436,15.334755682039,0
"102",-1.25699363975603,5.11590439004805,11.018559750834,-5.03619848733813,8.52597664610185,6.62576095245104,2.52886236663994,2.86226815935189,2.60739486736502,1.48822240694177,3.00807292212432,0.605215314780185,1.2712386864951,4.92191843216579,9.47259946548436,0.95316651749679,2.87378222443311,0.409767137080232,2.35155278963459,18.2939792230062,1
"103",-0.720527236512914,6.0905361425348,11.0006081544983,-5.53234205631722,6.66855059540553,7.31599054142645,2.60027633506157,2.31686215784042,2.59867134812104,-0.249047429840651,3.38013553676131,-0.57120760890459,1.87956207778599,5.06273599269876,11.2316530384578,3.92844808040131,4.16528388846683,1.01502791100116,-1.0713032790163,18.6321896143815,0
"104",-2.23137135485277,6.34762949041544,10.7141308403344,-7.92922360588111,6.3437432050428,6.98760014549605,3.24154443575231,0.136964677166016,0.47002130637191,2.15735910986119,1.79209244266822,-1.07358689139283,6.55918362093675,6.08011410786959,10.6564273534442,-0.478684003359434,4.18844367437444,4.55369408416975,-0.654278380711317,21.6659538413554,0
"105",-1.52594941440281,6.2756059779907,10.4804671257969,-6.32870369537824,7.37392862819611,9.40751916327233,-0.376684376071159,4.1627900526321,0.946734617638378,-1.11416596044754,2.30678439956062,0.747390146089259,-0.321021978257653,5.29316715098593,9.4675834555805,6.44381664486531,1.75180944558345,0.366434996696358,1.68292815942192,14.6615797017405,0
"106",-1.077445935961,5.30285746641934,11.5911518257139,-7.60617822549169,8.9065510098511,9.08301886888603,1.47624615305999,1.13810602745577,1.33208470771979,-1.96233511742683,3.64782129800044,0.537065232014411,-0.960424457767488,4.5282346731402,11.7955527996963,6.39371226813827,3.78453477895388,-0.882606968212238,-0.184584552315673,15.6985588391079,0
"107",-0.333348034497862,7.79002653274285,9.60126862857182,-7.1949118916858,7.30173827539431,10.0162930861612,-0.588990257019331,3.49646483492671,1.01679567111372,-1.08388287193643,3.51426089016679,-0.542893300409265,1.60420066366417,5.61444836420876,10.3951179947976,3.35209075853382,2.52096811088278,-0.427666912104906,-0.174857060684889,20.441465532757,0
"108",-1.62363417814815,4.21832160939429,11.6928380984675,-7.79878930765951,7.04837368164669,6.40942772745861,2.48442949008419,3.38727526268406,2.51819154927663,1.7340935623872,1.8167925496608,-0.202556275119654,3.39328647148104,5.80650023805496,10.4442395186183,3.19901486559831,2.7820944131758,3.25045603043477,0.140111113474581,17.9233636313215,0
"109",-0.779985263066456,5.6481127679914,11.0960235216034,-5.1262672326048,6.71269106079296,7.62969886278164,2.54994350825114,2.09877515740999,2.8806784681525,-1.16733164326799,0.284632671103241,-0.603662590478035,3.28739717268006,6.45252292356149,7.19484782357358,4.91497146857903,0.552497492730864,3.99338441271042,1.85412942428578,16.9612028426362,0
"110",-0.323209670403413,6.18423666330479,9.75104218045431,-4.70754385783855,6.60496503105775,8.83620988761508,0.471261759426566,4.22995457960294,4.91371511353429,-2.21102088690259,0.567838025829848,0.153596205375847,2.38455759214549,6.04876036538173,7.0472378025081,5.184507236712,1.71842872306774,2.98866994576233,1.88041527427997,15.8052554595255,0
"111",-0.0660372440372079,7.74563141215415,9.44857809972464,-7.4237890219749,6.05389545261227,8.44814203585239,0.377944739249989,3.56513841029015,2.10524320063171,0.800039423610569,1.08790968636021,-3.33895521543558,0.152871449379335,7.66724103596496,9.07209871135471,8.40647656375781,2.80601773740142,-3.31788529808739,-1.8583965341785,13.2089757322914,1
"112",-0.243506970982213,6.37907643855151,10.5119965472423,-6.04517241366826,6.16634362310288,9.30588295411656,1.33431228875507,0.962993673034145,0.00218020277195619,-1.19330089638018,1.68870046618417,-0.129706030179142,0.587729385657941,5.66689233273019,7.73658879757211,5.32833665468208,0.601632207671834,0.0663325889307259,2.33175163161269,16.2303005700565,0
"113",-2.2761932231003,6.81785991265117,10.2083005291842,-7.56689202218052,9.05330033053765,5.96846777031971,3.52773802825864,2.91588116159336,2.61714454960909,-1.30971151067818,0.97437472228282,-1.10946977049426,0.00764433367022588,6.57419027994984,9.06160338982451,5.76773264796073,2.64366739647774,-0.920177688175647,-1.50997833134231,12.3038495468702,1
"114",-0.764654367537083,6.1441868052222,10.9818210372023,-8.26120002865132,6.52782309891127,6.47299451545707,1.98016509479576,5.87665357872655,6.02779178409003,-1.33334491960198,2.25940402686475,0.542420015596863,-1.28327288903073,5.03831957989479,9.62958818591465,7.36785233081435,1.36224056476635,-0.542175793685337,1.77337241880681,14.2595748783965,0
"115",-2.0120229089945,5.19160181677791,11.6857957006114,-7.31332478270379,5.93761563586448,7.16991142838235,2.50547461112821,2.23209662211592,2.99475358720394,1.09878551494678,3.93332914043986,-1.46045410765017,0.96159648023869,5.02084822259525,13.6304312276003,5.29955423656268,4.90673589602979,0.0852565274404818,-1.99457258836637,19.517590632157,0
"116",-0.967036627163503,7.90422695830778,8.43433887413985,-5.36547213067172,7.15381086781784,6.47857188493796,2.33679098053483,2.98814584952592,2.79958722722929,3.15790800065822,2.60223620049696,0.792536447762162,0.572142512164635,5.50358281233322,7.57281928846406,1.12530467626375,2.20024318154758,0.936132434961988,1.3002157965762,14.0006626621375,1
"117",-1.60111048717873,7.05681200438217,9.24557442098559,-7.74467114974194,9.35699300015272,5.9883224170982,3.10324074109157,4.91276947019195,5.69247309564014,-2.84406664476175,-0.259854508311456,-1.97064241599745,2.76706688896016,7.44103382736393,12.1492441674174,7.15928394492332,2.893418091403,-1.39483356737386,-3.43147362277498,10.4104673626417,1
"118",-0.806114768374888,4.75073122112724,11.3487226217984,-9.20253228334077,6.33218016163571,7.84835999350347,2.87801391044768,-0.00549662358898795,0.758082859907811,0.897838190123741,4.01715411808551,0.724443141358203,0.0751847575843381,4.71089664071635,10.1328672149854,3.77472095222603,2.94614799046679,-1.44539237319501,0.659935451101829,16.8418291363675,0
"119",-1.34313199848388,7.64817993359378,9.99835586827852,-7.0180488750495,8.43962126614005,7.99571844627232,1.54252849669731,3.91313519106788,1.86375946124603,-2.26326271842405,3.88914268124115,0.49471982990967,-1.2202357827,4.67248610972383,7.87124049303388,4.00517509943424,0.206179118019265,-3.61915515894763,2.10093088194973,16.0024696664035,0
"120",0.0722915560070376,6.96871058308171,9.62235654689379,-3.80599708984149,6.83836934548637,5.5714576128381,3.90019568707941,2.49759303001707,3.96802593100246,0.630995372388619,5.15825598147827,-0.350057418240493,-2.10786877697595,5.18456780561529,4.14235802784025,-0.120440625588597,2.10836731955968,-0.962558874716037,4.81645691423236,17.7067136921728,1
"121",-0.402971369701127,6.55817815109452,10.4164340239122,-9.84094914415225,6.18631394943655,8.8922767728482,2.49359803907229,-1.50510245726909,-3.24339359494727,0.368981365400848,3.13461284929751,-2.24267137740552,2.97592322969837,7.33755060520881,10.505629791012,1.77612197760013,3.338287479775,-2.09229267250832,-0.290332446058102,13.123767310995,1
"122",-1.26936666934471,5.49780100654136,10.0373368340656,-5.53457414233821,6.3016204768067,10.0452319304983,0.30382729375786,1.8366742102989,3.76640152732911,-1.14782949534565,0.839861334461804,-1.25929840165198,3.37215362846848,6.91815465882269,12.8463757297612,4.46820574481529,3.54648184712555,-0.797435839946184,-2.54174114843936,11.9952872268171,1
"123",0.365781601354225,7.61403505585886,8.37345925119704,-5.84690844793386,3.73548701472723,8.08079387611278,2.49166276627554,0.199027836209713,0.241379598945046,0.763728063865567,1.70982038148262,1.01831229785878,1.19241654733906,5.20970323636401,10.054482517578,2.8843289510529,2.816356069175,1.25853847328186,-0.510820946705232,14.4994873999686,1
"124",-1.07389836613241,6.92346275304783,10.4145538002291,-4.76203004915938,7.77740452335273,6.44226270910768,2.09455494519922,5.22804016992147,6.44720991984622,-0.0262668873809455,3.07241795015451,0.524101876226903,0.640248705189661,4.80634568841441,10.2875231892535,1.95687341005698,3.45012158562523,0.172439417453531,1.29418558906382,18.6943081815525,1
"125",-0.333979647617621,6.24291299160097,10.9402823471459,-5.94699871067401,7.28635977504111,7.65582846396131,2.94967093391181,-0.346528635380497,-1.27588047943401,1.8505531582294,1.69839299996993,-0.181081525544923,2.96918529311415,5.79884898307532,10.0839191469493,4.30155889781914,3.25159270022268,3.063287779564,0.646911656416106,18.5194864810289,0
"126",-1.63236039052895,5.57209411064678,10.9622415732865,-6.0614341046079,9.92284170129227,8.09372958764538,2.64267164906937,0.0173080844581608,0.832192120740896,0.965526636607539,3.13291695096149,0.983928203535501,1.75923310082914,4.84964870777277,10.2034009482055,2.67331150626313,2.98985897209038,1.05580860657409,1.15717224130216,15.7875677898893,0
"127",-0.739922842044251,7.19598428815116,9.67740974214653,-5.94250543355651,6.7582707181289,6.03846954856592,2.90755320424003,3.72326158720615,3.36443492708009,0.477372874119745,2.3926435274176,0.180706583439055,4.22238204454437,5.52081645626026,11.4241949922451,0.607417521648224,4.33948850426946,2.58182634658265,0.0739660477237589,19.0243011622006,0
"128",0.16237107143036,8.60113226629381,8.1379869433896,-5.0494894640412,6.45647420496224,7.32577730645266,2.87523640198552,0.895425780341738,2.68600933681756,1.35224085004466,3.08740538917407,0.903459325501047,0.498675984645767,4.99974260403897,8.72964424363844,0.861438568832125,2.65280321789309,0.815708187523488,1.05102475717774,15.7604477059774,1
"129",-1.89488470534261,4.70332062949823,11.0508293563698,-8.2372130275891,5.98973120969451,7.03684024667979,2.87462453225135,1.94298072445832,2.13420751445904,0.37585853741542,0.315004530338874,-0.0331491592935952,2.3654232053814,5.98890714421272,6.20645864084251,5.21584373856116,1.48166270087976,3.01555146909888,1.96275874190052,15.1455235144366,0
"130",-0.680096319612758,6.33084951623209,9.5107347503206,-5.82600947991505,6.80089861853886,6.79145535704564,3.089840892593,1.9210894073995,1.739074488132,0.539432683960382,2.65723820328355,-0.30617111832652,2.59104501183863,5.46413424739917,8.09064538838361,1.8484098068062,2.26110208008438,0.212794101711,0.538903690259386,18.8872873935068,0
"131",0.109754757500393,7.09420687398653,9.4766482998066,-3.6401116418219,7.21521542004829,10.9461135012909,1.13123296115396,-2.18363412264792,-2.54521330885237,0.120332128559796,4.21090427115253,-3.11892209009214,-0.870066626864312,7.24595043284458,7.20926761865242,5.53011632057858,4.05692929005261,-3.51796988595144,1.12445036062104,16.3033294344664,1
"132",0.223292934595627,6.05043668746939,10.3259373407261,-7.08772267236354,4.81137246403648,7.03137695064411,1.79515332509342,3.91407827609881,5.89727797278874,0.44316042207983,4.0849698419917,-1.98321395345598,0.241025046676329,6.84305833326715,7.5811614066984,2.89709251810758,3.31619285762053,-2.13239885294731,1.17299762006724,13.782880892452,1
"133",-1.30661075010011,4.89439252817996,11.218417477067,-8.5026945536722,6.68917984704243,7.20504917303172,2.55428055641746,1.14144321880089,1.9672640467652,2.73432731684488,2.88731665619728,-0.0264011338481208,2.51398465326164,5.21683496326742,11.4769211562074,3.14313758626886,3.97346305713265,2.03371108086146,-0.314131376223642,17.5074621114929,0
"134",-1.04761751846994,5.61643115908176,11.0473014344147,-6.42608417157379,7.09501750042423,6.72456823409585,2.52123218712711,3.54183344221786,2.45041118520056,-1.50086330813673,2.22111675751148,-0.60951057676336,2.04079709954293,5.58416979828536,11.6302980583026,6.08970640098743,4.81176342003962,2.93750301538154,-1.44946083695616,17.7102460652124,0
"135",0.277974577197737,7.42698975021561,9.20782037507292,-6.26663410733888,8.73893821006528,6.02931117666507,3.98677928153184,0.175860950677237,1.67391210191052,2.8802352384668,2.96312167354109,-0.77206713218554,0.67233796485651,6.3906459716915,8.21790965693853,2.21693854072406,2.73347070067671,-0.774358496867983,0.759343745542243,12.5290891677316,1
"136",-2.38391370116325,3.84055132898715,13.006009886632,-9.00547598824528,9.54723532437369,7.29481516545894,1.86869251240959,2.70104271095418,4.12290584794681,1.17478680254093,2.81508707692485,0.313213019176785,0.464781811290259,5.2606960053037,8.46017225397568,3.90955811801417,1.81959107892051,-1.13681497547171,1.56467341799155,16.9167280032522,0
"137",-1.50990006509529,4.8963660373724,11.2012495639494,-8.49336321685959,6.53113521015947,7.80529348340857,1.46843651181392,3.96400325759786,2.80931363399857,-1.3704005456915,0.925610908956872,-3.48578641369174,7.43061947504733,9.47255299309832,12.8969484532735,5.19814854653533,3.64375959701785,-2.31465341212846,-2.74590339650267,8.74964523580287,1
"138",-1.21052658423698,7.52199713982661,10.0590893837994,-5.77843550802108,9.4543347704111,8.63107166129608,0.861976099195649,2.63564657179859,2.03201888021934,0.108607581737162,2.26370569455631,1.54923610326014,0.612211365643557,4.45914952132992,10.7612765545961,1.80666580420884,3.25296800100561,1.39629599039757,0.42838989670259,17.3509680674385,1
"139",0.280369603229722,5.6950467233635,9.7763298218704,-5.23264228962861,6.13838226437843,5.27540761669236,4.82545819300431,0.460360315887421,3.8696821533602,3.35632843685951,4.67097714822478,-1.72124484227129,-0.518284966827523,6.32355409091815,5.23498257654404,1.60516647031226,2.33337428810932,-2.1251479467666,4.04458667569873,16.7252056882502,1
"140",-1.42912609237633,6.88117431676778,10.1079950762234,-8.46209848930433,6.80927054092114,7.52771079695567,2.231915553228,2.28408793471143,1.1772003220485,0.595905869528798,0.831005466949881,-3.18039284973849,2.83561515086634,8.37900758113646,10.2913081742339,6.60647545935918,2.8305079627314,-2.63962103947113,-2.60610520007636,10.4527891303885,1
"141",-0.513532298217713,7.919032674986,10.23391117834,-7.8973829195414,7.35698089125773,8.77711548171856,-0.0441880194949542,4.94365560742472,5.00822504132447,-1.54543853454743,3.60915086821824,-1.59780565551714,2.21997976071938,6.56183441324691,8.14658052264953,1.12962676950149,2.4022042860896,-1.58355558703736,2.38510958193939,15.5652067157777,1
"142",-0.730799625476637,5.99195779150352,10.8785478716865,-6.80114381008242,4.95521895928513,4.57530649517541,5.0744227037202,1.65587834251182,3.65978800732289,1.43752450112528,5.48875854869358,0.30188347263875,0.239181876948749,4.85066469282062,7.00125865768319,-1.01481531511416,2.95437806411725,-0.167706156358607,3.77863365682464,20.0565303139966,1
"143",-1.6306033406681,4.73940305634257,12.0214454877981,-8.55822372551238,6.78099709158939,4.60619385400281,4.9065820671277,0.801645309900125,2.49589565738285,5.13695844298919,3.49260533038748,-0.942700735393665,4.03858551271198,5.48450806474202,12.8842059904323,0.870577578486209,4.73329691139613,1.85696811991598,-1.45969396258927,20.9879675413314,0
"144",-0.827820307462847,6.03416694575402,10.7572137281597,-8.37244062061303,7.32499699985297,9.12194164530399,0.889788834227298,2.37353575633898,-0.268276301587065,-1.30847485446904,0.776693906183306,-0.33579763302492,2.91433862426034,6.5921395427707,8.3993028498356,4.30358678652083,1.09989699246934,2.87636682521396,1.69962250748922,17.6313399356995,0
"145",-0.458268397528356,7.44606125544575,9.69399498153923,-7.84579689393906,8.73626209432043,8.44242600792448,0.956151705920304,1.87317721323273,-0.529389383245621,2.53202846832965,2.91997299586919,-0.0262677652365538,2.58848886820143,5.35243905190735,12.3468548721644,3.04856287199321,3.23916939318298,2.07086662643959,0.222859836090928,18.0106855135815,0
"146",-1.01535839595518,7.66602115243167,9.44483405320643,-6.7868723135922,7.9041710420985,5.823526454937,3.03729293696242,3.44145792883802,3.65489990585322,0.702693961714484,4.62156479209856,-1.85874845444908,-0.300804998243371,6.57123695933148,6.50759972578266,2.30725953712404,3.1397136124874,-2.15467375845872,2.02660265615139,15.6421514633814,1
"147",-1.11390225844124,6.01634377866755,10.3852970190022,-9.4446386960517,4.60859540423632,5.96101849999528,3.13288550079811,3.76116349999879,4.7935628365705,0.644063157166477,3.2893788671604,-1.97105787224949,-0.109761842488666,6.66561370670648,7.84735665772902,4.16950956584904,3.152722040147,-2.14884936152893,0.674798583177581,15.2738620933542,1
"148",-1.21469500578186,8.28657547081687,7.82081562248947,-3.71318684151839,7.92021827081247,7.94187277586772,0.507081356985184,4.58007950529206,3.7392149471835,1.33562020345949,2.61196428726409,-0.157046096320286,1.27330394885025,5.66915925560312,9.4978919062711,2.18314659830791,2.81904112193086,-0.163246541006669,0.675539170790907,15.5606094000888,1
"149",-0.780056371753868,4.82305004066751,10.6842955474038,-6.22858537572855,5.14680309695571,8.10493670270158,0.495086937950827,4.5851607663408,2.83685256038927,0.434291938635141,4.71563571970261,3.43928297190827,-7.30003893344581,1.49662804607903,4.59751301594917,0.720480919429347,2.76096259505477,1.96376186812938,5.44050786589582,23.8571078524988,1
"150",-1.37100427391471,5.29730062267168,11.4494840600065,-7.50764175213339,6.31664063673578,5.43715301779414,4.1756880353584,1.86176042351482,1.81287170595263,2.96043700499078,5.00964609130761,3.99087899091091,-4.43648023133843,2.13793535004405,6.42252154401329,-2.3633806560375,2.85821307362248,3.0187016018168,3.24196694930888,18.7364353988231,1
"151",-1.47431384015569,5.89620785999439,10.209638765817,-6.19925810809056,8.98640106250186,8.49746273796916,0.984063916968568,3.45202866320885,3.99555873552155,-1.95811018443977,3.43496306738837,-0.0994195889486457,2.21679541433457,5.27563954164748,10.8084716543053,2.00623777196625,3.38749533359898,-0.0839568840452466,0.170113047378104,19.7520342218683,0
"152",-0.0934955391280983,6.55530956725729,10.0416817025371,-4.4261397041603,5.93325935296644,7.16438859750247,2.47893567975419,2.2212818580389,1.75187331586338,0.660946323724031,3.54608895123741,0.35130015097199,-0.575594251326425,4.82113872148935,11.3297222371548,5.76112670223879,2.4323939830635,-1.00146099992384,0.623803348466384,17.057127567766,0
"153",0.0202459792025416,6.53788765477285,9.74387272840405,-5.84199250840905,5.05272162719856,5.63181947258868,4.06130980266237,1.92919332485608,4.58310937065812,1.18203457977388,1.62044719518545,-0.502894882856435,1.32196709952638,5.82278784089999,8.01391025836768,4.58445342593608,0.495030008079286,0.455863642042668,2.29603669389078,16.8930825871755,0
"154",-0.905233500445608,5.08896792815009,11.1770390742443,-6.82836225926996,4.02488040011078,5.73440917351408,5.00534283712161,-1.8998148040059,1.37428492734257,4.86074294106024,-0.310033788222674,-0.703956176285544,4.50668068548983,6.71577739421884,13.525656165539,5.78308130695246,3.03626309921457,0.0336228861538718,-2.9087256170928,12.5234678103396,1
"155",-1.1834239055638,6.90672317599555,10.0859782824597,-5.91928596792566,6.62926832259615,9.40530871262582,-0.111125978374241,4.44673395326124,4.49706126228679,-3.05161863073599,4.44523491977286,0.840816154613452,0.225587010043185,4.42487633695575,12.0116611201464,3.15400835836765,3.50183201582391,-1.3720173426237,-0.0425221858520304,17.2930754231664,0
"156",-0.362382686288434,5.61379038400272,9.97588453435563,-3.79080300437306,7.55389064334199,7.04926176941465,2.15593187307946,3.42544980314871,5.29530623743716,-0.031110404510179,2.54855791277055,-1.29307730315993,-0.458569772349484,6.23940953060392,9.02200184937317,4.80521743900329,3.31397613338275,-1.52976682876865,-0.103365976656478,14.6461200421149,1
"157",-1.02579227254312,7.48192038881473,9.60830300301757,-6.6503409793134,8.4344772729007,4.16827147934022,4.32070037691729,4.71305436504029,6.35131802583129,0.980128736237972,1.67595993480235,-0.152045771870931,1.88361565361556,5.57800746979106,11.4935136335527,3.68323479636023,3.44925138718763,-0.0798189540578609,-0.37962255926429,17.4923711237733,1
"158",-0.505224548310352,6.23765497803396,10.4446976822381,-7.03793988284713,6.44355078741261,5.95177170842945,2.47816775655012,3.80280067298048,0.887148488607584,2.40357597227727,2.9677738123078,-2.47317334871386,2.43695310681457,7.53355940639387,9.08508527052198,4.00246142361616,3.35685624672973,-2.27116769705345,0.653909905534272,13.8538134624738,1
"159",-1.18736904800662,6.73347895010331,10.8200332084057,-9.23906015356208,6.44905055985454,6.99964647867788,2.06676174391289,3.77890107058755,2.92105791478847,-0.982669238743337,2.8598028314562,-0.979832416342234,-0.296144523381054,5.40753265627568,10.1825008818383,6.99884690912168,2.21860771572645,-0.570762417795632,0.556968651441329,17.4563041545939,0
"160",-1.0515305972994,6.70884076571083,10.6099781979546,-6.37595983603964,5.45718741708524,8.82412237990183,2.46151720913472,0.300850815298671,0.235078169157617,-2.08471321808849,2.8011479831998,-4.52943488236941,3.84933322770049,9.24516539084729,9.62858233910307,4.78321164214277,3.37973643367823,-4.0350852884693,-1.29729586169391,10.4536550483722,1
"161",-1.39937366379067,5.24211508851557,11.3652177920574,-7.97768541850837,6.19626849896354,3.27864990931185,6.66358482054087,1.18128177856377,4.37497437001989,1.47917960733838,1.68576431723318,-1.18580513964231,2.25798086237687,5.99567711872602,10.1034777426941,5.98604643413981,2.69007821414718,2.58963332305328,0.128323952867111,18.8591325299636,0
"162",-1.03412605064828,7.03415758707899,9.91263505030003,-8.2336659605451,5.327788644967,5.71234240500589,3.30687163256374,3.87336315412828,5.57490974484633,-0.599797498077851,2.14139374874134,-0.471780220732299,1.6224140049533,6.4037160445692,8.09981362283531,2.26542245805059,2.20264740057739,-0.210316355337776,0.908054222822073,13.4983222820363,1
"163",-0.730688372718235,5.36728599159252,11.5493929538593,-6.94032686174647,7.40204808380454,5.78526107738321,2.94974879611758,5.13663424529422,6.01739474854789,-2.13747692199117,3.14523389028666,-1.00769148480479,4.3849854978753,5.92111289761446,11.2099877092225,-0.122085937995227,2.93242829923195,1.37303786053414,-0.248017400744654,21.4498405303452,0
"164",-1.37443677997715,5.97667241579847,11.499606182802,-10.0909626658101,5.32331966972403,9.78413618444009,-0.0151115796832566,2.27454775081861,0.88578280664592,-1.17446771644555,1.71387429688036,0.14955669370763,-0.785880388365744,5.58718974307774,8.88589615321416,7.77208600999784,1.41179440885288,-0.164970136568491,1.82481280873521,15.7672853432218,0
"165",-0.878119221884244,6.92511819899683,10.7463487653265,-7.10511932056525,6.64939404503007,7.87818478461013,1.2189550101497,2.20138487606088,1.50697994226848,2.88944931619378,4.20852976662984,0.245808538153519,0.366976913357967,4.65903025505009,11.3141715213265,4.66264557035877,4.70946568903648,-0.596771992817477,-1.04565965569151,18.0042825262073,0
"166",-1.59348712196989,6.40436320614835,10.3045142299057,-9.31013309361717,7.84477733324498,6.49033452088138,3.31688312595077,1.44933180671331,1.1896465499905,1.06218072034912,2.56592684345849,-0.618543289997453,0.601992090644732,5.91911728306864,9.88733460804461,3.84242834633329,3.36577114798489,-0.673667167658283,-0.469611932404606,15.5059139017108,1
"167",-0.880626054493922,6.20145524381403,10.7348484441612,-7.05152069839216,7.12324441110335,7.99963430891761,1.36229171830072,3.43962590789077,4.72423074593525,-0.109232771745386,2.92876790386266,-0.87846142834186,1.21630375627761,5.437930430748,11.3245261408942,5.01546734394264,2.3014374717602,0.539652344208198,0.244779095032723,18.78246300554,0
"168",-0.603333356989678,5.56571873597531,11.1172527712093,-7.13468672506096,7.12200329480299,7.3920540521575,2.5525597408864,-0.132794607213433,0.576584804349761,3.83281525737946,4.73939693687097,0.828640514913506,-0.529348537576815,4.12790795894497,12.3537091507162,4.15504955973474,4.5706337901718,-1.67489998719599,-0.676982135180698,16.3898745396384,0
"169",-0.707711488172611,5.39982740260708,11.5457632771009,-8.51371417535899,3.96786976853949,8.60766976248697,2.24602708866112,-1.04174753282226,-2.81995282909158,2.1345499021984,1.30838922383923,-1.53588178859809,4.05561228670297,7.00028890761081,13.7336218382252,5.21799295457842,4.13439337224218,-1.11643675865853,-2.75913933799418,13.6165770457415,1
"170",-0.783533609134693,6.69626292042908,10.9578572561155,-6.77594957253779,9.57759353940778,8.26823107993287,2.07554561570861,0.0918691204551645,-2.11069469044175,3.2157378940531,3.70028354301826,0.113207146998326,-0.85026489133681,4.63689239688653,10.2497192716868,6.32466223606123,2.89780777006598,-1.09725503151763,0.0224405837843712,15.9782958025486,0
"171",-1.35844105026602,6.38053696060112,10.7828749200378,-8.20491706542533,8.73654399077985,7.83896552009363,1.62202960779257,3.15018264961129,1.82072798750366,-0.00423709342522394,2.48540084418211,-0.923431356302026,0.324398231164189,5.68963680174256,10.791075371566,5.45069845853373,4.00118763150335,-1.25494800092889,-0.156524979605233,18.5832691395854,1
"172",-0.469167216580665,7.75060590358264,10.2902288330798,-6.32806344344206,8.57451673373518,6.45853230760197,3.18731289814089,1.36067008833401,1.81302479399613,2.41623419414033,1.35566057229217,0.708780458850641,1.75333890100246,5.34849086389981,11.0238402862991,3.32762820361432,2.93030400801477,0.889263555644034,-0.905506393431092,15.7752542366176,1
"173",-1.56051908806603,4.63102311847544,11.7914723971906,-7.73053532326707,5.57227886829473,8.99134834169655,0.522535530775195,3.7885540838962,4.73917407524833,-0.724429395762005,3.08865726843577,-0.415511246227535,0.798031707659046,5.60144154040416,11.6782535610609,3.24682386802255,4.31500263300663,-0.670512814943032,-0.91679368315632,16.3763058530298,1
"174",-3.24470828291908,4.45461160879817,11.8543787847892,-7.61430401666043,7.4366080592144,4.49357752500161,3.72500262255729,4.93218003540251,7.76711304643368,1.77284244616571,1.09806536130183,0.034198547550317,1.32348785063488,5.82539550053735,7.93056127777833,5.42164610573454,0.787513462598246,1.41278798560463,2.46137516037891,16.3884723927804,0
"175",-1.76928366954866,5.19903836769805,11.9599168551609,-9.58081560350736,6.17715673689275,10.7507467263658,-1.05021660672994,2.15803942018705,0.542892955361413,0.190326298366347,1.45299317387172,-0.036657701831041,-0.346263696807193,5.60225560372426,9.17028882568711,8.05116099410611,2.13099563021908,0.815287584062442,1.034202516957,15.4456067982367,0
"176",-0.2524210555397,4.76961069118356,12.8874671236059,-6.67281832035467,7.42672295397533,6.78009511512064,2.39387593995398,2.85290365117052,1.71317869374544,0.69857363152697,0.829066101746345,0.277040951117886,2.73831795628527,5.68556114927268,12.6679829146656,4.51894808164415,3.55952316984044,0.573979121065752,-1.77002373900379,15.8126332648791,1
"177",-1.0264132735569,7.65060263189296,10.0797490615805,-6.48349508185852,7.53232485890828,7.7092640355434,2.52010362646878,0.888534155634236,-1.31884490328795,0.515332413411239,2.0036777613168,-0.434862776985932,1.08013563901998,5.52652151710098,10.1922180211446,6.34350211125083,2.88559889973309,1.84014166442952,0.199614605162401,16.4768317047618,0
"178",0.287870299511191,8.17156433380301,8.35390307562606,-6.61318137699345,6.51147606328296,8.07503294963286,1.57056924282072,1.34580330640646,3.20686375436925,3.33145479636478,3.39448254820904,-0.257611792459282,-0.987268662918844,5.41939017078241,7.6710753657181,2.60846832860648,2.64834582958375,-0.567865051876586,0.923589440160877,15.6996918406917,1
"179",-1.48492656193504,6.32320051563403,10.2244277779671,-9.02423310854335,5.43292669307824,6.80483747582749,3.68698269881294,1.09041420696951,1.48450659019743,-0.466190244281714,3.87588721640106,-0.0647567454098282,1.25189267378859,4.71598485145854,10.6107601813268,3.38954571707977,4.4359883065532,-0.381527792621637,-0.788501192277188,18.2715212332419,0
"180",-0.48571914561149,6.29542060292517,10.7043698694203,-8.80412354325781,5.9771137435382,9.11035915925598,0.121705775169828,4.3414252114788,3.56992651491027,-2.70295791136475,3.54206181806969,0.361935392444049,1.1823649699647,4.88106362395312,10.7995741872189,2.67472635423519,3.04951501270045,-0.612290411010559,0.704721537499357,17.6697340319992,0
"181",-0.344463061291706,5.71269793955565,10.6904564400665,-6.95246373679262,5.24416155731615,5.26592310802841,3.9824205634573,2.94904359215177,3.98950055292321,0.182968998394194,3.28969887775018,0.111618966546218,-1.21067496299284,4.95194516623172,11.1930055330653,6.43350376489701,2.97136783185841,-1.70219782404205,0.512352556256701,16.0861524020105,0
"182",-2.38372530700271,6.83737711514168,10.3465020121356,-9.43392314273874,8.89896663359036,5.89826483007135,4.1527287818881,1.92151595483031,3.96206500303176,-1.04018025366632,3.16364507693893,0.557407976043877,2.67317856443177,5.23872267138721,9.71014810374433,1.48006969987692,3.14995480819419,0.78461610891655,0.768532970630423,18.4056749815105,0
"183",-1.68131237764929,6.68473659582037,9.76039606190387,-8.61674094700055,6.23027160620846,8.58559454462591,1.55554107956043,0.217123262296217,-1.72295474263578,2.32986424623803,4.78383378061307,-0.041040366908953,-2.86231562721044,4.70675799772277,4.2562976796224,0.3396499640495,1.79818025902905,-0.767267783877069,4.44243165805216,18.5768000404311,1
"184",-0.701949538107591,7.7657583565767,8.08575164052226,-6.16648182390915,7.19473747382779,8.07998345606497,0.910621326154092,3.51207631458608,4.02671648402749,-0.90355181769291,1.33979361648071,-0.581005224068791,3.31155445469517,6.2301054402126,10.1369860985389,3.55533139525067,2.22698854808671,3.05088323004966,0.754557318026657,18.1994421755263,0
"185",-0.403411529351583,7.26227724468568,9.18641994121856,-4.1163573133161,8.06841355169311,7.94603876614506,1.0454366559274,3.61438435249077,4.32936643074989,1.69837837807778,3.41712207725494,-2.23547152375308,1.53985712015005,7.0657315181372,7.93712006608832,2.71395026760001,2.59915921262243,-2.18902898228289,1.27627365719312,14.1267913502424,1
"186",-0.801412065555722,6.49516341656045,10.5593565471192,-3.88660045754706,7.30519106820494,4.49442705822334,3.65857574004488,5.88973138117912,5.14774675165545,-1.485239385621,2.2724406791966,0.355175232171479,0.79160774588321,5.43038463362157,9.00592537864479,4.33294272701544,1.67924705063685,-0.078357851208852,1.67625935142301,16.7625058719722,0
"187",0.281865034996866,5.53052727521424,11.2705505115841,-5.55799974061188,6.90143252157407,7.04399679768829,2.19770933825571,3.48097245706384,4.63219376059279,0.491390740027788,2.50753998099709,0.361251871846564,-3.00763804818552,5.00636035466253,6.41532673553699,4.59489607166478,2.64442834348077,-0.00545106994943567,1.05814462371703,16.1497215031838,1
"188",-1.92055758088175,4.5319126078071,11.041346092647,-7.45661634799408,8.43882637355101,6.07435503414744,2.94028082646288,4.16332842463536,5.14409379781114,0.503408305358109,4.45951337434858,0.668066887041157,-1.09355438088351,5.01858375680544,5.40342331424498,-0.585567860161706,2.28058763939246,0.325106733539837,3.69219658502449,17.0438319469315,1
"189",-2.09040445332496,7.41432864292908,10.0745939789197,-7.7822032327149,8.70454411659581,5.56486385510517,2.35925671484645,3.40221841483544,3.52265823007035,6.50171578070132,2.90336392636857,-0.591383045306731,-0.627552113900221,5.39611478198926,10.1519041306428,7.33872767683033,2.19342754088882,-0.674862884944914,-0.173040463674213,17.4667077111212,0
"190",-1.5345772096663,5.01627124269845,11.2773812448262,-5.79290922051267,3.80343651057763,8.17562163509427,1.38541524263411,3.27843782269896,2.95158758694039,-1.38599461225871,2.97365154137145,2.85416667940316,0.65692450199654,3.32784872342843,10.4623321592033,1.09119864474393,3.22840235385375,2.61588958545334,1.29646880045906,21.5919767571626,1
"191",-0.839329699876022,5.24344337415208,10.8482599326622,-5.84713135468636,6.59653800678473,8.12259412034426,0.322254384820907,2.89741719514368,1.84839083474197,4.33544531838248,4.45125531857122,-1.94529839860724,0.779510977058824,6.58756785641265,7.59595097431526,1.08936859637605,2.87834841156337,-2.24250736226621,2.42178264573585,15.158464815826,1
"192",-1.55562771915895,5.26048170461166,10.7890201059109,-7.25888373143706,5.78799295642873,4.70846335235195,3.95087420110181,2.92593685136641,6.58478634849587,3.96024233394053,2.91916280354406,-3.46369909593771,-1.62596064583752,7.35630101806719,5.74843062248502,5.96119086609607,2.51407111715792,-3.79669642766873,1.65888947909173,14.4291628069882,1
"193",-1.2442198668225,5.32912370059449,11.2394347913397,-6.08881198725667,8.22224724253452,7.74982609927368,2.44231315478815,0.50006129800798,0.0344474134743478,2.03599204992261,1.73533003192592,-0.435380638327494,4.48583879660536,5.78463999642544,10.7800743603324,2.73775328224165,3.93190606125732,4.64524193946379,-0.612038511894146,18.489532290798,0
"194",-1.73148995704853,5.4744185740305,11.8997541613272,-7.63529494362058,8.64471286096778,9.253750160189,1.63121434373786,-0.414851163392874,-0.79255781781325,0.546867570143348,2.68928725304785,1.86185761314406,0.2639029650721,4.22624418840383,10.2865691873309,-0.157173082218185,3.14723671747666,1.67006221575087,1.00928649554619,17.104231332933,1
"195",-1.08105035346067,5.37753937158536,11.4652519249811,-6.99219428713426,6.38229670147189,7.73091507391907,2.09571357289369,2.33598145571002,2.3406754679177,-1.03904309163096,3.71279016889658,-0.0424844145399395,-2.54766798004232,4.80157297169302,6.59493812155759,3.04669679091711,2.85575086079518,-0.697665727788543,2.90236970459661,18.7601321022054,1
"196",-1.11111091333205,6.53264173503491,10.0006204433064,-3.28533718804842,8.14542880648172,6.51990357609798,3.29261210963812,1.75620175168885,1.43606046272923,0.184343626318396,2.8869818229241,-0.906007695460764,-0.264635623238384,5.84774923874729,8.54352861519999,4.4636064545096,3.32232825458279,-1.16920528957401,1.56893520374295,16.4199294857784,1
"197",-1.87975313041493,6.25860495355543,10.7860434749531,-8.3862737953247,7.27646719428062,8.58622947332817,1.50651060186318,2.25510811914625,2.45554413871431,-1.25499482137923,4.31227214731389,-2.18115898126901,3.23271818308899,6.78280889272868,10.5542253360021,1.26662233903023,3.61180794629358,-2.33632443775963,1.32797099374481,16.916499374998,1
"198",-2.18941937280434,6.99811806454458,9.72430285241703,-6.59026783152901,8.10601863292696,9.61052464973772,0.926649040729317,1.68820814192829,-0.677362536973455,-2.8365672861295,2.15563828416705,-3.02492050630671,3.1558088445201,8.23529198593193,10.2676177212572,5.52567873919282,3.55354258750423,-2.57968126310236,-1.29269382398256,11.4103239234317,1
"199",-1.6080124997275,6.96535651386922,9.75750166338693,-8.96543046335444,8.78010617962259,7.4298157729804,2.52367628319473,1.96706615442415,0.244755072760387,0.88465288727767,2.64948350297292,-0.391153274220826,1.53411870223238,5.35377189035509,9.99878945596947,2.507747197882,2.76758939623726,-0.565440972133657,1.38944391697845,18.3111883214475,1
"200",-1.91751561720867,6.12906768282209,10.1691696943474,-5.66872492503073,5.44163950248749,6.23816667785596,1.71061252369766,4.99986917123231,3.64448493388804,2.09243011167986,3.46890453166862,2.59051970159561,1.19683146695858,3.7556394397809,10.7795525409749,-1.37228138919608,3.33187774482229,2.38732160336526,1.53804730212588,18.2070379011089,1
"201",-2.14297937036073,7.35499467192581,9.54612876425943,-7.301000608088,7.24115835035095,5.14036190553245,4.49905600912918,0.869683926222201,1.17909209440527,4.02245243537805,2.05745476347312,-1.63587253203087,0.506848606775608,6.38443939256241,9.88805358229488,5.9951905052701,3.38948562258056,-1.71160152834684,-0.37383206922158,15.7862296377511,1
"202",-0.89190007574311,6.51022734035959,10.1476193283044,-5.56255485600711,8.31856369166013,10.8380826444663,-0.635188378736923,1.05763122545309,-2.27656878321187,-0.0834691494985553,2.61092373316648,0.254778703024328,-0.604358726834835,5.22958763394796,7.15667841435806,2.54082485924767,2.15954461559251,0.09931915310044,1.8070848603825,15.9785124040273,1
"203",-2.40587401553921,5.60742731213557,10.1439487001966,-8.17268429199383,9.12665373398342,8.88468300477449,0.780982888984399,3.13410438368378,5.11879723522127,-0.978274819749981,1.44433016754185,-0.500861565576807,-0.00263633486603809,5.72699464301093,9.77882673326503,7.74272690179644,1.50911339659961,0.887345000983327,2.13199165458718,16.074423249026,0
"204",-1.29770607409652,6.66389935101845,10.3644750582221,-6.49304203747829,7.77925330553733,9.03143327073577,2.2618259921378,-1.1615479642014,0.130654106144492,1.1801940028496,3.70335250022428,0.217151229962319,-1.05777490745051,5.0389454996993,7.08581792775506,1.9128878146422,3.03532967173028,-0.162811523417702,2.88235162958473,18.1716221228053,1
"205",-2.62025521613645,5.17618375365059,11.3090731524037,-7.04219303104999,8.34179011086375,9.08399843352093,1.36795463000354,1.92339830792873,0.0881826625319282,-2.13952550609189,0.795118222452743,2.39979306750918,2.18109520422511,4.13001059100641,13.1155401016633,1.81367704250929,3.23933668853542,2.49361621688662,-0.487932887912965,17.8953586059087,1
"206",-0.911758369141727,5.64580577989653,11.4795169146544,-8.06780212366737,9.09994841262847,6.30608343030976,3.83025157405805,0.589461527851205,0.374910600890141,1.8440968096837,3.35584777101209,-2.16600097607324,-0.108670770561028,6.93585435301937,7.83523782978829,4.40268293865248,3.15853251497154,-2.29966092286976,0.10306938540717,13.5003651135682,1
"207",-1.11463985373925,7.82991827800215,9.15786701747628,-6.28061017328201,8.32286773623836,9.21546780958367,0.898928098096965,0.925870296341278,-1.17018141866823,1.94525584802568,2.06920906066832,0.636687853887873,1.89020907264713,5.65948956787873,8.31967420100213,3.49009614959949,1.84174097422697,1.42534337257291,1.83102932135472,16.1565799463819,0
"208",-0.0549973821570666,6.7590744028985,10.6441856172401,-6.39807534038687,6.86135826382971,5.51756775206771,4.83059447038047,0.241774270735957,2.14907488512937,2.04613447898356,2.15684296383007,-1.32250106758583,0.968305140913335,5.57917635219093,10.9950962444385,6.79754556918289,3.60753373395779,1.24885799781678,-0.725703677744492,17.7245222733735,0
"209",0.70186227043634,7.80869939224096,10.6340080950998,-7.3574253588399,6.09464811606343,7.66213359255529,2.16357582689689,1.87761077090939,2.08678645713081,0.542153516904463,4.33474928476038,0.941431312877423,-1.60933132832608,4.00668477172372,10.1150276881189,5.00616803247027,3.24131838564489,-2.72941751912643,0.316993776376448,14.7938812363611,0
"210",-0.265021756873461,7.65499715465116,10.031681350845,-7.86312525077227,7.46743953481195,6.46455244183189,2.67325193241188,3.81207740958538,4.41231634109065,-0.393231885061333,3.15787035718415,-2.7983513167074,-0.112482404472209,7.42213438680346,5.29220361493292,4.02562013010284,2.0425198951154,-2.82662826271347,2.31319624004529,13.1396122312112,1
"211",-0.951774077914786,6.72729289545142,10.6472044499876,-8.43901184058197,8.07078403776243,6.11476032607471,3.27287364401718,2.8423800156014,2.34607217523419,0.0911853133484945,3.69205508881202,-0.143779330450317,-1.41672230777173,4.85996323272575,6.93547815236253,2.08862290576246,2.67312841780654,-0.766016854122483,3.5746776539391,19.9710033630496,1
"212",-1.37424482443422,4.58710710721577,12.7842166069609,-7.53361485933103,6.53056826750838,8.54573949762079,2.32558773178945,1.15829666429362,1.42200506978598,-1.16715806622308,3.43801699300271,0.416055858113544,-1.37273183059362,4.87801205266407,8.0113408231921,5.3291908940506,0.395615413171488,-2.81640124158106,2.14552863947303,15.4288406564139,0
"213",0.119601492370294,6.22478492416928,10.3325447832037,-4.1312645675615,5.78418993036581,5.41821090502999,3.50660936829618,2.71626691640403,4.05752042725161,2.35215408640365,2.08474274221634,-0.484699615976974,3.1740104564726,5.88277547260887,10.8133975915899,2.97127136060309,2.54578856254917,2.41248669240629,0.458513438369307,19.1670615369963,0
"214",-0.723436766764944,7.46619337374628,10.3774619091359,-6.31500915129202,7.31591904223381,9.66802392185962,0.0827825613247453,1.76193829108055,0.724698434993484,0.651667819932332,1.9865776340813,0.463128160463285,2.23445158142002,5.47690116305698,11.9901966695113,3.07050104994641,3.64465843715028,0.569370219208665,-1.02161495756504,15.7601256247962,1
"215",-2.41269677521969,7.10307370225709,9.51329802132227,-9.63867862558175,8.80857650458649,6.13746265042001,3.54843435614901,2.36364039677805,-1.53810453878839,-0.554488398363741,4.46032821784101,-0.786839607319258,-1.2963368626336,5.37881434440694,6.05246415262839,2.01594324489067,2.7480088962473,-1.32760013157728,3.36346366896677,19.016021828221,1
"216",-0.874828819049316,5.89575425530771,11.2806264010999,-9.21865571008739,6.60135775694186,6.05511458447479,3.1990464904478,3.78979842420105,3.8980798888067,-0.352580844533232,0.320563738111447,-0.419444752820296,1.3320163874909,5.92467081099449,11.9089388470727,6.43441373831173,3.55349351600026,-0.242924462320379,-1.37661708165998,15.3691592489666,1
"217",-1.81360588943173,4.68698582216472,11.1175404871071,-2.86247126559894,8.24271432839718,7.99830165588629,1.52245071316346,3.06417394012458,2.68366442878594,-0.873963071323227,2.07222627734549,-0.482690041676231,0.0942156013178042,6.05429305470149,8.49878619184866,3.83040097712159,2.62389853729786,-0.466015859834671,-0.309250391697625,14.0768904532086,1
"218",-2.12081643241652,4.91619865337213,10.5722723634625,-6.02613878768829,7.96467878474415,9.2323099861572,0.532730783581747,2.17993614318437,-1.9897700247144,-1.06529939096682,3.16994205504254,-3.61007873826078,3.00170018439336,8.49953700936289,9.19001501231776,4.33731662321926,3.3089564399253,-3.25661814886901,-0.880591852439604,11.1070570028754,1
"219",-0.180933772540697,4.92257945825926,11.436952369203,-6.65941663709711,6.75343557119247,7.47198888989758,1.37555136325843,3.68981602620793,4.15860634935582,0.397093819921856,0.759537329731657,0.402179431353095,0.71655523261345,6.00097196177799,6.66600121056312,6.30149313366807,0.0322946752183668,1.40889688183263,2.88969625810214,14.96333199073,0
"220",-0.939579836047178,6.81943601694592,10.7406796954451,-6.82032017861665,9.45118628269141,8.35921805661713,1.74773851611677,1.01643794816334,1.19484709150436,2.48214418499219,3.34072359172291,-1.85247797354567,0.592062234784124,6.59646144130214,7.81852843567699,3.77759189678545,2.9887759273542,-1.95231896769937,1.34745572309818,16.2903254321986,1
"221",-0.743016994637254,7.18862335239853,10.4867826087107,-6.43636022758979,7.11528393592134,7.55996175969483,2.31546165135535,2.43255865985207,3.45448995139689,-0.0977758350782731,2.10705584057602,-1.03343171312244,2.13568961093168,5.59308290329888,10.4127309466428,4.93416827316693,3.67959387079509,1.96651322567256,-0.683873131781366,17.8193886778796,0
"222",-1.96732783260112,5.74530183514385,11.2194673716546,-5.46828421757232,8.15797732967632,7.21752388636272,3.68236076970312,-0.875766189603064,-2.74931922278547,-0.00892551981076284,1.83715980219146,0.139584700862578,1.33127366207086,5.48202156885451,8.44485182174905,5.04070990042735,3.23632194255682,1.1344226224563,0.970361094565958,16.3182332586492,0
"223",-1.15408537368151,8.03139659547601,9.56735242220253,-5.32953591135003,8.77308682842278,6.71084326042181,3.29840248135604,0.0715124550451991,1.83046463712315,4.03573153467029,3.16100902461531,1.07494718666336,0.378671048965937,4.81559095137274,9.38268014290732,3.81012642143076,2.5994507886567,-0.34384627756134,1.24990047978794,15.13361705113,0
"224",-1.0813544218726,7.41018471875485,9.69331989312866,-4.41105680702341,7.83587244838917,7.99043103868628,1.66750644983583,3.10175929589059,2.0913472341252,-1.18630368992623,-0.351441195707752,-0.15144186236364,2.81111396569625,6.44623547327369,7.08526554886037,5.0965276389487,0.756510712773102,3.74430654792973,2.87676488056759,15.1617455592563,0
"225",-0.497425425298225,6.90955846227767,8.42650439352473,-4.68153623621914,5.72164296276316,7.50891243508498,1.49578105950754,3.69746563497828,5.48662079384128,1.30908706174652,1.30648632651448,-0.382222092164145,4.77571625252832,6.39337725720801,9.4122793536534,0.852809748021319,1.26749731706637,3.43138977921471,1.30598176295628,18.6937745094953,0
"226",-1.80929353155619,5.98467349178947,10.3401006109024,-6.15156387866771,5.90642639538519,7.52007728671684,1.8108248220229,2.69566837377499,2.31767428087315,0.752743479409018,2.22745062970604,-0.903234039463559,1.75080763388361,5.57534342627397,10.9337816649874,5.13171852421498,3.6798818791591,1.47665538274487,-0.129988458765247,17.8745877296169,0
"227",-2.8603428610894,4.92320041373002,11.6628759535538,-8.62890272601467,7.92635333803515,7.67907465730435,2.98358385273749,0.223485478054164,0.0717314302440331,1.03504783148531,2.91377941915585,-0.690846275633088,0.468054464502623,6.08990203003218,9.73152183365638,2.3591935500299,3.38148376912461,-0.79532289429753,-0.31726583785483,13.5810294874041,1
"228",-0.36957024704672,5.20184350736239,10.8550664872745,-5.2365619847846,4.4108681670547,6.64436459751545,3.14703598085988,1.18892386533845,0.89421213915076,1.50113769404968,2.91143135736636,-0.0341896678864053,-1.74944304907101,5.2645643786291,8.42894520198982,7.77118963876075,0.528978696970327,-1.89692857810404,1.76317307524346,16.2209264247587,0
"229",-0.867921947298934,8.42197111652796,9.01968497853321,-5.70463829643151,7.81846640197498,5.65084682190292,3.45237745326189,2.93289418479483,4.40456035469676,1.84667624736597,0.996501875450967,-1.15656338126606,0.832255728016729,6.31285221686574,10.3959736752686,6.45373324546769,2.91799752996964,-1.05501933702858,-1.61652156304486,14.3778318133215,1
"230",-1.59684459575466,6.65302291804817,10.3858788838849,-6.91638869984953,8.59618227872596,5.55034166299079,4.63622130491545,0.462861692090992,3.13447227037219,1.7507139338898,2.49435963442877,0.300489627747537,0.789011722000952,5.29254946542073,10.2250074750686,4.97188206938641,2.39131405362831,0.642812547036948,0.960395978405878,16.3800001336916,0
"231",-2.978483576777,2.43156785004188,13.3052753166154,-6.33427580178325,6.10889264645851,6.66251751862973,2.39994048247506,2.47751861171899,2.82091411109868,2.49400208527502,2.85131134603473,-0.63680475772599,-0.402614791436546,5.61060651504785,8.95057903658948,3.59249588127495,3.23049172818684,-0.914016036594708,0.704524463407298,16.028371358437,1
"232",-1.58970411793366,6.28360389017962,9.63852459449485,-7.03632412987441,7.29110336756542,9.10124651911674,-0.108082940626757,4.09846581483081,2.13169605771076,-0.279022564579068,0.0707481431975179,-2.57677981043866,1.84044900216549,7.69223470233876,8.78316388173429,8.02071744633804,1.81086560971111,-2.0806330959448,-1.48463994250701,12.2575770418219,1
"233",-0.790895004594128,7.42535645730959,9.91757754841202,-6.70734145457336,7.466338832723,4.92685915312973,4.2682390260434,2.17138992375441,3.86304201943002,2.9300756872697,2.78843361414547,0.386948762361077,2.67437250363583,5.38012766051967,10.4588967010327,1.9753847025028,2.83459864573573,1.34568752259081,0.74717139398814,17.9015166129108,0
"234",-2.3707192166007,4.20082294377673,11.631243209999,-7.95186593216502,9.48700696536736,8.10680055047841,0.858852785712395,4.07652263833422,5.3517419585201,-0.734337087502293,2.77234434885934,-1.10682779451629,2.1119107295237,6.10121136517115,10.6849660096681,4.20895174843688,3.50754869702234,-1.03792138808213,-0.0832492106005607,16.8033307948078,1
"235",-1.63574230085451,5.3365706539461,11.5851129193922,-9.4419362063199,6.81410107998577,6.45882088979575,3.30195150139168,1.07406908388378,-0.198246158671539,2.67043706453282,3.2295599630448,0.531658032880699,-3.01134070183822,4.5163902970381,5.87689973908595,2.80144340883703,2.12602519842088,-0.0304117145538964,2.05645252955148,17.7194353624499,1
"236",-2.0119017347212,6.24144987232641,10.4744641647411,-6.54248312501082,7.80527462482006,6.60003762125374,3.29313042371203,2.67577448581672,4.25780707086277,-1.29128090785939,3.67487811870605,0.708893810105211,1.8380683593756,4.7246379280979,11.4976838859793,2.42000675109547,3.64124132358072,0.826912599357259,-0.0349064939977999,17.1661056314329,0
"237",-1.20932722927157,6.11333525071621,10.8632390678342,-5.35357854228993,8.24772597564545,7.7356078296238,2.29687968232084,1.23984894541004,2.13747962996793,1.21231624964314,3.60406629002071,1.44666491386804,-0.518903337809971,4.44355437313876,7.75966268753913,0.660420347441917,2.89553261637363,1.16412445171967,2.45234312569044,18.1995812113917,1
"238",-0.56269029206905,6.08691063464163,10.9373838673571,-9.49174793794833,5.09091285591775,6.78011845888559,2.87511025247713,1.61322226506443,3.06206349354395,2.40305144455908,2.24937388650488,-0.218387323183726,-0.644577854502614,5.55063058781844,8.72965666422555,7.48337330126967,1.65982691585366,-0.304163025923267,1.03481491202183,15.7494977058201,0
"239",-1.31011262580671,5.61718701753245,11.1845520504271,-8.07004714253309,7.40047827105801,8.8950210013099,0.550376714853869,2.79361619975466,1.63038955163652,-0.0636706898710762,3.01715233154827,-0.308060558467041,-0.213639711156509,5.36044691963329,9.99944527395101,5.92160848680232,2.96217110756638,-1.15301156584075,0.0149262711446594,17.9140531149768,0
"240",-0.915634991125461,5.61081106313929,10.6722397885886,-4.36089564710068,7.51625118231981,9.73442636578848,0.33858569993089,1.39509181243012,1.54049223939736,0.279542535898674,0.612992721906922,-2.37377786268966,2.17007412652247,7.64070311734728,9.97813624206167,7.3440033580217,2.91139517016538,-1.99172637158911,-1.10181116554299,12.8095486078504,1
"241",-1.26047979911537,5.46004858534125,11.0145743438447,-8.05974643861329,5.16241188020234,9.40232709252576,0.989159707566851,0.897556867761254,0.782708374456542,0.153006523841007,4.03896107624488,-0.205228119770923,1.69879392067963,4.87896536272927,12.5579337492265,2.72814841955688,4.01414673792655,0.00527955288286247,-0.312622553519841,18.8984115019189,0
"242",-1.1149090690203,4.84085050916143,11.3758191285887,-6.32633551994496,5.93052558371214,7.73653575575706,0.790084234901436,5.39509445587811,5.22345055996513,-0.533369627528364,1.48791999806624,-0.625723541170282,1.76640395332801,5.87698210046185,8.86781413738696,4.74194438202071,1.08730261605404,1.31696269824908,1.62409602279352,17.2005488995067,0
"243",-0.977517982049501,7.40697921938688,9.54560512240973,-4.81036861887833,8.23322639810348,7.53748186137082,2.01355598794604,3.47375321681669,3.89187226764359,-2.28847855964914,1.43838321587949,-0.847482525670653,0.587621399888897,5.82602039520037,8.68790518056873,7.378271158593,1.07185996330909,1.24847435212719,1.48227873490429,16.6842240395278,0
"244",-2.22859407771115,7.39943056953397,9.5396261200348,-5.19381466346169,9.65005615752769,7.16604867495124,2.85036932954588,2.08988322482773,2.14218934268622,-1.41888899452123,-0.0621473210694941,0.129881277385808,3.74377112664674,6.38476899349083,14.3503625170399,5.4735700136857,4.04394153633544,0.745824895533705,-3.75473077855436,12.733481988156,1
"245",-0.0868289192502439,8.65346872561982,8.58604214995817,-5.25334388409591,6.96856430510087,7.06998575083689,2.81061198063854,1.9196741277909,2.0590034676826,-0.358677134333358,2.29630028748032,-3.03213538147054,2.16399613858603,7.89855094942467,10.2680209192192,4.96233255853716,3.37409134999625,-2.8044438389794,-1.57855266079018,11.0651821510359,1
"246",-0.620510091981259,6.15049087431486,10.3160189599561,-6.74997264285632,6.21433190749733,4.08063743100847,4.28852524919192,4.80116717430807,5.46513829427032,-0.00893762982871338,3.63672874320918,0.525167677874754,-2.30013218406466,4.7426167791708,8.47820653740027,6.82839005075992,1.33374155037655,-3.12568300312783,1.5082199144216,15.323675022582,0
"247",-0.886291461574966,6.73891427883741,11.0601020717676,-7.41913180788102,5.41116716907506,7.0602608392432,2.85476587086799,1.10304187962431,-0.0170549676245559,1.68033039799973,4.55893686548985,-4.02645012461671,0.0554990188162715,7.82938519099218,5.10229486294784,3.78810117560428,2.41714408058235,-4.30152877093439,3.02068298172332,15.3294741106052,1
"248",-0.759841715005387,5.73014017180635,11.8084422900318,-8.37665937271258,7.12729182171402,5.9404183377971,2.46190640038779,4.59189129446209,5.5295112921566,0.709320415158545,3.34085263777451,0.032122142286006,0.0569475903257326,5.24012927806497,7.8440664510222,1.34422003375346,2.55426357843901,-0.199077582235657,2.16831990151451,17.4026668463256,1
"249",-2.03724571005636,4.63977345896271,11.9410837646006,-9.30518857109746,6.48374855590511,8.8037030696931,0.782644110510043,2.42126267138325,0.748688804117729,0.166113969216882,4.63098336123897,-0.702247515479149,0.154375179173451,5.41971088606817,7.61257471435573,-0.227506894282614,2.80195725595609,-1.19047630856274,3.29449735949805,18.136445018903,1
"250",-2.34654056816335,6.00860799790591,10.571299393602,-7.89931169542461,8.67153473195575,10.019948151645,-0.351586305981038,3.41802759279492,3.02092599913914,-1.27726079449305,3.40414392663711,-1.82365298957634,1.18314653700522,6.86668978282528,9.16608991543895,3.30307433288816,3.45701770263344,-1.83151950035436,0.0713408684567886,13.0813489013239,1
"251",-1.09039223078104,4.59634250883081,11.5607120594123,-7.35030829488553,5.15169838418718,6.61106746901441,2.4221736246146,2.44038562328415,2.90737678325848,1.43543252259841,3.24107534445382,1.4610072318501,-1.57132976212225,4.00398043635064,9.05680677276461,2.12566427125956,3.36189351532657,0.930967775263871,1.29400316161554,18.758258626569,1
"252",-2.31599487886901,6.60149005233689,9.21667204038541,-4.12405482766178,10.3987290427899,7.51932372593783,1.89188018587497,3.02315048390446,2.56780070316464,-0.291490142046728,3.84559146499155,-3.69044278107085,-2.39063695065463,6.95162243846422,6.05998929598624,7.57887669714543,3.31589871406962,-4.33093433193382,1.95000168503529,17.3890847780064,1
"253",-1.416820468031,7.04020805012962,9.13325683395531,-6.31262094309706,7.63273162360775,6.18048450396438,3.39650445199491,1.92583825551701,1.03267202074202,0.786923830363622,1.82011532213471,0.146267340844265,3.77910552409904,5.98301468701006,8.04388346274547,0.803427138506586,1.27222719631081,1.90178244225448,2.02074019232209,18.1216419825892,0
"254",-0.518704246658085,7.2676369355147,9.85017616492104,-8.1236859125965,6.57453384622335,7.3551699717645,2.47860949317649,1.9788461920498,-0.375208899132295,0.422303113669208,2.54538082300745,-0.0795621442008911,1.6008723893623,5.31957329012151,10.5163491731163,4.63648388843869,3.60312604487235,1.25979386922132,0.186961918058841,17.5048530416125,0
"255",-0.78360778309021,6.84142975782037,9.26119267149628,-4.92132074824942,5.68685193519819,7.60313321820011,1.0465659789749,4.77878323359581,-0.13347032371846,-0.350657096587815,3.15316773353066,0.732514008790424,-0.785400636842511,4.8011807147149,9.43153743978164,5.97284766354941,2.03798248708514,-0.898769524276806,1.23743375543225,15.2802599440197,0
"256",-1.03433643227778,8.14812451535428,8.74971849107325,-6.65343727863965,7.94712456354837,10.1916167296976,-0.762908710385959,4.03105914693144,3.52040366483226,-3.46929438269352,1.62707788241669,-2.39490676564016,2.58764662190079,7.44895687414261,10.3770831932975,4.96913820935255,3.22943403128825,-2.1469186305995,-0.664464419135275,14.0908011950679,1
"257",-0.416756994700536,4.79379774641867,12.1328382956971,-8.59145213688806,3.56301739857796,9.1880108788739,0.447300115140453,1.08312328073875,0.196438297003855,3.20136721850712,4.16147193812383,0.306660813452857,1.16333977805742,4.65491205466517,12.2676326242576,2.86971557457302,3.37432494426819,-0.183781207701782,0.17405346273387,17.4279790728621,0
"258",-0.64087280128272,6.59702053100068,10.4978727119063,-8.55207171165251,8.09686683217294,9.47158084855407,-0.0799549332751734,2.86062540799739,1.14543217424417,-0.325564891984604,3.21768537683156,0.604673349410386,-1.26831651349647,4.78733361840415,8.11877752151909,5.7847252168468,0.866974907355557,-2.02457936072011,1.88254111134391,14.8370399565076,0
"259",-0.524070121359403,7.94995696294091,8.91651256857721,-4.35966096378808,6.11819594081593,8.22482704727775,2.30204666108183,1.34005887015521,0.360136718782991,-1.71601356877396,2.87634716796361,0.313958012503062,-0.254457838847681,4.92222489498397,8.39541580392799,2.76479728076692,2.77748175031948,0.0263631493085836,1.91135669432975,18.2992965175819,1
"260",-0.327553127459955,6.22525714263593,10.5073749487593,-7.11170405642052,4.72017379444549,9.69014267382653,0.209644569680765,2.74474874174066,2.92725740057276,-0.854734850182199,1.38913319779168,-0.744075373713788,1.09818982369772,6.06817787494983,11.7109154042285,6.31020253130443,3.87889377325074,-0.675471962676407,-1.90560406658175,15.3529102296609,1
"261",0.169282710741479,8.13773136585141,10.2909286311189,-4.43418413081107,6.66203331205464,7.03739439224847,2.02658901171691,2.39136271971072,2.50564663805267,2.55790282586037,0.927272894089781,-1.30166906504132,3.12007073069652,6.96654382431093,10.775100099627,4.81670728342183,2.66091899554206,-0.845890152526952,-1.29709023262699,12.9101538513992,1
"262",-1.04184274582004,5.95677770245335,10.8435618156199,-5.92971960579865,5.71985173398872,8.92412515254191,-0.23436789134825,5.0552899898804,3.55413849303428,-1.16147523583361,2.80154009805171,-0.0651355629475115,-0.799814697033107,5.1045121907071,7.91688554960953,6.47154094878464,1.97015332817623,-1.57589740700352,1.04027783632815,16.6290216592507,0
"263",-1.27338389763341,7.593542073849,9.34373024715531,-6.07545522372726,7.38766803560782,7.33513869925617,1.46542550395959,4.85282313159873,5.52450534134772,-1.44216913661843,-0.728030438226423,-1.27485304554127,5.25364493305898,7.5520349915828,14.4024386530918,6.74821938464073,3.55962301684929,-0.324517909405044,-4.70726625959994,11.074970086548,1
"264",-0.467038118628321,5.4329113249982,10.7671860715255,-4.83904413876378,7.34686101495585,9.26588745110281,0.960838768076657,1.72610553209367,-1.47983301279138,0.257918296982488,2.26136273568077,-0.583696103627307,3.97270619444147,5.73652014964284,11.5375561547405,1.73723815654115,3.54836694677668,2.75881243486835,-0.449964502764118,19.2644908230106,0
"265",-1.24483172440005,5.9573177196162,10.8376424204418,-6.76428057494946,7.50489781421068,7.62691748218863,2.39942105722692,2.38995556858057,0.269720029731679,-1.16428123319297,2.14011764943731,0.49465181125994,0.758786494561827,5.38084946924351,8.99967739623554,5.10108967352407,1.61971807143249,0.697110219587392,1.67736853838204,16.1188462469772,0
"266",-1.98789436877982,5.30966600221766,10.4625261191558,-5.73617898135404,5.6572162013538,9.82462052831556,0.463378366240416,1.45827567849426,2.12887187413691,-0.104670801308981,1.7308470424143,-0.625485649402374,4.26527410560267,6.08042358309396,8.91211896003391,1.96124116229279,2.52336891169071,3.17304374674492,0.152000639960209,19.3626177261487,0
"267",-0.604200484569271,5.2315148736956,10.8948065661988,-6.6899850386735,6.19545774979021,6.4266518510522,2.51437517932669,3.73815466493769,4.00907006324467,0.0425267319631707,2.6221855691295,0.3784465956706,-0.653147921981142,5.03295032256749,8.19717603438277,3.62961224029995,3.01040879288364,0.134029253580856,1.88526468077198,18.0783391705987,1
"268",-0.609853935952142,7.18196474524952,9.24407130068047,-5.47001007990144,8.38914549031353,8.60696914055516,0.564527510404509,4.76814884510328,4.33014205760189,-2.83905977481317,1.75476797924254,-0.396599564808539,3.74187253300306,5.98831694156632,10.7908631569428,3.13092570666638,3.76094081995021,3.16080017747947,0.301290662878913,19.7172797983189,0
"269",-0.9836591544419,7.03511600058337,9.69429124948754,-5.67777663749682,5.84610188683765,7.57252346018161,1.51838611024457,3.56721512052781,2.36425323192737,0.206923744039772,1.60265732213563,0.27369741341049,1.87976931933222,5.58014890779498,8.17646570074357,3.30490492369988,1.16983456873651,0.749389597808432,2.72783692125541,16.8664231571758,0
"270",-1.66931762930417,3.88680904258838,12.0005134918228,-6.87315984016416,7.78757298477398,6.61118406112207,2.57832670604152,2.80738624160842,4.53059174239733,1.61917091415432,4.25674763035995,0.893088058057614,-2.88543094259389,4.01730923586348,7.95461484439635,2.09427332296405,3.81992376709498,0.0655923380731704,2.5760435501055,19.6843145068706,1
"271",-2.02685144569082,6.77816360500501,10.2285535969334,-8.11062882503004,8.19171534105686,5.64182104615654,2.44697740405047,4.5713237126049,4.21836012316895,2.02164755926099,1.83606021502782,0.568162363065459,1.99639544697273,5.68009412009365,7.9998918687247,3.2649719064664,0.950776595277063,1.30023551320696,2.11141294284188,16.3474503546367,0
"272",0.0337666400751055,7.96424952842859,9.71141460522631,-3.1580615217359,7.56839210803992,8.40931508103824,1.92370861129527,1.35583083217841,2.03514431278288,0.275735041009872,3.38610547417192,3.02733862922594,-2.30227525134143,2.7442352605935,8.34410263175399,0.159604035420993,2.67312997505887,2.37907974442976,2.2774177789279,20.8264956013247,1
"273",0.294330052440758,6.61464675293455,11.0332121574728,-6.3130219572589,4.40891681849632,6.92807437817401,2.5049774805072,1.77825465256679,2.5879062797171,2.30731034826279,5.17536081902569,-1.18775156992518,-1.52304635316367,4.40030939185854,13.6676517323884,7.45519183766146,6.19018774298898,-2.40149598165521,-3.40766632150361,19.2615559547587,0
"274",-2.07829420062922,4.94489776719232,11.3229974323229,-10.6088645623195,3.59639045196218,6.67740631460336,2.55235369427412,3.33121780780933,2.88326114292408,0.267854883693487,2.83551860492656,-0.00872532768801038,-0.00618724877235777,5.46491785703525,8.33599836011547,2.54780771042506,2.84211936332203,-0.230993173092504,2.07918033193936,16.3167495149731,1
"275",-0.551965465838525,8.43916816245166,9.05619310931427,-7.36940717367811,6.36486732377335,6.39064530717965,4.61243487563069,-0.931906239527964,-1.73508804963391,1.29466847672741,2.8770467764238,0.205844950014584,-1.368239580359,4.89677929868268,9.82883968975258,7.77427617670766,1.89437407540951,-0.675554605261629,1.13164662204523,15.0756141129594,0
"276",-1.54554755586689,5.60505536692847,11.826641318443,-9.90126082995863,8.29716273562121,8.9179139581392,1.35151219437953,0.989247492250236,-0.881976653540849,-0.0779496888744662,3.17842577404239,1.26434458020462,1.77810419426722,4.66504884081768,9.24190010692289,-0.246321059299779,2.59273311298153,1.21754798373523,2.28467007874709,18.8972133595316,1
"277",-1.48286903832166,6.1630936314767,10.7454035968988,-9.05694869128334,6.53337877894679,8.42192636933252,1.97362133425872,0.998775820233128,0.859999187405441,-0.780373277491457,3.09221682237585,-0.721113836715833,0.0509316785604277,5.85166482153345,9.33562206223998,4.06504380797325,3.74655954697329,-0.926920529467678,0.395531808023184,16.2117235106055,1
"278",-0.575058344528087,6.64038685280584,10.4686373432666,-6.38463617830841,6.89206564435773,9.30845883148532,-0.181653276098769,2.61801482964034,1.15015418102567,1.81787849942909,3.16404431971839,-1.07270927400162,0.78298694967557,5.9947013560943,6.92448190161019,2.36552679196176,1.96441621358625,-1.19944857602313,2.93146277631971,17.061336144375,1
"279",-0.944898828037298,4.31127710181034,12.9577748828383,-7.88258225770541,7.36312765973251,6.6903383756017,4.09866196992147,1.001326253822,3.36039411373727,-1.78111561866071,1.99378342142441,0.583299728669606,1.22251237606806,5.27007040138255,8.77695056299062,3.77889368023791,2.04569989999973,0.69009897279098,1.69309732249923,15.2885059241028,0
"280",-1.43434138103501,8.55941885589375,9.20899940714679,-7.39533350756952,9.18480434568419,6.15531237925407,3.47169852714198,0.450942273156055,2.74573476135764,5.46268109710422,4.27541684967459,-0.530471103169524,1.21888115980298,5.05278856414564,10.9389585810038,2.53109919462409,3.40646366493965,-1.54365157689209,-0.647548238110791,19.9670221266513,0
"281",-0.977534042434702,6.69518933591179,9.73387763486271,-3.95523067142324,8.5275648295946,6.8575748035517,2.80817789115864,1.9540160124866,-0.922219609729391,0.522582345329108,4.77805385908379,0.984091596061949,0.107651509936734,4.6176609405985,10.212948603972,1.43668945352805,2.30402437871306,-3.24257299259762,1.34880126638103,18.0814635949256,0
"282",-0.938997300384155,4.961498518582,10.7875435930518,-6.7010657307067,5.93806450553428,5.90142397571371,3.52054045448095,3.49921940032648,5.61470401793955,-1.18478542805194,1.83415538643655,-0.436030354449798,2.32070736446251,5.43248884322439,10.2428905919854,4.49952578224327,3.28341542682962,2.33739057912847,0.218713775198262,16.8835205077434,0
"283",-2.34161735598322,4.55690031612826,11.8868342153098,-7.13509705928142,6.63249192042522,5.71050102830963,2.50265215283841,4.48437465216879,7.3615583228173,3.13940257822118,1.23674578660709,-9.6643782571848e-05,-0.365550088698848,5.59470597538443,9.09056757533311,5.50521311742803,2.80706183392336,0.0260834345740703,-0.399943136352887,14.7861639558427,1
"284",-1.36346313631196,6.08555145468564,10.679979010111,-7.42896483830878,5.27250846953468,9.45600976966779,0.699110791413814,1.30926798812425,3.2125284831182,1.07956915680117,0.319525744633963,-0.676213368846036,0.693834535481147,5.95506887282799,11.742451979352,7.91136000962854,3.37497125503314,-0.578220095371129,-2.90814060644675,15.3248581054348,1
"285",0.263001751980456,6.75414923063784,9.80726168681931,-3.62755897015242,7.5665824667061,5.14632054702077,4.40199199486519,1.56169493776335,2.69881040977175,2.65662404881529,2.35749663057291,-1.97199682164324,0.446338224375842,6.67648457559597,8.67958515005763,5.11662338299292,2.62848260523275,-1.99384591079039,-0.583352003016374,14.1066006542715,1
"286",-0.76441543961201,6.79887948784961,9.9211490345933,-6.87243131817542,5.31560933980021,7.33257891492465,1.34135191575945,5.73824415384824,4.34774919579652,-3.65818261086065,3.20494686274096,1.09511645480993,1.06498324870387,4.53417224840158,10.2520812441382,3.99180336930564,4.50687207188407,0.946241163158004,-0.324840784558812,15.3546978672258,0
"287",-1.59165062423371,5.24574947224949,11.2006738892165,-9.09838328695963,5.78776089356789,3.88831727315878,5.70018044095449,1.38710485962468,3.65629678446998,3.22160115593429,4.36546049721354,-0.334453216617763,1.38891921434425,4.99115426137107,14.317267152666,3.73915918296974,4.50528409567551,0.194789004441153,-1.46023369200978,19.9880530740304,0
"288",-1.29426569642731,5.43941165703602,11.3509803071785,-5.87621040231572,8.42270143455799,6.08086480879174,3.94543263940302,0.73760254345134,1.09861987709025,2.06159355250548,1.40585878991371,-0.238601389891004,2.24965783134871,5.72150301260794,8.69893483552624,4.05557502683623,2.17556401758384,1.89073655596626,1.60643256280312,16.0970841481093,0
"289",-1.42968338063089,5.82261344255089,10.4738165662387,-7.70457298034164,4.81701144550582,8.36146186723075,1.07642324879683,3.54064886083218,2.10631132649495,-0.859157571179447,3.39017580646651,0.0560570189369472,-1.25182209377848,5.44417533045134,7.81014271887942,2.64993281523409,3.31388224534912,-0.26615789881097,1.0041534881063,15.3396815474675,1
"290",-0.505473463403499,8.51548098666308,9.05084963449366,-8.22450274272291,7.29692764402067,9.31796543553448,0.276833968056678,1.45787454925258,0.700759768991552,2.34852965470606,1.71701152623645,-2.79080193712111,2.56361818329604,7.6369005834779,11.0910145442972,6.47346436062971,3.45909947011133,-2.49984881146785,-2.1874418661261,12.5062986293652,1
"291",-0.251127201645069,7.0263446593761,9.78963580831467,-4.563242295758,7.48774062727699,4.54359624291847,4.47656511454669,3.88746907211126,4.7847100650934,-0.912983523900266,6.87381292496488,-1.32145734565992,-5.79745469574552,5.03130559844696,1.39394857853785,1.63595796336655,2.53360319425018,-2.5603901019105,5.65778569129678,19.5236257568881,1
"292",-0.855049201308244,7.18198901224653,9.48969394044911,-6.74459028276641,4.81625448149096,6.72073763026668,3.28878455660936,1.5688378226996,1.67549340186309,0.851443945855399,3.56443339342497,-0.291354561667636,0.0457422103071441,5.40543432364611,11.1417708968438,5.09587581198788,2.20702258946555,-1.21534429399271,0.289629179654284,18.5215810710376,0
"293",-1.88568694719534,5.13370949310521,11.2302840869645,-5.91089628279333,7.28001574942014,5.87486391267486,3.51871119863405,3.40744911761381,3.22836229587672,-0.743216023309013,1.52252586818315,-2.80667311629406,3.46954129894623,7.69819422278548,11.7155370294866,6.3280414666197,3.64428242585046,-2.42870259205237,-1.93876478681993,14.3165669295204,1
"294",-0.662697834518964,6.46828569580294,11.5592158288629,-7.95575860442372,6.09733908782313,7.39544565672924,3.43577238169875,-0.700639964293413,-0.623685775266321,1.54541899703616,1.97251995128433,-1.17855516044243,2.58339925972347,5.92914607495821,9.63741479158904,4.82815077503655,2.49246299596593,2.43901074972755,-0.248121665379471,18.528527804645,0
"295",-1.81412123069818,5.11959843566709,12.1176300379388,-8.34090041699734,7.87614794494447,5.97775318906157,3.2067064523836,3.52583216514604,3.69814064958088,0.200662352858723,3.31893250134202,-1.01625491044608,-2.78972633558253,5.79153498162596,5.15930513783572,3.85267953283106,2.32988792790954,-1.45282848806675,2.10382080967655,15.6477043836237,1
"296",-0.778314001085997,6.65893006877738,10.0662397763855,-6.34504636275958,7.75745610274211,4.26112900473627,5.15396286199056,2.05195291054819,2.96300661025924,2.00181429142429,1.7636282546811,-1.41512064966818,2.85924751959742,6.7950624707257,11.8382800540566,4.9616471044755,3.77032388708775,-1.22071780778565,-1.34455594245957,14.1936800647264,1
"297",-1.62911124971603,6.80290003327201,9.56437876426989,-8.17296685700223,7.35790203673873,8.58397704953827,0.665094215612723,3.97455131077564,4.77832873590429,-1.19502024068942,2.53632390055941,0.375129717779281,1.03366956331107,4.97358991354466,9.78345677151958,2.70389288168254,2.96699328310813,0.17057785474964,1.18767640599749,20.1883739441583,1
"298",-2.44581543729965,5.40639965410237,10.1757218225834,-6.27563667701364,8.2520127109569,6.1750736403045,3.08406971921455,2.71245017272676,5.69454993983534,3.0278533161535,2.06332471552378,-0.437332755960516,1.48164434133473,5.59730526252258,8.79609632062174,4.88563297647811,2.37661248127918,1.10873870191623,0.686015337219823,16.6585648635149,0
"299",-0.942157245163739,7.01253469818565,9.49004208573939,-6.18547992282637,6.92855618702032,7.97284543536271,0.835224550038549,4.46606512673228,4.72210849590361,-1.27602660808822,2.63849120055423,-2.11355565363877,2.64461900544222,7.35041470133399,9.54108246426218,3.90371884042067,3.18643698064938,-1.84313402335723,-0.0134443535665874,13.7708012526767,1
"300",-1.65862080861504,4.29058605360541,11.8406626867451,-5.73301206170298,4.43928572670256,6.27293297972915,2.5278971783577,3.19186089594188,2.71036616007353,2.70261652518385,0.516122088750904,-1.25568162781214,3.41383105340115,6.60316627076312,7.91483600520792,4.50746367826971,0.942132714312359,3.1742718995729,1.43744263638181,18.7122399267079,0
"301",-0.84840620137013,6.48884138179352,10.3394468595588,-6.34120440449225,3.9470821353798,4.86648372336749,3.82041687201985,3.8814631508005,7.02247568742837,1.884433331393,2.37395761218063,0.17254031327374,2.39031813977343,5.32261530319916,10.2224413304772,3.37028114923911,2.99405024644664,1.82146290828319,0.636214209229427,17.6611558491292,0
"302",-0.0648220655101782,7.65022608409576,9.27869136041261,-6.16503117459547,6.90932535617001,9.60427452285539,1.3854432106267,-0.322578351179085,-0.905859784032348,0.217783353716361,1.61185933312001,1.14492335300982,0.314196989644878,4.53100660822297,11.1146330482747,3.47186785812397,3.20878917470583,1.03699099375254,-0.746979144850923,17.6401594684622,1
"303",-2.25613196906283,6.8015462953096,10.1432401194464,-7.60749795843111,7.81087226243973,7.70708757310179,1.59734245252003,4.10166390761481,2.89065638854309,-2.62396682348384,3.52612847379822,0.643879216558551,0.355575083184639,5.01591515143121,7.8875216789811,0.958811842420546,2.70601294510944,0.438415635695741,2.76122146316351,17.3167757307121,1
"304",-0.994232782839136,5.61037022690316,11.2641257464314,-5.68279836184704,5.31130438591219,7.84665248357669,2.81853795965547,-0.791833129808935,-1.44155728170366,1.99069532705573,1.70341410264439,0.227522874338862,2.14998106503657,5.5400222885208,9.33858313566116,4.57427227526752,2.86514976892177,2.63070504117215,0.907072026815588,15.8141557068952,0
"305",-2.07947395169735,6.49104060438537,9.12003314829205,-4.89031756990524,10.0270396267602,5.54558933286447,4.92228366097125,-0.552460893180487,-0.456917251180663,3.33400814481876,1.57084590444291,-0.53514446177928,2.55115402995677,6.31140231797031,11.9734188532802,3.78978576836752,3.77729005103209,-0.278474202137595,-1.51950782648322,14.6165142267774,1
"306",-0.858644187170526,6.81536115543274,9.60617310201556,-6.66790768914346,8.4920772273445,9.25905273443057,1.18871638220993,1.08572255342447,0.0266209927605807,-0.626899938537555,0.970040446463453,-0.969788489578894,1.24812832249537,5.95106939337803,6.68352035281818,5.73539775780882,0.962832830339375,0.585514207632929,1.91874473731122,17.1808501328538,0
"307",-2.07067804429898,6.64929861159627,10.1508597667168,-4.90069924614004,7.92712564301172,6.72464566507051,2.44278797192227,3.87538341982181,2.81713885634744,-0.371373800982995,3.27166126298999,0.341250486970951,1.26165098339331,4.96711412391158,10.4453860413947,4.10630901580381,3.88923572577205,0.845274353530548,-0.147402715921006,16.3835315733821,0
"308",-0.507904558183707,7.20038759510381,9.91325407796949,-4.92643692034025,7.19423360596687,6.2521346942913,2.93774972884365,3.53253667789238,1.93376860147779,-0.567110077359994,0.958574653363801,-1.28720123122409,0.740596425536795,6.29074274917063,10.6844777938428,6.17559509334372,2.95770685130543,-1.2836232765783,-1.63621152081341,14.7671708997829,1
"309",-1.80175918939982,5.94176382738437,10.4313264207523,-7.9233645369383,8.37894081732106,9.60437067241794,0.208638555064336,3.13386521697219,2.09001928328695,-2.24399591170639,2.41936015096165,-1.15335194323885,-0.604184481140556,6.2218400533339,6.84620081148739,4.05660696692203,2.15699752044753,-1.28141917709474,1.55108974048955,14.5882391947868,1
"310",-1.41962170656128,7.24387022486109,9.31172748561333,-4.51565685471427,7.60502396523693,8.15591350147653,2.04225136901029,1.30240789369395,3.27991152595753,0.458723619530861,5.06803513129353,-0.687144524659607,-5.0916945562201,4.94915001157095,1.76437230840949,2.10125036923026,1.94330137854167,-1.65199423459223,5.96572764063373,18.5130597219514,1
"311",-0.239632865280248,5.22190112968765,10.9538343518563,-3.9505156046405,6.93760899577436,5.1207008772737,3.49780135175023,4.27606705086059,2.36215256609225,-0.246970512035657,1.78252992108686,-1.48204026840115,3.21886371000237,7.20534690116513,10.5948079160697,4.6562708020155,3.43413390337719,-1.00328647900151,-0.871798621992785,13.2358345148543,1
"312",-1.60133576914689,3.29161928013693,12.8550787264241,-10.0910360178437,4.37992565601049,8.81094836721174,1.26894383888119,1.87686589156239,2.29362865408525,-0.140495924037728,3.41249485003935,0.66756206720937,-0.0545700658560444,4.90259467873838,8.34349655573874,0.920745367441728,2.92396362643441,0.364748448574961,2.01955615145802,17.4185112157022,1
"313",-0.257617770886262,8.50245596910899,8.72971061048518,-5.0361000291332,6.52708533389312,7.28453317555363,2.47221615118145,2.19444577953066,2.91358658335236,0.576047544375761,4.34628147009973,-0.331872348307022,-0.785674335922194,4.82667808786751,12.3082885558241,5.77190776914951,3.38892928726975,-1.88540486206767,-0.796400953536638,18.3003497955087,0
"314",-1.78336343536114,7.13392305617191,9.87081100650264,-5.95365650899107,10.3537169323128,7.91195098845401,1.52239113186473,3.21664960615616,2.1583742332508,-1.17786242211475,2.06849729179212,-0.774778010055261,-0.44968011114674,5.46066388381869,8.49368881114659,7.0258333373501,1.34733303568496,-0.635527663550241,1.01536079825232,16.2059411652246,0
"315",-0.256106885253964,5.27748247333168,11.272246764557,-6.35043875082874,6.22223658951286,7.66181554883287,2.62304722973786,-1.08584993033291,-1.42343643235792,5.60644463791401,1.30295790393835,-0.202154492522508,2.71447303602062,6.26965983832278,7.43351494078569,2.65690869093087,0.78102259187201,1.06885218010426,2.5586721147998,18.0491218820102,0
"316",-0.876805203775861,6.72388046649397,9.88577987730093,-8.63913878175637,9.6291451534844,8.54923102686882,1.32635846254525,2.62714595752206,2.11798906747038,-2.40936608683266,5.07806707952667,0.676723266356697,0.197433444607671,4.27443332771377,10.70780256072,2.19331296566964,4.01733476869986,-2.60456135572635,-0.121227239217968,17.9737265651191,0
"317",0.0717189052440379,8.05839743672171,8.55628040931566,-4.79005859048052,6.9863963553304,7.67494375721101,1.8437028803261,2.07828138667735,1.05245967436515,1.10667124324872,1.51599587392467,-0.0962482998205414,1.0855533433352,5.79612703164758,7.62930497406168,5.81782959894436,0.785660396420154,1.46469968958592,1.4897296293426,16.1028452220945,0
"318",-1.99730371985871,3.41045364074645,11.8224260267374,-6.25207277816475,6.66302041936348,9.83388600867786,0.562460535273219,1.03571970633843,1.97889541974545,0.141614364540514,2.87665067498523,-0.659251899732003,3.24304885239499,5.54316571398646,10.456944074116,2.09951993896162,3.4983020852732,1.74764252657179,-0.54155095719227,19.0059861646732,0
"319",-1.92160915361201,5.2204767628652,11.2653865740137,-5.3165594238151,7.4663184704251,8.12226222243048,1.83538837732148,1.30458810262082,0.757896081766492,0.877768221821178,3.25680238390483,0.518521829588115,0.342911743778625,5.17537081908272,9.0609464552531,2.99513756227903,0.615861577549095,-1.49664917892223,1.90376856427125,16.2353937749626,0
"320",-1.18230790519984,5.87519298292313,11.5361895184452,-6.95972540937422,5.95131911252696,8.48077412139798,1.20915694104199,2.35763084776607,0.0904297103518821,0.30178764090267,0.913452547323306,0.781276186186675,3.23844520018293,5.44003554125578,13.061923089822,2.36243395831586,3.34633853119484,1.06212054953318,-1.01986610270725,15.673783278131,1
"321",-0.314565528835861,8.870660626531,8.05320543191639,-3.84897335354861,7.06342152832319,6.66254154334417,1.38464770217406,4.65546814388464,6.63565261256665,2.68883254388449,2.65679832127139,-0.788129388730345,1.65373156978698,5.29276623343,10.4987981429259,4.58726917555877,3.3124028985729,0.790332075235635,-0.306756497617917,18.7259663907877,0
"322",-1.1831030198285,7.64856720752302,10.0509859752601,-6.08796998136942,8.74900356774402,6.84799261364565,3.03165772940881,1.96970789698479,1.90736846297271,-0.642489734243223,2.06608448196666,-1.27376085059165,0.701548721416151,6.25783443510063,8.80077402664418,3.9757450072482,2.67299046268679,-1.33707514670142,1.34283892928632,15.0353001264118,1
"323",-0.510774373100582,6.76310598821623,10.6149585706611,-8.06974792755346,6.93167072441089,8.19323543101197,1.80064284711556,1.55908122136778,0.419659969300616,0.56130433973587,1.6666137345649,0.0188943480980395,3.96158601990209,5.92604011926476,9.25206609933294,1.66760512076355,2.00174458188526,2.97515066006956,1.18891994017815,18.1964666551571,0
"324",-0.409024007512507,5.1710230431947,11.1581285927163,-8.49012368509579,6.03886020987305,9.56650534496928,0.338416051919743,4.44214764230425,4.68676282284567,-5.72934271323752,0.63311420895547,-1.23669775398488,5.20608737459097,6.87076414113857,9.71180849493426,2.7355217245512,1.9762830649938,4.94263995661653,0.80982495141612,19.8932775819003,0
"325",-1.18784454931075,5.39169203000317,11.0797986359899,-4.80082799574297,7.97988835976742,9.75855675989784,0.0144890541168512,4.05171880529117,2.20767162815573,-3.8475205757434,0.661578904112506,-0.499719824473019,3.63728492194983,6.30790730646443,8.10380125473239,3.64220570025172,1.45545169475248,3.56282099906594,1.79366932587398,17.8205862553579,0
"326",-2.14990253928091,4.42708335610131,12.0586429444841,-6.9520576725112,6.16350268369481,5.46498000633203,3.330361922237,3.97933167880337,6.78017010512386,1.95069414625474,3.29306085353156,-1.17999849458055,2.22562901421346,5.24665656883276,12.2820693583893,3.9248969221806,4.48964539648784,1.12685726391824,-1.54382911831314,19.5765368985898,0
"327",-1.36574789910303,4.95555667354697,11.2897721233973,-9.00532439488045,7.55313256142806,9.2740104378639,0.105294882349387,2.7644250887593,2.49614731048215,0.581129811073601,2.29238128570252,0.486565370265958,3.86816976150963,5.6418346098822,10.047770121414,0.0719532573096009,2.0726376119869,1.91458374402683,1.96617792957892,17.994528840041,0
"328",-1.71507404707545,5.5481098368411,10.8344415765003,-6.33933679975744,7.83795982958996,6.0300737812919,2.91943462006199,3.68668187611269,3.81428390451223,0.0470866720853885,3.68772538866186,1.36502278127943,-1.75394685769716,4.37589045853577,8.56798801821894,5.11169580730031,1.78649371696108,-2.72230299361028,1.96711335314483,13.6488004652231,0
"329",-1.54427548258018,5.31240838295523,10.9801521794824,-4.36687016765791,8.45689985474148,5.10438896198484,4.90627660667804,1.76701683439354,2.86242333950582,0.860450816191899,1.98557140224843,-1.50212042653379,2.54547414951994,6.86212314343481,10.5140591954976,4.1296833189415,3.25428690489637,-1.26401734883113,-0.430317281711695,14.7815914385506,1
"330",-1.38165296000533,4.81139849430792,11.4062664863316,-8.29948388194543,8.02373866709321,11.0619475063506,-1.08551036841843,3.02723112812947,3.05757430655584,-2.45543724766155,3.59814541645289,-1.04454915680218,0.33649036131165,5.79913014706488,9.08460334137065,3.81389410611428,3.62094143792527,-1.34952419839462,1.13532268647747,18.2326451722547,1
"331",-0.625705288478057,7.3240834491973,9.29096689215897,-5.08319386373102,8.49131149781052,4.78962047958735,4.36426495363127,2.5960449762971,2.37427511662215,1.67860391930827,1.29294644852517,-1.50760337531542,2.66924075584826,6.59726083076006,12.7991853644142,6.85485128984773,4.0279951095871,-1.31858214587067,-2.59844631297317,16.8884489585809,1
"332",-1.28593167705165,5.50975632764015,10.4507883434965,-7.19789830360046,6.33565696664736,5.9679220874464,1.61290903104455,5.26222646900188,7.30932559253021,4.06715489646905,2.18447707859412,-1.95964980607836,2.10041250997925,7.08545979573262,10.6577326245681,4.86394077605651,3.38738471162127,-1.8031815505128,-1.73306701346759,13.8709549108297,1
"333",-0.324578079876426,7.85737873237727,9.1829436395221,-5.87306844424455,6.85771678176196,6.62230387843746,3.60115113825162,1.97789672720531,1.85729740409288,-0.847672261114563,4.0929734227569,0.273345818161637,-2.00776590322214,5.08149303057645,6.51818914562386,1.31275927319708,2.85103662876721,-0.206855823270227,2.36716337289506,16.1829926130063,1
"334",-1.30927989487893,5.40469278768648,10.8740549207492,-8.7372198483342,6.51982416391318,3.7688844624988,5.19262478061977,4.41172961821337,5.75311400875011,-0.337106807521418,3.26571892773945,-1.05280536676055,2.21240436098305,5.36679535199052,12.496556610985,4.16324827767689,4.64974738016932,1.38431936054552,-1.46398887242271,19.7342284279278,0
"335",-1.4738596251364,6.07559892321288,10.7833166711594,-7.23198554442416,6.51112001916437,6.63929328047462,1.77010143898223,4.27468070992985,6.54907163214022,1.07517812345717,2.30304693143786,0.47971389742472,-0.0619787225026405,5.06548941486317,7.92034205016468,5.34814079350784,1.81187123945942,-0.49758915397479,1.75071182930518,14.6966426514439,0
"336",-0.675464346952747,6.44024023374504,10.2309985031904,-3.42332305468579,7.15539603961255,7.49102379870338,2.22124340739307,2.89684705058661,6.54954512981963,-1.08193622368759,1.93637156313133,0.308502961114906,0.236944568321014,5.11151842367638,9.85969710352121,7.26525342602927,3.65944636010661,1.66386513760105,0.214848300566821,14.7855728110066,0
"337",0.0767028117002779,9.86384692363001,8.070345339663,-6.00840473279931,7.1683389551166,8.02247927370909,1.54126684059285,2.36587334827275,0.536916098772525,0.404417861579262,1.88855584479309,-0.302538967679603,3.41099827900362,5.86504205138971,10.0015377977993,2.66661846036467,2.22428306224831,2.7152252885891,1.48004129913263,17.5969787660373,0
"338",-1.62039023107853,5.59860936997153,11.4495055876469,-7.29774847980798,7.59500724610112,5.65841521669841,4.43105704195883,0.883756969662131,0.637221969862385,2.06264834983604,1.19363271586115,0.4969740140334,3.90029678100987,5.94591520018005,6.92529016669475,0.483011280341298,0.927001908086091,1.93178369149621,2.96338715782496,17.013241913666,0
"339",-1.30283118002875,4.91097805779774,10.6508906620769,-6.20465913481398,8.17063506100346,7.11569665826553,3.35131536078901,1.10103641315415,0.867241630560856,-0.576665164704593,5.29902391676571,1.58064240115992,-3.35031191788618,3.16585638962686,5.96274960419659,0.472555870877978,3.29604741487468,0.535335980364086,5.4491623889174,24.3352520622066,1
"340",-1.13280486767895,7.42855877951215,9.51876831311423,-9.37839732515862,6.85081852816197,6.39501511452246,3.39717637828843,0.686531653502673,0.201442703924512,3.05336812453303,1.0952039928791,-0.0312850559717244,2.75695579904714,5.94726775192184,8.9821479083162,4.26076550654462,2.18909449214559,3.04323321762353,1.06510253054437,16.5022744443772,0
"341",-2.60298803487755,6.07470721024045,11.4720037018251,-8.23926025755364,7.11063357246293,7.32283873442205,1.85272033051167,2.99573135345363,1.39062001931834,0.521964956173255,1.63820209393712,0.0208399684536081,4.22775587821522,5.92118103005242,13.1903209013441,2.81668547798087,3.52564159020797,0.375071388386257,-1.39833543929792,16.2958180683406,1
"342",-1.10137669516769,8.26505649788204,9.57591481028616,-8.31625153372814,7.84393308308858,4.84718805203602,4.07876657817885,2.20155749888964,2.6971718172798,3.72437766332248,3.39212479091443,-0.0173255909605871,0.227771381804498,4.97758658798405,10.8980521718519,3.92058207685963,2.65631457400002,-1.53635852574839,1.04976887498092,17.2318044369509,0
"343",-1.44048503729924,5.1861860926235,10.7442525574847,-9.22616083031465,5.69470948510342,7.84184805315312,1.51352609436312,3.23162443710949,0.572402361308006,-0.507701174074644,3.72723185651316,2.62441384411162,-1.51015100059923,3.44788764753628,8.88951551339183,0.675257508454607,3.51498730454195,2.12591671038015,1.50601743547009,19.3130177060285,1
"344",-2.22187182544911,4.99294423387582,11.5568793513535,-7.11323464919371,7.80245165791597,6.07573058335926,2.21931569922154,3.92269805679999,5.57816579028012,3.51194365387637,3.60094769944483,-2.66207324935311,1.36714470858653,7.12050365322894,7.61453827762074,2.57831889997211,2.52994943012246,-2.75790014931897,2.18633061688063,14.4541577328973,1
"345",-2.27436298162045,5.37953921267262,11.3294390801986,-7.84563388892554,7.09039358347662,6.08526698752181,2.73411893373179,2.58187877605296,0.935403672074233,4.05837742341105,1.41112354968381,-1.01183623333183,1.62920401277129,5.99716832545931,10.5425336184323,6.29555276383298,2.87240917767994,1.9051214401265,0.418011640721167,18.3308615105166,0
"346",-1.28718837513494,6.30298654283196,10.2907867114077,-6.61417601734116,6.68143502219012,9.6224669830475,-0.0510063927867144,2.9405205811619,1.61884190727658,-1.44073082037009,0.308852650314002,-0.0076496326464808,0.937426555752648,6.07580965456887,7.56159051945123,7.48708977652477,1.28018088685605,2.64374064051425,2.02929447721631,14.4578061362951,0
"347",-1.42160815366416,3.48629933514361,12.0662432553758,-5.50941957419388,5.1740670175715,9.47543356599014,-0.0709566241894435,3.82053486657307,2.69412856521659,-1.87866251885749,0.798591748328405,-0.60455541234809,2.52686958098011,6.28234667718064,9.04928655467121,5.584815082833,1.49094087909125,3.38615459053112,1.35404931043364,17.0829926646244,0
"348",0.216687401374615,8.47360500497145,8.27148885127635,-3.66160241855552,6.94596931569953,9.30903099051542,-0.403318220954583,4.84848401353419,8.05613394575426,-1.16610973847364,2.58611544695041,-1.95400866114253,-0.0170076227712783,7.1918944391795,9.94526703912993,5.01158277161966,3.98786966328282,-1.96738249256139,-2.28056523401228,10.3737082631875,1
"349",-0.974311586192111,8.18081124288063,8.35849593350582,-5.2900347908778,8.6114932035459,6.93339565605185,2.8369917854743,1.55353822911391,3.63520781682457,2.1302784461179,2.80926559377704,-0.547122579687047,2.28471892010704,6.01656133976063,10.0011890041836,1.93670966755454,2.95075767651818,-0.499739023637499,0.870213611428492,16.2474476729569,1
"350",-0.986606485695421,6.33042448439898,11.0249193313984,-8.24232059724391,5.83624030870133,6.84978051372573,1.86748850934345,4.08197114844072,4.82405658933112,1.62381931447777,4.35733078129081,-0.679032479932968,3.36395351569496,4.99664743954362,13.7321198986516,1.92523493826679,6.25776565201803,1.66429502814764,-2.66872585255537,21.2430166585278,0
"351",-1.9190647992123,6.47716923084688,10.2149289291741,-6.83796945336094,6.39549573741348,8.71587812718046,1.83845612018791,0.451493912323355,-0.0931937071202817,-0.080492156346904,1.7163521274864,-0.332024801961853,2.10674384738058,5.8343926929799,8.32018477157946,3.44953030422571,1.01672124592054,0.927560462257706,2.23397351205036,17.4318321796221,0
"352",-0.890395474087861,5.15204158554234,11.8840050538338,-7.13846782663465,6.33509829327105,5.99576569046467,3.00057325817289,2.35960983315991,4.2011830868672,3.65119598164851,2.96630258987578,1.30271297407612,-0.641536830022021,4.74237559663751,8.23645655029171,1.11794778095285,2.7457954532692,1.11110558885343,1.09284196839201,15.6456140966759,1
"353",-1.8876853993241,7.29716220405014,9.94176387015106,-8.07301550851215,8.07356272118593,10.5332562939089,0.132609757592608,0.848241754566323,-1.1507105560131,-1.82508001245022,2.67429153604894,-1.42821702587953,3.68899568771331,5.86195708788035,11.3404482110056,2.3767726540993,3.63909281495796,1.7541718686289,-0.872424927014238,22.138219039884,0
"354",-0.411236871947368,6.27503220276131,10.5826240190178,-6.67953846185022,5.37486162677038,8.63270108795869,2.13384003826196,-0.095473133375354,-3.2930255731101,0.239999159248093,1.91600320992187,0.972755758670789,1.45273343874585,4.89590846512274,11.3282028705275,2.57771580886896,3.23214613933733,0.967583064294052,-0.448922725814573,17.3220227153664,1
"355",-0.800439036915247,4.67108768272086,11.6799943884111,-5.33975810920214,8.21607057446145,8.16066110964817,1.35719853762213,2.09820105412603,3.55407076098754,1.77323942151283,4.24576749628543,1.53459328178273,-1.6756348306641,4.02075148074346,5.60468030603484,-0.261764078685712,2.12553807826608,0.991717508759397,4.34872889137059,19.7536882293297,1
"356",-1.69817980305266,5.12029410561349,10.4961097201364,-5.59998234557217,7.81977297012625,6.64756269986041,4.32271032009336,-1.07095319878561,-2.12402459715874,2.60664631860471,2.03059180196298,-2.25076245812024,3.1603822777996,6.97449245880805,12.1036806313816,4.43187669021339,3.67290533077347,-2.13735646071963,-0.90490712727217,15.6468630015165,1
"357",-2.43443529962364,6.60909227165099,9.63443423244179,-9.00422238221377,8.44596775409001,9.04550880614693,2.02244866508123,-1.71254380936616,-1.68111991477939,3.81350244493976,3.82781326178668,-0.176449332727897,-0.497074416917464,5.56000846409319,6.57667726161867,0.907195105104006,2.54898458328974,-0.443843370926689,2.81616432749252,16.4403743362569,1
"358",-1.45940098348051,7.31966562712227,9.65522408038056,-6.03233185861234,7.38654844091573,7.63037770410137,1.57629952005825,2.16026496649474,1.90455274705366,3.64397274745025,1.84003918042572,-1.16496870585501,-2.29915703784798,5.50675642198331,7.89982928059505,6.86032692485064,2.98442265220302,-1.70327766941479,1.67022143108177,18.2312171040122,1
"359",-0.585675351692554,6.35362002325199,9.58874056719582,-5.13109292748798,7.21031826458867,11.6851514843873,-0.582665682157211,0.669551805989289,-1.58853794070434,-2.32951123292407,3.84800071884349,0.724540800623777,-0.840744785739851,4.47312438204375,9.28818172944895,5.14585778278479,2.85959607056802,-1.80321666640136,1.01188992590871,15.420877619648,0
"360",-0.5908606884113,4.51847150959361,11.7097739093425,-4.70959628703873,5.70589828826664,6.85233907171202,1.74872609144612,4.86999796609953,5.97298604995941,0.077257611707206,2.91013415759244,-2.2004563856206,1.39196195743219,6.88570339802465,8.57601476969351,4.0575259972842,2.96956267186945,-2.23956056521611,1.50156247918955,15.4309943958538,1
"361",-1.42815660695924,7.25129470577995,10.3495698725859,-8.52157101750338,7.11800129919816,7.30650945469161,2.97557674459771,0.0318489393561276,0.401651985303547,2.71557234646715,4.17461331808964,0.348916402495017,1.42414218172335,4.84990833559093,12.195874634667,2.71865090419807,4.11611110628686,-0.244659549601016,-0.131596458483614,18.6877110823661,0
"362",-0.624732871835347,6.62776382133202,9.98280924602133,-7.30944281301379,7.11780165655577,4.60858377664126,3.86019277118451,3.98838300680173,3.91367676806742,2.42528271556652,3.08764743847839,0.585084111779395,-1.65050120183397,4.48052627641205,7.77659097895926,3.62737615816779,2.95848142522433,0.0793501454761666,1.85890495365566,20.2238068490829,1
"363",-1.25023203885148,5.67064486319547,11.4492536604928,-4.17447870292724,8.91918749566068,5.51809493843123,3.88708648848095,1.96571441624514,1.94400436376073,3.22446762850917,3.23365318809218,0.0629840202210434,2.70356916763649,5.55880068428608,11.3785803772661,1.30998675219233,3.1326042964728,0.498718894646947,0.690426129583551,19.1937224243748,0
"364",-1.42043710567001,4.77244727987471,11.340838185962,-9.00927292625202,5.2753103403847,7.16519258520476,2.42028850880037,2.40116335977238,2.35506460169349,1.03583412026509,1.65675886197663,-0.818373318842712,2.55035774595614,6.18607502287724,9.3130617222792,4.03213209142211,1.4103883721056,1.78843683668129,1.01256299303189,18.8848546601085,0
"365",-0.38732982773262,7.28238844845036,10.5661440867747,-7.61065667816092,6.16976502917048,6.33087640963492,3.27312368238819,2.07202701246334,3.19027032940461,1.47171413001204,4.94234310507998,-0.331537300757486,-1.79099899113311,5.04587953802435,4.50037337209817,0.605768165818136,2.13041998982011,-0.95838143536287,4.77744035169325,20.0378259699348,1
"366",-1.43953166759985,4.92860489719295,11.444344087873,-5.53607168708885,6.535497440996,6.97605324971423,2.7380000052226,2.10706291904798,-0.534187701789476,1.09075232416866,1.50720441008015,-0.617281492868475,0.481626812014268,6.02285921371034,10.7414026042087,4.82305936865953,3.55076677920674,-0.627307512006733,-1.07941914118359,13.9854497245885,1
"367",-2.10193232343776,6.39051793560454,9.91191697207334,-5.02045786526724,8.68306566491026,5.69047823747634,3.25612141781633,3.5186814798354,4.11310350023478,0.593426088832786,3.82693468763704,0.534480280138108,-0.907349456427326,4.71615686293837,7.94961574242402,0.997683500183437,2.88962195099966,0.1394291852976,1.99561137421262,17.2063284841672,1
"368",-0.817314457670652,7.49888176039588,9.98457188683687,-7.09934636214039,6.54726722076745,7.97735548690489,1.56178337726507,2.34702528197029,3.79727865420597,2.1166495165749,0.61650191905944,-0.406848282215371,1.3944190934976,6.08709668994683,7.3105010925677,6.15866324361858,0.965305011288463,2.03220166954397,2.30522113291776,15.3721264378535,0
"369",-2.11493523795599,4.81606674653006,11.4342122585994,-6.65661423798288,6.6748008612821,7.99583757305855,1.31904160445426,2.3891925250037,2.01385765982852,3.03905678202509,3.28911637966495,-2.4725592932604,-0.647171363629908,6.63947727971816,8.33547404926349,4.78119682993904,3.29978528860617,-2.83611047645484,0.546326368071216,15.1543750067064,1
"370",0.210348872160212,7.9174360112576,8.89720796105629,-5.20973500488915,6.83592906622885,4.90295116704498,4.0191597528997,2.55841068681618,3.4337123418523,3.10485717658697,4.03513352151082,0.510212443702458,-2.27288427898059,4.82041847808936,4.81121094018267,0.525769112582959,2.04161249067838,-0.00348944499084569,4.19103233584781,17.0309665216893,1
"371",-1.34008439411739,5.82391654043438,11.6436933846643,-6.99865024712245,7.15123013376488,7.50133445377041,2.58773810879739,1.90185367521886,3.88726957290659,-0.834995090373911,1.84442330799395,-2.68095937464976,0.720730617729662,7.28662086569738,11.3750589380525,7.91889996479955,4.5276165568882,-2.75280501737085,-2.00104235635673,13.9774488577372,1
"372",-0.671507844566904,7.48496246233819,9.12750398820341,-6.50588731525627,8.0403618055841,7.38853987015302,2.10376480441008,2.61220150419686,2.78877946245572,0.288630148615521,2.05669563629497,-1.07883011016199,4.34195599297322,6.17629204324917,11.9544887350192,2.00545452730711,3.18350199837762,3.19894125201008,-0.405417141956671,20.4063282594607,0
"373",-1.65610958456192,8.07663612049807,9.32491930543574,-7.6149828090691,6.72540481683991,7.35250459468867,2.65773273803864,1.63419057086573,0.116220532500411,0.70442917582773,3.60176098746061,0.83657508701203,-3.08368040414098,4.36837900723997,6.71578525787761,2.11877709451223,2.88223849279869,0.198003936954501,2.03607348711615,17.3813898239903,1
"374",-1.30894878173671,6.98124161922844,10.0979210620837,-7.1730593790413,5.77665482497239,8.54877605959297,1.40880383504151,1.78097780672661,3.30116615083266,0.0963292448473256,3.16305510088733,0.0997403127384258,0.591868174754569,5.34100487735172,9.27542296724869,4.13954368756084,1.73318670955882,-0.619056094477236,1.09427263430898,17.2476991298729,0
"375",-1.3277847387261,7.02581370331429,9.83552733213201,-8.09226499688405,7.47490199244976,7.23615111160492,1.38973906671388,5.26551851282008,6.98382888842701,-1.81197369577436,2.81612434661884,0.0534603292772851,2.60520954070368,5.24563950487554,11.3518133341161,3.40482620271379,3.94125863727902,2.20523423386906,0.0501494550996522,18.1215722089726,0
"376",-1.73782418754917,6.92760882781679,10.5978686496563,-8.37589972373374,8.63018778258384,7.67383898350365,1.9341155890577,2.6988155964757,1.94682112278586,0.269709648184967,1.14508774156704,0.0857217402660485,1.97357213100562,5.82156679883258,8.98891440329393,4.93490423265124,2.01963075224134,2.42479014879903,1.65682138233596,15.9468521406388,0
"377",-1.67882140073516,5.73936791541978,10.0135511647718,-6.48661943795742,7.50523049445529,9.42212062861039,-0.350624083514405,2.74695205513626,2.22133674998418,2.25594410219089,3.83500420079022,-1.34714284914502,0.63012687635666,6.4493084960637,6.92752752241045,1.86749439009109,2.59755290921087,-1.45713106328647,2.30929071349585,15.5882983455676,1
"378",-1.71276147874543,5.92211952313089,10.155656676109,-6.00278259439166,7.42568264572482,8.95230044197302,0.331481277666027,3.34924481744923,1.7244236947113,-0.189134164805468,3.58541357830046,0.262183810846987,-0.901401176003772,4.59412909056616,10.7171547519716,5.91568579206571,3.73618565438707,-1.70718114470672,0.269014321360158,16.234145995514,0
"379",-0.906683481040364,6.55564943779597,10.5792908377078,-4.36055643826509,6.89994875370592,6.06494118270124,2.6633691583865,3.82854476972737,3.69181164892575,0.622529775338908,2.12758514731678,-0.396454490022947,0.356452630146377,5.38703948505065,9.60603949277849,6.26886810840034,1.29664062208143,0.599877245797435,1.22346507773563,16.0498961224932,0
"380",-2.24272905801658,5.65482638828231,12.0610210958819,-8.26223089872277,6.57455961828482,6.5214802508939,2.69410022214134,3.6452407915812,4.70462546825746,0.0823994680709314,3.41866244991474,0.405515796607407,-1.26121355295133,4.96331947126127,7.82336548353304,3.08198629657373,3.41389142637448,0.00677713287371906,2.09873419558685,18.3965308113447,1
"381",-0.705183736236995,7.86564148475681,9.4554633742317,-5.89996783699482,6.54326017913205,5.58259429169334,2.55377632148826,4.79349822821236,6.03390970324817,2.82783319066535,2.13067736625906,0.790642434011461,-0.370934002057008,5.22774556675481,6.2546272763652,4.50887640794449,-0.15865207507985,-1.52742791610554,3.39685073430547,14.1916036185215,0
"382",-1.04339093675286,6.81518415938835,9.8823707148504,-7.16296895783586,8.51100998724165,6.98890528799807,2.37473632690352,3.14434292290893,2.40424748570999,-0.583470157868061,1.27520153390307,0.0379245184039966,1.77038181113651,5.9483919049812,8.20486801470068,4.43514707680573,0.995881414577265,1.41246570734354,2.05666054531257,16.6977785849788,0
"383",-1.43214632319448,5.78285881756309,11.0515940386839,-6.8555732396165,6.239721861922,2.37796053164895,4.66626085117633,6.69353564307979,7.48134245689703,2.57770226001468,2.39019991477637,-0.417125232750645,2.63611644318257,5.86186296336735,9.88091134122096,2.74340450707539,1.61820363425996,1.22689904388067,1.06733508976719,18.6137326118369,0
"384",-0.239720326023316,8.20494371846802,8.04068307868288,-5.19279425987644,6.91764842610831,8.10107523737939,2.42093243507333,-1.16896068205565,-0.823682717687211,4.44122131802488,4.0132541936422,0.520591709234909,-3.55607565931269,4.41009977143971,9.60820693132355,8.65687180432066,1.74314766237735,-3.52819643761054,0.820503728972753,14.4322493456103,0
"385",-0.469733178902664,8.30919473729098,8.72781276238282,-6.77307151123157,6.65168997088371,6.57561405420886,3.48989274941474,0.699285691919655,0.1001815329623,2.02616576567463,3.06141530908082,-0.278878744296806,0.840457364964045,5.1725009938796,11.0534660835199,5.88723756963228,4.62040831513231,0.892317051314421,-1.03896497675888,17.8637799391595,0
"386",-1.40253465180054,5.04476359524408,11.4035697311073,-7.40675895679596,6.99818477900039,7.22208111738872,1.21445095744832,5.52880862858967,3.27285094697374,-2.1436953313674,3.36957041261754,0.20538922782844,-0.874804617557267,5.01151944143888,10.6070485628022,6.35506649284893,2.49493014870216,-1.04309292719236,0.480231803045491,15.8110363849987,0
"387",-1.52403290572824,6.76651675913595,9.93714043999134,-8.71127896020797,7.59828212018783,9.73164636746261,0.468126729719103,1.52565690941019,2.18856793978638,-0.594101726542125,3.74392431824878,1.45436703364979,-3.06650592657582,3.87691784890251,6.3454266121573,1.51637479937205,2.65570198120645,0.801999272163474,3.09615078646688,18.8551196845052,1
"388",-0.545471452057046,6.86940243113743,9.85297964232393,-6.61498167407734,5.32661512538411,9.94369596075642,0.144858510252324,2.43568334215072,3.50162100991635,-1.15153700516315,4.27049271631796,0.147659922143599,-1.64526734176752,4.40028430888621,10.0765284067273,6.82953878841744,4.0730345246082,-2.18067334000711,-1.10297438378444,16.104940335704,0
"389",-0.581529375415875,6.12852659983109,9.42444678964508,-5.96419344350497,6.72089564773084,6.45151874448919,2.937784420201,2.14026748561515,2.068054039612,2.41605478938221,0.642781099227187,-0.414772407085779,1.00424804437163,6.14114120298734,10.2092792756445,4.58116847478393,2.70228597351083,-0.254085611457046,-1.05874633717931,14.0529427773897,1
"390",-1.54587019923832,6.83209270778034,10.2564887488727,-9.31629359755271,6.79398876931091,7.34274640434302,1.9859573095983,3.07472241572554,5.41704381181659,-1.10481631154394,4.21747953703738,-0.41668466615533,-1.37247241594734,5.07897275689827,7.41343231473424,2.32170330837857,3.25605354628878,-0.981773447651749,2.78767932935387,19.1038691951345,1
"391",-0.703724062951251,6.45718681330917,11.0276844706086,-6.26982690451832,6.51534589704516,8.74270436253606,-0.287667401902397,4.30018196023829,4.11815391991719,1.39659605459801,0.946911510353588,-2.09418496120934,1.79811399439323,7.53817351451833,8.57519054079112,5.15174976837021,2.02923395765818,-1.66572284471241,-0.630703225430712,10.5303065659939,1
"392",-1.54093995755016,7.64137665820944,9.5021556506247,-5.28355379704236,9.59667211401537,8.92141884019534,0.0632409677271877,3.02756852880058,3.2760966604556,1.83213536180653,3.09064782528292,-1.13981931358808,-0.564439523727087,6.0393172258472,9.23138412487917,4.57430219105887,3.79440837256995,-1.43549982699799,-0.394637694442898,15.7699777355593,1
"393",-1.54044968579709,6.58075817275313,9.93781089554196,-9.11791343890368,7.32897398976386,8.54758560864458,0.784655069383227,3.03009973800777,2.91179514483143,-0.406215407200804,2.63541556251689,-1.13919669676511,0.242649352076931,6.44435919739386,9.1848775476811,3.66770150780402,3.4363499047825,-1.2333302645812,0.0102592793244147,14.0147847866393,1
"394",-1.81837231214218,4.89267666124113,11.3052846718032,-4.81138704625534,8.85862599471808,7.21596685074056,2.18784876116934,1.64818374640445,1.33239251628332,3.73575855145788,4.49207958699349,1.18768343570217,0.164711853734408,4.19429487606252,8.41922950574117,-1.23900853529452,3.13862820448196,0.623349886781159,3.93222735795182,21.2744814436092,1
"395",-2.86412266476757,3.25698507795838,12.518255709934,-7.18650132663461,8.68284346096184,7.24782806505052,2.39283531996963,2.48664926569102,2.41405672143194,0.534807562893468,3.14226594887683,1.52690918200211,0.556667773085104,4.62797031359091,9.41651258520884,4.02663363782024,2.9104855110538,0.443475318168037,1.50941484845564,14.7366537995464,0
"396",-1.57998400759187,6.09912520318298,10.5095004435254,-9.2140627877767,5.96431881606626,5.19248057777326,3.25784068926917,3.68204727764172,2.59893745696029,3.09728892277186,1.22369721937012,-0.132221534637419,0.779492823305777,5.83868190959119,10.0592321059218,4.82915896007045,3.02241911222878,1.02721025740937e-05,-0.903379966331262,15.0654445642231,1
"397",-0.503555339598073,4.4254122026087,11.9814821194584,-6.18156120698004,6.33913549688348,6.67537172874136,3.16877274305427,1.37905066949183,2.12316061193319,1.06290850544446,2.24503522508001,0.612721713152079,3.89644453330403,5.36968716941402,11.9250723943299,1.2596517800379,3.08573527450746,0.930047538322305,0.124144634354319,17.3481441952451,1
"398",-2.47589940494532,4.69121083447676,11.9499355131857,-6.282913193903,8.46613922365839,8.45841197736246,1.13741010297932,2.39227356049179,0.90570888101669,0.915027985961498,2.91008664049805,-2.69938947087412,-2.86451744765797,7.01443005897171,5.95704409034434,5.43556670188495,2.81237263924933,-3.16642707301808,0.889424554940102,12.3184491128701,1
"399",-1.53740391106042,5.81420010599965,11.4604265784848,-9.83521033250342,6.53299834025725,5.3307693632641,3.6968734159416,4.19482535514599,5.20461134017168,-0.418691302761641,0.969659346626305,-0.840896098930367,-0.290083523983739,6.03213835039841,6.58401711461068,7.70865375592779,-0.633770460190723,-0.183839745124682,2.86637711150094,15.7888389560842,0
"400",-1.5249919852745,4.2075202364394,11.8545614836332,-5.91073181069019,6.46964747075184,6.51641499090131,2.40783612208033,2.96598146367104,4.53612412568071,2.48886320191461,5.56239387183012,-0.62394901699415,-0.724915607478399,4.29089048086786,12.6852482902633,4.66235830298586,4.69722581478247,-3.09334778922064,-2.01156449150508,19.8029195873658,0
"401",-2.23017473049,6.14047083250331,10.9919906218143,-9.09815606798196,7.88159567850259,6.97490103293564,3.69202477575371,-0.332770193721344,0.57618279016693,1.49340650100606,2.56743815456178,-0.390303041392598,1.5035689598169,5.54713103518344,9.49790798831898,2.84757858446867,2.89779282797156,-0.493846657810416,1.70566989593761,18.8005039591598,1
"402",-1.15906088855271,5.26181469601664,11.1590164335891,-5.25126079029122,7.58045200588169,9.9802955489951,1.16418273375944,0.729821832871787,0.748989952066656,-2.76038138926035,1.78379980854892,0.278255636232079,3.85918113680426,5.88389622900525,9.79695390231716,1.78535086674256,2.92411719623404,2.83596909593278,1.18748888182822,18.4888981941737,0
"403",-1.26891267076474,6.35685533809795,10.850822019663,-6.70255536714003,9.61415649686463,6.99340992597396,2.77430601468466,2.95717769381473,3.52769409303346,-0.761642165157486,3.35544257234019,1.7795680498888,-0.444263231076914,4.05985533685393,8.8598027855171,0.868842230239072,3.08582260165186,1.42887226938149,2.07609223093362,19.0567040872672,1
"404",-0.678273604694362,6.0592526866339,9.87381995347616,-5.47696704354893,5.71258953849595,9.06402641370645,0.443300128604716,2.82229291469945,3.41563907358794,0.00416662350427599,4.04530363131705,-0.0292764798082643,0.652259426933305,4.92464316649827,9.82743603175245,2.57613293115161,3.79671995946269,-0.40528268066279,1.38364727143486,20.8545337275591,1
"405",-0.61861821460569,6.80191127148127,10.7816028977999,-7.18788497040978,8.44002967923249,6.30354986613695,1.49888552569301,6.65731624789578,4.01691804797657,0.149030072861898,2.60465499173753,0.694195206062327,0.214193258774973,5.02235565231488,9.4632329329634,1.96116200197471,3.05864123474388,0.562738242691566,0.915402459551044,16.0715574517747,1
"406",-1.71287520839605,4.84817591845159,11.4287572501737,-6.17732354795401,7.26758464107966,6.35319920222219,2.59111186062581,4.08310803204274,4.27044589230092,-0.487023198695654,2.75181866956634,0.131704252564931,1.50603182583062,5.24550711708794,10.3976888372231,4.09767209041302,3.01948650260456,0.76134121659453,0.367359623721537,17.8974495909736,0
"407",-2.11447988576922,6.60231342438503,10.6563565579616,-8.39464271947828,9.25635206037976,7.99435912848295,2.35415219187894,1.15194866561148,3.22965543130861,0.233574007648896,1.33387071895741,-5.45215287000482,4.675977177502,9.96229331825026,10.0645711138331,7.83608064541003,2.81700375091493,-4.67529071423557,-2.60692470948809,9.93351019406024,1
"408",-0.474533290105977,6.14082492441049,10.177971435821,-3.45340428261807,7.49233212239497,6.41788899960782,2.67259027510049,3.07104485054852,3.70635343118555,1.07840007194469,3.63449285550305,0.348352639687845,1.33418032367844,5.07571534743606,11.4297075693817,3.11915633158487,3.29716790595811,0.0729783536681006,-0.55404715155652,18.0521874427193,0
"409",-1.2341993539935,6.43328840171574,11.2900453040078,-7.9374149226546,8.35128103350704,9.50795554765402,0.367297981880327,1.74935248525217,1.6314124573046,1.11447927550816,2.18797810021918,-1.620124741758,0.712085254835199,6.48109146445903,9.71969672457373,4.91422656973892,3.32601537974897,-1.7325344608529,-0.0899196717722347,15.8577168768879,1
"410",0.675005546847802,6.91526474410563,9.05781206067608,-3.12658935885885,8.7137401669271,8.03504953508557,2.23909106848252,2.90912506823325,3.97909081986604,-4.2254337735088,0.988471953353238,-1.09288996616882,1.14830651907736,5.99802776161883,8.41885077314729,7.55885193398621,1.76580976764034,2.18987054892769,0.549117899196638,16.7193713936768,0
"411",0.880151915813298,8.41427705098553,8.96769743318787,-6.03865364247183,5.46378541608245,8.1772053822912,1.14594703811993,2.51026368189788,4.97700239517523,2.86516854619175,0.742761884296792,-2.14023918047598,4.2430063671953,7.64747687868764,11.8364054192399,5.51770418213128,3.1526106817709,-1.51894789784495,-1.81741815697079,12.4462861816697,1
"412",-1.09011868965117,7.22402779050283,9.89343931875976,-5.81099931112707,7.62730234337043,9.60709355702357,0.334757778688558,1.86239925526388,1.18511804760239,0.911109639469296,4.10440016636411,-0.782199752976744,-0.073403944216838,5.97990346266225,5.6450419873846,1.50525923569014,2.1868604862574,-0.984917737163223,3.30897442858589,16.7714559057578,1
"413",-1.47092529981285,7.3517885397329,9.89175710509744,-5.95014681728148,8.15840781186023,8.37169120104596,1.73585023829406,2.46407635980865,0.829698969673359,-3.26891258253713,2.63458990663492,-0.248597601042962,0.664120966184956,5.46765471258647,9.31927026999755,2.93686910201861,2.98706614721731,-0.414515120703295,1.25157713323454,17.4067918637344,1
"414",-1.50166188580312,8.42533164122678,9.30034540309055,-7.38072563923719,10.5310081892523,9.15662117325427,1.26303427470954,0.0578604661755402,0.435473300957155,1.78418171062696,1.63762447802375,-1.36257252619062,3.16876569331486,6.23205389273216,9.13845456854709,3.88977256774648,2.10919970676256,2.134484839846,0.395725722519345,19.6543350513379,0
"415",-1.76415907822647,7.24655673763118,9.9184459926499,-8.96092414769925,6.54986684285695,6.35433417796223,3.51313870511034,0.290455936690027,0.313340212276746,3.30251529741806,2.54733579062178,-2.75540759916578,0.444306199308497,7.07860851593907,10.4318023460465,5.75807462894144,4.04887755335898,-3.06044805468576,-0.0942241206301333,14.5316378689456,1
"416",0.384182572532262,6.60346399765685,9.64120798398442,-4.19775690233788,6.77676307313656,5.5089068828694,3.79669030655976,1.54900682011215,2.33616468015917,3.93169193473227,2.7850744335767,0.698230033433845,0.065055895751343,5.28312252817258,8.53399508744745,4.45112453058713,1.7005078734874,-0.895792688428527,1.27277431431004,15.8827870344877,0
"417",-0.315084270543712,7.44958337485434,9.04631958097753,-5.27689111699123,9.13887277500982,11.0274211212665,-0.783434383353195,1.55289461122407,2.18941991444185,0.354971694503942,2.81366488207537,-2.96859996524485,1.39775905918805,7.7459363200353,9.07260977283938,5.71053714295006,3.47880798336193,-2.81815400073218,-1.13819362669845,12.5324309025341,1
"418",-2.17592804740371,6.9937556084673,8.80114808216061,-6.90310160647471,10.0368350990057,6.33765732151101,3.13388855334612,2.50140210241718,3.46399685089296,1.13380662047321,1.93734321165047,1.14513816934817,-0.582696880992305,4.58642952736444,8.77859238042067,2.63711035308653,2.5673673428594,0.979624623280121,1.12250774926647,16.80350542637,1
"419",-0.70311549394869,6.05743024920848,10.2063379851991,-4.13247525458004,6.68752435433278,9.72924571382446,-0.171649495092786,3.34825783090331,1.01191707876587,-0.924344141041668,3.8390211511136,0.42663810962238,2.22127716486951,5.12101972833083,11.8746422898137,2.46649018616441,4.63993766251177,0.869103097531074,-0.919568284927498,19.2430840606536,0
"420",-0.794474753689372,6.61729621323149,9.92760524445052,-4.16640911879961,6.9265737719888,6.74910634183316,3.84384662925372,-0.0945480300923038,0.295697611359491,1.87719698481688,3.17416347594886,-0.420901226352586,-2.58271527563667,5.08661041694524,8.82446216788174,9.59161689424182,1.87196870040961,-2.24074299641683,0.737091329417282,16.1161563593915,0
"421",-1.73718232169354,4.66332214751789,10.55521235704,-5.53008318622632,6.72318515524439,6.50199455976205,3.68421441572781,1.19872790953512,0.945146390909269,0.340220580730195,3.07013552429748,0.0715161655903433,1.02313812921531,5.59444578837449,9.49179328217258,2.10188215990429,3.40360832046488,0.0374578875454139,0.865688768526611,15.8881213837794,1
"422",-1.49447582086932,6.83152911349941,9.98655138978044,-9.57301630850715,8.01596746197895,5.96076928326416,3.90077892561259,1.13356350446925,2.8578973038212,1.68538916659425,0.780239447867047,-1.76180414342409,3.61435589705723,7.51681330036307,13.1181528070844,5.88069963020191,3.8989971504559,-1.21202528949921,-3.32190948366429,10.6383928196145,1
"423",-0.713051259874407,8.72458303666072,7.63841151739242,-3.62709108584891,6.70959999208353,6.42494571662807,2.71453926392337,2.68682186635077,2.91100014667622,3.12347306851585,5.03772235472421,1.35753992403217,-2.58923731387315,3.83630600886415,10.3141810186037,5.37643932578685,3.48635153485915,-3.93282647401812,0.467747169783697,14.6803449395097,0
"424",-1.85860996680602,4.69976655938877,11.3505085722225,-6.09242564266033,5.95601146958969,5.82847378893264,3.59796617790516,2.4474903343867,5.07102576749854,2.23139767682159,0.865322741967491,0.568228038972968,3.70371594192918,5.93815838964802,6.95704126843421,1.52788038147603,1.23038266708884,2.7906397967942,2.57731396340498,15.9414308661863,0
"425",1.05665809543581,8.19316902589187,8.62951855771683,-5.15371885129623,6.03469908121038,6.48346175988675,3.1396831748116,1.63663658700694,1.83107798074383,1.65538198195359,5.23607738227228,-1.15721132686176,-0.0664920250937052,6.12752472140413,5.78812824052874,0.490581787860307,2.97756624435907,-1.4883286017182,4.01539469326042,16.9509605325606,1
"426",-0.228167087982055,6.2596469610113,10.990092917003,-9.69004478750145,6.46611744363804,6.49664492176307,3.16646464162336,1.00847795722065,1.96080754929876,3.24409047782694,2.77202729954276,-0.129215930215942,0.740707544325528,5.19785902409973,9.83864966699878,5.24066537244721,2.38938064786272,0.347720416747016,0.372567000181699,17.0882439350401,0
"427",1.2436422114124,9.31013514377928,8.68900400676114,-3.72573716708351,7.680861291609,7.76034750538454,1.24305854597363,3.29675926802163,3.34434725523411,2.05161108882355,2.96230107162869,-0.0542861390622124,1.10777559651777,4.8840300041871,11.4692109479646,5.06043680307145,4.60142593017976,1.06971540864071,-0.778781855625464,17.1230592726351,0
"428",-0.915676565305664,5.77277188793713,11.0970555709401,-6.68900740207095,4.43790786685091,8.72937729806546,1.74645829469107,0.331082978585269,-0.935552326350741,1.10288258172694,5.87213527379327,0.683325867162086,1.23025958690679,4.33927735625796,13.5809005633322,0.706750777866349,4.78348426215793,-1.91965890448219,-1.52576881231259,20.2265160086876,0
"429",-1.06296153811118,4.44934636356657,10.5988390001589,-8.25543916400897,5.37632454204926,9.25698795751619,0.301910751959449,2.88104497557066,4.95653045154206,0.47654191031865,2.86090131541186,-0.906174845758802,5.18587318994981,5.65781030118999,13.1053094606192,0.802171341983703,4.96912141322274,3.73284479827911,-1.61478184034848,21.3822149589401,0
"430",-1.92140920084752,5.66419475832889,11.0600040804286,-8.05197412071757,5.7788472236616,6.62820958541137,3.16360778307884,2.393222785868,2.54325149624635,0.971950286937475,2.41278445461489,-0.715257088268601,0.710158563067324,5.18155939926275,10.822443498107,7.07521900264228,4.4276575577758,1.48128519869087,-0.942402696634446,16.7297698219913,0
"431",0.0107319364371674,7.28720938397581,10.0664370636851,-7.22692868474232,5.47297539058138,8.71392376107724,0.877792069920421,2.5865164452011,3.04701808259008,-0.385261661266572,1.12930964352077,-0.441149925101362,3.39068035751199,6.31090250630017,11.6315581796876,3.31860076204957,3.04411211070288,-0.107685673242789,-0.0809617665260082,15.290201140691,1
"432",-1.82157734057436,6.39589405121529,10.1832080530152,-6.70475268314687,8.22140918324105,9.28220240050872,1.09087734179636,-0.128243005448325,-0.322906156540967,3.36198331908812,3.11248815638273,-2.46035044078451,1.47366556300736,6.93656356657077,8.8453748510211,4.34547158918443,3.06737062400432,-2.50404825963692,0.540411809798224,16.5616167684745,1
"433",-1.05737139521692,6.28261021624248,10.9792753214784,-4.7433519001913,9.61628194913036,6.74449359129985,2.36614725607202,2.07561189028436,-0.147572481379497,3.68016021447804,3.91733243304493,0.231495331538715,-0.15096409104451,4.8307256016151,12.3261436279,5.19087118501709,3.96880501584701,-0.984166023749048,-0.465528917344964,17.9038121816681,0
"434",-1.00914143330474,6.85968222796873,10.3024683496453,-6.90785315665192,6.48635496937452,2.81257339046393,5.26114458095163,3.74563385320304,2.21908961981699,4.12473397345654,3.62033623755896,-0.151373620347066,-2.30655651552487,4.99182966573536,6.62061022955378,1.801366321436,2.55442680685212,-0.773392548973356,2.23172597283263,17.8674331656457,1
"435",-1.15436916127291,7.41343241806746,10.6343312859939,-8.80822349907916,6.72561157606134,7.03242462952761,2.40346862189775,2.59294658929473,4.06997883001399,1.02519485142464,-0.202969592647444,0.25251681733854,0.555496862999477,5.82134205481197,4.79487786565769,7.25780988748619,-0.742870151306027,2.07840085647752,3.70992855130588,12.6932693001507,0
"436",-1.0529580403322,6.84120508301081,10.3186536401105,-7.53296519269436,7.41540976448872,7.75253334672227,2.7186821415615,-0.918912674262359,0.396261651960415,4.16757197264718,2.06878921849141,-0.987331351546856,1.17953379192153,6.44795160323407,9.69984073424718,4.78941053200394,3.03924180667586,-0.802238679916439,-0.917008811043475,13.3099040541964,1
"437",-1.22539769153421,5.8466625326824,10.4999917862563,-7.17148508381427,6.59573267973935,5.71577178031299,3.274989631179,2.60711269233038,1.06388152585561,2.32605358475153,1.1080471242884,-0.90265576636235,5.13941553793109,6.466150903559,10.8587666996806,1.49869479725437,2.85130300729158,3.97337770686073,0.708972641678953,20.261073768839,0
"438",-1.00632275836271,7.36823122848773,10.5595309815104,-8.24793434737584,6.07848099010531,10.6479984530332,1.42935839299899,-0.717430669786669,-2.70627977161976,-4.23324857636938,4.664962892499,0.868356739736766,-1.63937820198325,4.08846711725723,6.67375259148833,0.505101086255792,2.59692042055157,0.155038005177332,3.68807067541197,20.7065697240092,1
"439",-1.97704894825987,5.54314531577039,10.8156690730476,-8.02317979973777,6.56746139303514,7.06899286839762,3.73148397424222,-0.360017470757946,1.58923351282626,1.54230886365044,2.99804957280203,0.388202332683032,0.545218017067383,5.67082832988108,9.58400624372535,1.82514344740505,3.67169497869664,0.360848057454968,0.175770199311441,14.2312887518163,1
"440",0.130301671489937,6.29878688247029,11.3698123759887,-7.95572208306194,6.51505665296386,5.39579049791278,3.28658484910748,3.6949544291809,6.53851448570296,2.16798469989775,2.09058283788306,-0.667359804215492,-0.295566688037766,5.85243543547201,9.7826152724177,5.50147371334307,3.49686695426379,-0.808138993886424,-0.824944165514805,15.5432017061501,1
"441",-0.783495817133085,5.9294580240261,11.2693707231741,-9.00563848437837,8.77071052331563,7.77019569217345,2.17144860376154,2.46953614801182,0.635904397006787,-1.66696615040777,3.50398677782086,-4.21156738089598,4.91172198575489,8.59958500143154,10.4638222246483,4.56248273305712,3.57128503140007,-3.83847567224852,-0.228684974696166,14.7533908702145,1
"442",-1.14303886485896,5.72220834679086,11.2250707413517,-6.06697563933131,7.0569918438105,8.9628599445135,1.40481023450636,2.13357058179873,2.29233882664318,-1.38191330210659,2.82407351617701,-0.681207478083373,2.40175115207248,5.89317979952351,10.3070922358669,2.50554820018091,3.20346437819731,-0.636383921796944,1.00242315795891,17.616979740479,1
"443",0.168704433307695,6.6607013204862,10.1649712865136,-5.94420762697448,5.67690594173911,8.64131306708969,1.89170254029836,1.06803595466441,0.811353186732696,-0.554278918722162,2.13202213785171,-1.02616543989638,2.05844837763612,6.56013338106764,11.0397930675222,3.44399446323688,3.52010262389482,-0.864455458659718,-0.775615088673544,13.032691532644,1
"444",-0.874771794894545,7.61129765788959,11.1755618665745,-6.39500325106444,7.31339881091784,6.08152327836664,3.74488146293583,1.88767715474447,2.99233229000361,1.15219368318722,5.22869879794672,1.22464250288664,-1.2241813339815,3.92810289042927,6.95155855117235,-0.985111887504442,2.97837012741062,0.530099221145512,4.63086627755162,20.2292019203183,1
"445",-1.43030207505877,7.424890604882,9.95430672591623,-7.50316288778544,7.38896247655028,9.05637066402799,1.00893052419863,1.57281587434118,0.483205067434377,0.12108610859098,3.74814829539803,0.670078435653189,-0.515155236549085,4.36903054056261,8.23756994023733,2.34409691236182,3.11015591671482,0.145413542156013,2.78848012991012,22.2763132832888,1
"446",-0.177672947172103,8.25587945972978,9.16887192286214,-4.80349735737704,8.46885485653066,7.47638291412014,2.23313630356684,2.01007302241314,0.192441812999213,1.49249568452541,2.11210984488816,-1.31303441515107,0.0881251396114027,6.40071983182617,9.18458563928204,5.07805269688644,3.42967801879438,-1.36218813336461,0.128263356499166,15.3047011665108,1
"447",-1.99229762754724,5.46253701782879,11.2375789432991,-8.10843458810504,6.08341275647068,7.12602376729077,1.76502480087959,3.80103252975267,4.68455441964529,0.124290588065042,1.97864588696149,1.15393371482945,1.70726766525326,4.59977676914511,11.8658346662622,2.56049477953353,3.41244772112238,1.11175540714896,-0.188940137481995,18.0467959978628,1
"448",-0.191541213867888,8.97460804451229,7.89524079294985,-4.58626727215233,7.03946494577589,8.85488127814306,2.52700935669882,-2.33375685173619,-1.4757521006472,2.91981054342911,1.53174113680368,-1.262408634961,1.44017475696295,6.4832755766334,9.38051515069525,4.82195148291599,2.34454019191218,-1.05043874222134,-0.927490119407044,14.1491318245083,1
"449",-1.05046001802017,5.46033724597849,11.4660688113128,-6.39709503875932,5.27630205268153,5.55097181158431,3.82926130876707,2.46448686399139,3.08130805254942,2.02852755486776,3.96041996783758,-0.0201140856855287,-0.350000019631621,5.09393246794811,7.17267603017171,1.37726135232229,2.71791913442056,-0.382112043047358,3.20191775638497,18.4802541173141,1
"450",-1.33993216063405,4.95151996538252,10.2592706436301,-5.95101590880862,5.20761858583655,6.37419160722333,3.47968074272005,1.07794776230979,0.461843943174297,2.12027370131346,4.42602356510052,-0.798220755758519,0.882547034083272,5.04621475772707,11.7556244121834,3.18194532000237,4.35561929606193,-1.7415814376268,-1.20811047389695,19.746964187002,0
"451",-0.307516455027414,7.6894908033251,9.88670852464801,-5.99929021202063,7.93848703232696,7.79868259737598,0.899138153101569,4.93162295452776,2.08004200759831,-1.51120376231108,1.84836654187539,0.388478301981275,0.781955145231404,5.42504588987969,7.10376793178949,4.03542866710301,-0.0729062196219474,-0.131620741976378,2.76025417870079,14.9087485818774,0
"452",-1.34942966534563,6.35479214242171,10.0030994540816,-6.21411995983594,6.44122064611195,7.70560648532734,2.35252346586726,1.29759493845053,1.1917948804102,0.394165870780799,3.80986401225952,0.824634441133796,-0.673485711620007,4.48661251254791,7.98836432205454,1.03652725409539,2.91010092562686,0.425793193482245,2.45446406601727,18.7915059667862,1
"453",-0.986372289874128,5.13945008872217,10.7019817257059,-4.20272049903682,5.95197970748349,5.11332962041272,4.98583955311161,0.381092372429972,1.59487018588354,3.39808835065936,2.55593860731865,0.380139158164724,4.34552699687121,5.89364355135684,12.2431267258548,0.751730506997058,3.54015526445819,0.844611682585174,-0.690668277929773,15.4199784445282,1
"454",-0.599436988323494,6.80143843879089,9.65170577883293,-8.12419430828771,6.52616516895227,9.15055812464773,-0.304647488565476,5.10010256819861,6.50366413383156,-1.38692916416705,-0.0942331257351432,0.0875705021451513,2.49477836621466,6.01360225005343,12.8218345538343,4.76069643719104,3.16927465231554,0.447273614968604,-2.39196702451162,13.5610998109831,1
"455",1.28159411076427,7.66361079119675,8.64395520228751,-3.96199406597533,3.86063348250285,8.07193326114506,2.46724322318947,1.47853723405211,1.62356137932809,-2.02911584744069,2.92761626062982,-1.8735986676586,2.93833113471545,7.15417390767753,9.44810638825791,2.64503322243047,2.96743518224581,-1.63274009103391,0.380669915809037,14.1251063223136,1
"456",-1.35586747190287,4.99365309687586,10.613853582673,-7.26400475544618,5.96822584723729,5.90487373739982,4.26792421833372,1.74088429219401,1.60764158471748,-0.852885786947039,4.23778608849974,1.08817279044081,2.54718765809161,5.30175205677233,9.00253622890249,-1.57949838435107,3.07053237456023,1.22950460370858,1.67331954517887,16.4397917597946,1
"457",-0.429299091084351,7.0284970598272,10.1872401043773,-7.21434446677592,5.05542261783654,5.5276769432307,3.82329481522034,3.39063299964995,4.21329203685729,-0.255528160886437,1.73851967477056,1.03019850535882,1.65712986195035,5.34514902786914,8.41928294235301,3.40668449813129,1.46897123231047,1.45819851010203,2.46679860315734,14.4040232013829,0
"458",-0.896218968885921,6.20871987973166,9.87349840267544,-5.95141010022482,5.62487911333488,7.5008996229209,1.71944504488402,3.63880325966289,2.52407821852252,-0.106100861888206,3.27360624849002,1.99000673575733,-1.31087917642988,3.78995116646229,8.21243899987147,0.0979206921348084,2.70773792973842,1.48559652681915,2.58807614036306,19.0208174253665,1
"459",-0.379741611501596,5.42237775000691,11.4296601134646,-7.13397800480976,5.17685360459284,9.84626319267561,0.608190074614361,0.74720208316027,-2.77199718260568,0.632169720590937,2.34423236922128,-1.31359182282479,-0.641567398369916,6.34514207734083,8.02988200520494,4.57263521552132,2.7415248124769,-1.44938386290529,0.246419013334783,12.8045906279928,1
"460",-0.219831446672044,7.20398765549132,10.2003199836635,-4.97419957673272,5.98000094976605,8.14271502561225,1.18789281951231,3.10591029113199,1.04947324356207,0.316003240326327,2.76592787032705,0.93622184345184,1.48057029377337,5.26939029950841,8.31941344657672,2.81472480769332,1.39914357586069,0.329008314447647,2.00086379065783,16.5500004329807,0
"461",-0.827560883337385,7.6739673644842,9.5654415357357,-8.20686061920463,7.06658442872839,7.24193670390104,1.68329102974716,3.73980689667063,2.23290702282062,0.771606119375869,2.08132313659303,-0.08064914974097,2.51052922332742,5.77030224858104,9.44271388017129,3.31278652576752,2.72916214904502,1.74064801067241,0.333030621583701,17.7137962472839,0
"462",-1.46114492197033,8.29458044706765,9.270119259851,-4.5651818553447,10.4929035461337,9.1643807003047,1.23518946406934,0.836726902365478,-1.47306701590575,1.43665612274153,4.56230465521214,0.882519146507496,-1.19178367574268,4.63696991197712,7.31042427815806,0.181945946215304,3.17238369905734,0.451006682086295,2.57444301929638,17.4282413224121,1
"463",-0.204788590681873,6.48911226041239,10.4585492133103,-3.90314521260297,7.79910139979822,6.35721393973519,1.50609812917138,5.58139557932314,6.96538572191772,1.70696963012173,2.6518280820142,-0.242308872287597,0.729710568762346,5.67493506224426,9.06527387655656,4.23470010451226,0.876737442386627,-1.00753446017345,1.91180248887529,18.6723693743854,0
"464",-0.0389559600623205,7.40019596720641,10.5871408492791,-8.68650015611911,7.82258144852124,8.65193414178982,0.954299598861302,3.07135051559177,2.37504902443107,0.504393633095248,3.12150324192329,-3.35345047789969,0.497954624000128,7.4335291904127,7.47415823501545,4.9002389056453,2.67359097788761,-3.48687322451067,1.27590958753704,14.4584331139689,1
"465",-1.18249147088347,8.12517426121862,9.80735792827607,-6.58100947405181,8.50053825901016,8.17196661250524,1.11232715578037,3.64887626222067,0.625754873863941,-1.59636391900512,1.51392702375252,-0.410891955640837,1.98378521168479,5.9018664233064,9.1126300652041,4.53125908423498,2.10465019315069,1.45057160460679,1.31971216271481,17.6779560246507,0
"466",-1.05407692172792,6.54822578241276,10.9336950739646,-5.30776385559653,8.30218228056608,6.74740974947845,3.13154651274804,1.13806202745881,1.95896060165414,1.86428045251379,4.03569097187642,0.799203232745864,0.100827133820284,4.66747183555977,11.0907528407206,3.81170646968943,3.69519961743354,-1.16776632504506,-0.0491495120330613,16.6523207395912,0
"467",-0.746307145081497,8.37378490622185,9.75287018658419,-7.50261187754581,7.28786659434203,5.02462936252848,4.95651040271019,0.291191994270926,1.50609443787325,2.22621941590655,2.05114399036679,-1.88608912200762,1.4257440337078,7.06068537770587,8.55770457115406,4.69750087779571,2.72393773261225,-1.69311969119824,0.474822559651724,14.02302672673,1
"468",-0.776883164086719,6.84640404850627,9.30795224115254,-6.41892912796582,8.93099011731446,6.80019937055476,2.81731720088113,3.92887812605362,6.14536645914318,-2.28740234166291,3.44999345686785,0.357090862002254,1.4000341078196,5.25010969738154,11.8450396406326,3.18197539980539,2.90980481552838,0.0127781200955543,0.681099748432543,18.7686251903914,0
"469",0.0461414023130817,6.62566244272279,11.1776555041019,-4.36155133161356,7.1013865997054,10.4744601226208,0.207962891387563,0.384244796736636,1.45318190741967,0.849149486726714,4.08823159522663,-3.9721993133048,-2.42256233438978,7.78639104696156,4.24091324207042,5.33016254767409,2.77957718088146,-4.42260325829869,2.4442307730695,13.6245580672258,1
"470",0.332913374755258,8.23645486087171,9.3677760364569,-3.8530384180559,7.61532875208379,9.8014891194676,0.648433518550612,0.585293920938361,-1.24264145260042,1.77508578196518,2.4826324906002,-0.0197013586870369,1.13550390693219,5.37164103616028,10.7222211687126,2.72496392177844,3.20711158021276,-0.0912276553285877,-0.0759447939933634,16.2913652138457,1
"471",-2.60434242809018,4.36037715822152,12.4618403588224,-8.71853884476405,8.52644564569727,5.83495838301069,3.25374986587132,3.05592107990915,2.39263831412882,0.492834787785517,3.59287488849316,0.322137046815511,-1.77254418959044,4.59376289975042,9.51397356867326,7.51610443958987,3.39627341747986,-1.92919203492006,0.0475274102733144,15.9538611977017,0
"472",-1.14657992553217,6.42048447875205,10.1413187000395,-7.00655560712436,6.27583577412592,8.43549432856159,0.629054822683181,4.651679512894,1.66729014092151,-2.71797727165529,2.53116010713751,-0.194063723985186,-0.767126271072599,5.04560218306845,9.02767779975894,6.84964907553538,2.1126928837641,-0.856100314007988,0.945313461004529,15.3831022311884,0
"473",-2.20778440979199,7.82567971561833,9.47858306082148,-9.41311851541178,7.3793171045639,7.20144103376687,2.14114482179321,2.96585673670343,3.39693181666957,-0.467817068310736,1.91684905566844,-0.388143298394537,-1.12669227880071,5.37824515220998,8.58942671603768,9.36808181031937,1.57053974275456,0.46886140056762,0.636373401341743,15.2595277705916,0
"474",-2.5020810779576,5.0641370859163,11.0101228567717,-5.48337973796158,5.73753461804225,10.0390338075643,0.205523135224113,2.02178908438426,0.599618681678352,-1.12378075137272,4.11064351525502,1.87151790006184,-4.06275071933118,3.58608912640886,4.8382927184259,0.690333102264128,2.49470721689757,1.04004932545264,4.39586760715154,19.6636355972999,1
"475",-0.785338889292422,5.27259832660616,11.5908634162331,-9.41589520913364,6.90845390594736,8.8162118715531,-0.0194114242273145,3.18468834829417,1.11655243141953,2.63520140204409,1.85235164486885,-0.875349427192151,2.09380533791576,6.13499793034569,9.06198772676022,4.32200672318773,1.0941255242282,1.14501477841556,1.08403403918886,18.9000447680459,0
"476",-1.85202391829262,6.56675215809161,10.3012048147815,-8.88239393835876,7.69011752420129,7.14014790775973,1.02056052778051,6.33394548598934,6.06092219680932,-2.16512772793473,4.37549166319787,2.05258255460916,-2.58808764659246,3.77597722921757,6.3296179325051,-0.86802077305663,2.64286291613136,1.45146378444791,2.91357619714151,17.4685044766773,1
"477",-0.475143995506653,8.98938789867935,8.1842003964518,-5.67415041748452,7.25690501310375,7.50554696476653,1.1622945058641,3.65282737896507,2.43258944785045,2.62391820470511,4.52651734130599,-0.551832660525158,-0.103998292655427,5.4856130603381,8.49725977361717,2.10346204472729,3.80923916651356,-0.97048285019253,1.70889992229969,18.8535229462141,1
"478",-1.54813048945491,6.14423911682877,10.3804180558916,-5.77061859676028,6.68114484877973,7.00634276077819,1.50304225672928,5.02174597971749,5.85606894419035,0.125283919705619,2.75535101871315,0.984293518610876,2.20035900879589,5.2737186654936,8.95964282425118,1.45164472966826,1.9440377958028,0.546083067991545,1.89978019099857,16.7316681105481,0
"479",-0.205333024075112,6.62595533972541,10.8301367311467,-7.08600629392126,7.67222385352186,5.76527427349225,3.59635524893358,2.53146983602645,4.80434325385055,2.77921629709205,4.2983135134676,0.228391035021299,0.0974984720477858,5.00601159992064,6.67516560264697,-0.0106342897816503,2.38084999569869,-0.0937440003418131,3.6722608007176,18.9789256472996,1
"480",-1.126687131651,7.50483732145351,9.49679522411618,-6.24766525529877,6.07108039891867,6.86488524907773,1.81356743753415,4.33844540193355,4.03712401230542,0.87216626562089,1.35234879354032,-0.146132124780298,2.92558617607989,6.00130864901293,8.63676944041013,2.57874755779997,-0.489008505761482,2.02819636460053,2.61184256904714,17.3902644596317,0
"481",-1.20106142272472,7.4821185986689,10.7671782527768,-9.32194075074299,7.48663172155954,8.15799892921236,1.668262282206,0.931756711113547,-1.04214015568281,2.15966194395416,3.03607586229663,-2.05373522386628,1.42207987727788,7.07494473870272,8.72899643509648,3.06791863266233,2.75379343674511,-1.95421982952201,-0.375520127679529,12.6395984114362,1
"482",-1.59058186343865,6.90497130365406,10.8594373750186,-9.62580380785761,8.55939222197081,8.87766566563083,0.381737807340682,1.57379656839848,-0.287351675665478,3.31821745243644,3.71786844774446,0.00714931036271588,1.95876096965335,5.65856704597953,10.3700282219983,1.22698330473159,3.69757527871412,0.031324459709295,0.0946893748088945,15.7613291454546,1
"483",0.267513587885367,7.45856683250551,9.83678747774393,-5.69953573778559,7.66841280334311,9.40768494082897,0.811276482986042,1.06193593233563,1.3196658436424,1.0091924890014,2.42362675172693,-2.20382085763175,0.140784869123788,6.61182313087563,8.20495618669045,6.06716385457445,2.88904910327936,-2.32619384509099,0.582709604025373,16.2567627092346,1
"484",-1.06724503026394,6.44613703289202,9.94621143049959,-5.6156095505504,7.63686252571097,5.53806200502057,4.0436604319105,2.36083929368554,2.31804882472969,1.22002635685032,1.79984763824917,-0.42082508595862,-0.742932676950336,5.44172471634017,7.49854291635757,7.58892933654503,0.40236556826874,-0.674122032829408,2.34118866576224,15.8655921417421,0
"485",-1.69274474216225,7.04082732550643,10.5719591531181,-8.98760443663395,7.32051686680622,8.93225253520759,0.606007662222594,0.921381505298434,-0.566219574680982,3.69206196791815,0.965075914935342,-0.354719425868776,2.62270947038464,6.27162507302678,8.82286959085999,3.74113354754336,0.615662322591858,2.09268610622778,2.27960794437615,17.4527701253387,0
"486",-0.839746095997103,7.57444762621279,10.3887969784408,-7.19753726295307,8.79057514984834,8.98046639330369,-0.0522990033740696,3.66166343625083,3.23172565051903,1.31228046198304,1.11121199349736,-0.256411518220046,1.88881918130203,5.97079180546122,8.53329794528741,5.61162217174704,1.40908211358346,2.45907014611911,1.79097539978886,16.4144829284989,0
"487",-3.03073063368999,2.72205143569698,13.5362022952358,-12.1534685753902,6.60928843601179,8.84360571670222,0.601595349961145,3.39899551109849,2.41720807875199,-1.90875150169942,3.0877299044156,1.19891314111866,0.105887640249595,4.56832630402974,8.90400228198414,0.828088245552087,2.70932992828198,0.976388742660629,1.23592681382221,17.5912252462423,1
"488",-1.69026719005203,3.06845752776985,12.9097013307772,-6.57647593365279,6.83984129348304,10.3052005554524,0.556265603292105,0.202759108636134,1.96050803723654,-0.630923836892558,2.38748038618033,-3.58671948772128,1.42477207690661,7.94952770081422,10.4053360480181,7.36483849939146,4.05131401255635,-3.50916922622497,-1.81187586274415,13.1407918330793,1
"489",-2.04101814318296,4.96927619270009,11.2605475035567,-7.36496042725613,8.62538080781754,5.90433418578267,3.90743983750462,1.93039444996011,1.89180963497244,0.263811135832759,3.47914379332914,-0.421676386154266,0.337298612390642,5.73149421050246,7.72394141882398,2.69526395400278,2.8653163720196,-0.498706631539943,1.52535828680557,17.1236428450062,1
"490",-0.962083160848706,7.82626168175779,9.44350145949652,-7.79169550984513,8.19145985263073,6.36149018273493,2.99170550114569,3.45980498286254,4.04002667155257,-0.874139487833572,3.12575930819626,-0.123761757246489,-0.108639674627588,5.02304921553482,10.9442418683803,6.41236549915467,2.58794389655202,0.108221161496105,0.215817676914126,16.7317426861903,0
"491",-0.168202206048586,6.47450716974123,10.0051718355521,-7.37218372310375,5.13653021700249,4.84514267493592,4.98261474562948,0.693678501887559,2.87294577528451,2.86469591843184,3.52371504014148,0.854806594134092,-1.52882579446128,4.49727165382464,6.96957595971282,1.32449758059851,2.46297910010302,0.387283089500407,2.38263658816185,18.4508527527382,1
"492",-1.48366671757833,7.37873511891808,9.6282530175831,-6.8505515190395,8.07621737545148,8.62689854926128,1.486156630064,1.88985219977511,2.4122810461505,-0.822737278083086,2.14591334607291,0.380923541047278,2.59567460902751,5.43464825711126,9.89903548830664,1.00988830148179,2.09350653535099,0.592838381970164,0.620207098653754,16.2444066226431,1
"493",-2.35721029665363,5.26420811598904,10.0108112496998,-3.63320909932013,8.65007310188757,5.08343619233816,3.50629714862872,3.82739091454633,6.06087114668936,1.14158636729899,3.83249718786698,1.3567344242798,-2.2311108902794,3.84072196707179,7.02514437691597,1.17692698030002,2.57541615450748,0.709661035491093,3.01372516454034,20.1764420625899,1
"494",-0.657683709802827,8.61335978247103,8.68337811677325,-5.61507326710296,10.5582636334857,9.14778912235753,1.04461943264149,0.793142232357978,-1.18055858628854,1.09824335392915,0.862007767934306,-0.362824971237557,0.506527601773231,5.88577923435499,8.93140632881813,8.06373790819092,1.77789800449423,2.06390051792738,1.47822317185798,15.6835788922966,0
"495",-0.888841369645639,6.27919551907714,10.4150329772454,-7.01928704653085,8.20182036047735,7.51479365855811,2.62946321047236,0.826620664247701,1.02779243485176,2.18903052767693,2.18286754012882,-1.40750476531675,3.80018425546639,6.8697988355669,11.8294731199899,3.93892189410394,3.54726305361374,-1.07389019532911,-1.06684812416227,14.62667554041,1
"496",-1.67839411087416,6.21591999190754,11.2634745865417,-8.70712246513265,6.13215191486615,8.28558338470996,1.83590216302705,1.75949188556881,3.70279100357429,0.0230521833773114,1.98294594886846,0.173143633104367,1.9981996123445,5.58934123233559,9.37768402365459,4.10497587600381,2.64745892644734,1.79310738972622,0.702438987884971,16.6992057312908,0
"497",-1.03906909078501,6.41275663645734,10.0984000696806,-7.0885808078648,6.57070862604507,9.06626477851046,0.616384351479521,2.73640605602166,2.08558047208277,0.245984858400757,1.89507858814893,-1.61698737317293,3.77320017042925,6.92497635845398,11.3068279201925,3.52692650658717,3.21115582665703,-1.29923145553567,0.108427383456066,15.0310409961572,1
"498",-1.67167007418878,7.24331692942574,9.47923205913332,-5.95161171800296,7.1022300240285,7.06283948080227,3.06476724137518,1.86459827170639,-0.273358684587509,-1.43131693290671,2.52247839302496,0.34318878564403,-2.75544244183755,5.02294412864303,7.92828175421648,7.91443061982184,-0.31093532224254,-2.86560908279776,2.8866967679221,13.6737597309969,0
"499",-1.12588985906216,4.76524297738279,11.0964923136435,-6.00822459974331,6.57935341743967,6.94098391161763,3.16388142828813,1.8939766823253,2.12030673997192,-0.327615875518992,3.4467165410683,-0.307873678170883,-1.88397644321777,4.9690890122038,6.60865532908016,3.0615786696992,2.43649788306832,-0.862194135073103,2.80504736440143,18.7242071489468,1
"500",-1.24094839363917,7.28473060124636,10.8024086179829,-6.80674572780273,8.91799133295704,10.0047035374004,1.51934765344805,-1.13838755212753,-1.36938700598455,-0.542447362632173,1.69389172121564,-1.17834576283093,3.05629035559953,6.90057346865019,10.6203125901918,3.81085204286275,2.88054850803257,-0.691479079686119,-1.51393279204166,12.3647812022033,1
"501",-1.43017084617742,7.02318202311968,9.70599750845637,-5.04321489773454,10.0338205667851,8.90257218524667,0.541113368525808,3.18858270925152,3.67923380337841,-0.175967699840348,1.50116152830941,0.56515372624305,0.453600175350636,5.10373926898993,10.6007939390673,4.21317933391813,3.15660585604989,0.44812045031136,-0.0346184817660055,16.2676873726917,1
"502",-0.0590146138969583,7.6938486465908,9.37494402955291,-5.31632860376837,6.23659493286846,6.89115184379536,2.94080517908942,1.41134222091078,-0.0425719255779193,1.59600369178333,1.59637484192445,-2.61807872164341,4.10904698059394,7.85954860752735,12.0601345764729,5.17121889020232,3.45394465721555,-2.10593499383446,-2.65728154104143,11.9682927821161,1
"503",-1.33353848061335,6.39270154542034,10.3171554683764,-7.59157115964054,7.97422613374887,4.22265760717929,4.75032507329004,3.27661414938777,6.12454345298785,0.746877169407516,0.586840798911678,-1.13747747649411,2.76391277499708,6.7830508287491,11.3737710120662,5.02629524809279,2.76707669827944,-0.6776931394645,-2.01394735063026,13.0194308240817,1
"504",-0.634456992725412,6.99755472356183,10.4177116509729,-8.40710431873973,7.45702156861691,8.86262994996604,0.476850525093411,2.45933479053656,-0.711264474198098,1.4519305629238,3.72646593640601,-0.436993805776334,1.94864387725826,4.9813179934558,12.2647664678171,2.57078702427398,3.62602737803399,0.168500835720794,-0.449335786003766,18.7968799970868,0
"505",-0.508299118634649,5.90124473043749,11.3238541440981,-6.61993699876528,8.29326780663728,6.002683251045,3.17927226895119,4.29568826052007,2.64696230372894,-2.73455913476618,2.94861349252572,2.17812818213289,2.06361426458832,4.15343848026082,11.3463634240553,-0.906728445949208,3.12788300879615,2.16748532325053,0.844665448153322,17.0466688808021,1
"506",-0.900506126615308,5.0389391466023,11.5595933818913,-5.97082573055826,9.53901844209471,8.38265609533967,2.48688537423264,-0.416064190888922,-0.400455515749142,1.44953169893191,2.68871783230456,-0.40760321353656,-1.95792352740939,5.38557852015839,7.55514446253585,4.41918467317083,2.97445844886798,-0.796673346420296,0.843027637478195,16.0742739905241,1
"507",-1.64630010505155,6.44143593495994,10.8890477092404,-5.62374420969022,7.03383815869975,6.98647152997035,3.24602210384009,1.32091587862335,2.12615637878189,-0.438369360456607,-0.284861436677903,-1.91490280421781,3.74131665425351,7.81895418863465,13.0205835701124,6.30752879962273,3.32446780611215,-1.22464850826517,-4.25002155762088,9.66685252881041,1
"508",-2.13199748651937,5.47602803212788,11.5150904063187,-7.92599691030255,6.55503611888312,7.56448630402554,1.54233550130155,2.94651157494816,1.38981497518193,1.27419142321716,2.526248269428,0.294597199722972,1.37850461585077,5.21804742057656,9.58610182161233,2.67758682894604,2.84245729883023,0.226817329514011,1.35165614037709,18.4092768068539,1
"509",-1.5702431696879,6.71083198978387,9.75755484272477,-6.82466992589576,7.92427563646801,5.58834789675861,4.90518692148954,-0.458290077300498,1.09784750342857,2.90180371941464,1.44684885294552,-1.05259961446302,3.89941376404114,6.24634976487201,10.1376043844503,2.68419959866061,2.86240783210888,2.58460302846802,0.722870788734673,20.1762930105511,0
"510",-1.02250182805412,6.28166667393542,10.2336523114753,-5.12615107828218,8.21468749306535,5.71618631208474,4.60349544881054,1.02741928547211,1.55535033162638,-0.405775793658773,0.320296930058921,-4.80604290258331,4.12189662323794,9.45166770468368,10.645271948212,8.11318071703075,2.73602024122599,-4.10987422133226,-2.24841133928184,9.68294152064908,1
"511",-1.15959650176649,5.18695218567231,11.7026114539304,-8.30275023384078,8.25624539792229,8.79554156153101,1.16671394900431,0.820217201616478,-0.413877030104433,2.16311268746413,2.42978115700117,-0.0921993433559024,1.10266923828781,5.47083397891003,10.0548869588009,4.94537976303875,2.33867715799987,0.882181242179645,0.746949841477328,16.6913019884466,0
"512",-1.77351419458999,5.46681198168618,11.0162314356778,-7.91882384446185,5.1520162983269,9.35723970928873,0.913167335630777,1.6857413126489,3.3132274348759,-2.39375721010547,2.75728423327703,-3.46408554936976,2.05710295056152,8.19477521937496,9.17328691526752,4.46707377953411,3.05080169775268,-3.25370042557135,-0.993028800854216,11.045073907088,1
"513",-1.1644208540945,6.3052301615951,10.4454551966869,-6.0339820413298,5.28880130755004,6.53682201610245,3.52678284124388,2.10624582193104,2.08919658561879,-1.07114103449852,2.15102609777972,-1.48966956413224,-0.877405993598299,6.25664732638441,7.86535024533839,4.81876430093342,2.7715271430421,-1.72706277881379,1.35720093530463,14.7648846774443,1
"514",-1.20012624877039,8.93919890292626,8.95418632337596,-6.56295755182848,7.68843968424582,6.51839829539273,2.5289085304297,3.7546294669583,4.36992646949107,0.480796060304,3.93448540560634,1.06857022761775,-3.15953939011497,3.9980598666152,5.54316678435122,1.47443345862686,2.34427819528733,0.366779728865393,3.69706974783439,19.4498680328907,1
"515",-1.50703788452595,5.61957960214569,12.0794265449066,-7.28684163506951,7.26518667769907,6.75328586341771,2.90937498732747,2.00283506564061,4.68839794131327,1.46161541412783,2.8252290751662,0.945871420284272,-2.14638624907612,4.72301303992192,9.73371625545566,8.80299793007183,2.01348114347022,-0.545860413829535,1.22592463341922,13.3080345244424,0
"516",-1.34052184943865,8.01394065932072,8.88493453032829,-7.37671219469347,7.40052698897604,8.21471374191073,2.60482529877439,-0.262864007002575,-0.198793457520073,0.985911035954756,2.89628465773294,-0.50598916065788,0.14356153085845,5.67235164880914,8.68357756482439,3.32531342180914,3.11926455134189,-0.687763466865805,0.769063237507831,17.6308830012389,1
"517",-0.363082718237192,8.32706793146689,8.94369329427905,-6.91414929876186,9.76205627773237,6.13043316489994,3.61583695771784,1.28705551154768,3.17385327623,2.1055578971057,1.45551261386152,-1.38486668032217,1.96055875686677,6.69197188349747,9.82772745187351,4.5793793308314,2.85749627667825,-1.18524593081663,0.401954059337202,14.6670598909195,1
"518",-2.41696908704363,6.13259965234525,11.1784860797666,-9.93407745104175,6.99512473832845,10.3056284864423,0.538326666390535,0.0127228030822764,-0.271675866793597,0.471360167560086,1.37371965989832,0.0559847064457756,1.94731829303714,5.62157072416883,8.77085821290394,4.72988819102449,2.00984958430282,2.26510843546201,1.43191940215939,15.5465099469388,0
"519",-1.12359927975578,7.5381709643214,9.19688248812904,-5.7404429824423,7.06514339593391,9.81491599309858,0.955252260640963,-0.925075420393944,-2.58246283855608,1.10657545810267,3.08343109160271,-1.18630901544001,1.55440334114842,5.96129257458483,10.3634482188246,4.87702946186431,3.89958477473692,-1.349812580703,0.415658413618645,19.4669026949947,1
"520",-1.32785137223966,5.90849047941375,10.374636776508,-6.91571622302619,8.53524726508663,5.88029905529634,2.92526724579979,4.02102880385106,6.55140754608205,0.934753689190688,2.01921187653258,1.11620434750796,1.87302195098692,5.43408296877047,7.6458313117043,2.60202701015264,1.49198877999523,0.826088077633765,2.32441843653827,16.0800176471886,0
"521",-1.32908542543596,3.66114966922391,12.4374868416417,-8.21997077584519,7.52655901321668,7.90019476732471,2.1477985359594,1.27803501933845,2.93942778766179,1.29436432656014,2.71327647294634,2.70226968833475,0.343985504284956,3.6212480462334,10.0598567412173,0.519837870393928,2.85254045492122,2.53392600593891,0.92134396542911,18.694888641562,1
"522",-1.45131258911314,6.74020720763462,9.74434828851892,-7.15883744225514,8.50845371536516,6.62466444306456,2.34613547701106,3.01752863882997,4.76170229700515,1.37199488144382,1.89683586884298,1.23863494385758,0.521631766100816,5.29248461856383,7.05367261209172,3.94724600591759,1.44653016633354,-0.46135320958101,2.89278470271313,15.0434358214345,0
"523",-1.27732930078267,5.68268283987754,10.2017251207839,-6.94435348857288,7.01989930066152,6.7182038488891,2.67047709555163,2.8766340311374,3.4328474922189,1.32397934184877,6.05205963183596,1.08823513891441,-0.95216610233865,3.84327648155592,14.0669312198497,2.64459126467281,4.80011001106716,-3.46365849443995,-1.00555081002126,17.6772651188296,0
"524",-2.10536599473328,4.87282074433664,11.6310923960857,-8.10259371919765,8.14630159303986,7.75175660768448,1.75332277200834,2.9148037867831,2.73270246398482,-0.280695449957445,4.48858836346828,0.31000144824635,-2.19504298324533,4.58850853423337,6.57962123554478,0.751092476507492,2.91368207359506,-0.390799408735253,3.43230503700369,18.9772659974462,1
"525",-0.310501958910485,7.24420459976232,10.1538603635048,-5.15116251448299,8.82334480735256,9.47928370176171,-0.358841841644684,3.97347140444385,6.26692766850043,-0.614802594967829,1.67889265102088,1.11205160496582,0.290926206016467,4.15857453848875,10.7084581275573,3.26523723250332,2.93083619334602,0.835130659628066,1.23683534293509,20.3581664597145,1
"526",-0.813411785226996,6.80362548957273,9.40907189491629,-5.30171724442198,7.64932502791934,9.409007736134,0.9867497472995,1.89857504763209,0.181965620487694,-2.58227871612133,5.06284482547365,1.14985374382126,-0.43990677975246,4.02158819066085,6.85908324193368,-0.772223222199686,2.68738185712397,0.581531650097602,4.8295347472294,20.9576773674019,1
"527",-1.67377517923361,5.89628787884151,10.6074220307012,-8.13078864233599,5.99330081310267,6.97204316287262,2.70977141631926,2.1287487759244,0.946187240302311,0.103019471198138,3.18285208421621,0.179123093767461,0.189368286504994,4.68711770275854,11.594639014262,5.69179584254678,4.15612177541941,0.410951947492519,-0.588637504888927,16.0861631091608,0
"528",-0.974657955383394,6.03209799932174,10.3205758701542,-4.82124131967802,7.27367867995325,4.68012664350246,5.12834399523306,1.00756533740963,2.71886129039611,2.42454125607503,2.24994565864996,0.749766167726167,-0.146808929230592,5.62685886705755,6.84165248491404,4.68994011758099,-0.585345526515723,-1.31225599560818,3.37285825876918,15.8755512735353,0
"529",0.117052520786536,6.41386017704285,10.7177891709294,-7.71118343491239,5.75388976355346,6.89875014409351,3.88224067395404,1.22777487646773,3.20623940103301,-1.26805522076399,1.63750965860923,-0.28587677258847,2.91471469357284,6.02355832683857,11.1564001893435,3.37577454568156,3.03313400104832,0.016934625079583,-0.558760388918285,15.731507492377,1
"530",0.0490213176794059,8.72436728056207,9.19451152852472,-7.14906251300014,6.85893755681838,9.66649168844552,0.232244866778276,3.03170275836326,0.69428396346253,-2.95406656222149,4.0065726875661,1.66053531493559,0.573810838346208,4.17296092329079,10.4517686879844,3.35608237860269,4.65105267128534,-0.00358450886006356,0.0660904417946324,15.1080348693819,0
"531",-0.495002381969538,6.66726338469434,10.63139465334,-6.94071457122153,4.09083518794381,7.39386873467299,2.73387080026369,1.05273795431151,1.32257970548886,1.17617965726579,2.6962868954473,0.59062219967906,2.73238919025774,5.57485786886736,9.63813931504301,1.72371631226084,2.13948150065524,1.32961216983178,1.06018785958645,18.0083074140523,0
"532",-1.39495362654533,9.34159284992864,7.25828181573987,-3.6667184614345,8.95482085878197,8.59322151593486,1.29603089499944,2.15425506982317,2.45933299601554,-0.00764034571649375,4.72443443931149,1.01899285753797,-2.57340723656374,3.85967566013379,6.49777589618676,1.10417837528185,2.82768947841596,0.214369130645052,3.60192352814507,20.48620875795,1
"533",-0.706123417782267,7.33972127393394,9.33479960240843,-4.03399696885098,5.899629962903,7.94185025265652,2.27779299492196,0.640558708026436,1.12332306781322,1.65161592903628,2.16142378717812,0.942845774593069,0.769553200148186,4.93883755976041,9.64043079437345,5.91514413851968,3.63229941917957,1.91966598835763,0.702249976611722,14.3779378906201,0
"534",0.0961642246157299,6.47081912514675,10.4217650891281,-5.74378917629049,5.749360857173,7.73015584884912,2.74880045212908,-0.157485501930747,-0.0750379556074319,1.93062784288226,3.76289578064293,-0.355293865307872,1.27404059384057,5.86049495448494,8.17111002031584,1.16085255417195,2.89446896593035,-0.41649175188761,1.80598108074859,15.979671069655,1
"535",-1.49534423702666,6.57312214874361,10.6889461145726,-10.0845092483286,6.46717362106086,9.69186485293477,1.02803805495867,0.587127456719649,-0.806797815148907,-0.602684320960937,0.605736168290819,-0.168711465351986,4.00554343260194,5.93347917492686,9.78036516629597,3.96043318562312,3.83819035427409,4.99727853007467,0.470878056688801,16.5763048099492,0
"536",-1.19204834729613,5.69938843372433,11.786128420482,-10.9344984645898,8.6499701054168,10.4177877566353,-0.548985128760263,2.03680025105939,0.256462149383846,-1.06979008254435,2.47384012878964,0.602657960246375,2.58423684014273,5.415036810554,11.7883836787613,1.90699702500939,3.81753372039862,0.721613042386535,-0.27639028983289,16.5652120067256,1
"537",-0.135415625613568,8.53904725008214,9.31114481633179,-4.81922062537795,6.67411341170708,7.83796873973779,2.58135246820909,0.772962923611252,-2.10335425231313,0.487300274958451,3.79125701117892,-1.44825952060256,-0.0221001134078412,6.70128006145154,6.49528089378761,2.08103137374617,2.72986170469684,-1.51422493445539,2.02477621719534,13.2794296240824,1
"538",-0.174058534867402,6.37582147111062,10.3569329605834,-7.1567835599832,7.84678527122077,6.44890444182827,2.90671764422234,3.07065321655856,3.04869365298516,-0.532450768348137,3.97109119880389,-3.10325925588765,-1.52309523470442,7.53266342972822,5.94045360801534,4.45210093629739,3.00791149571852,-3.34387084112579,0.394632040754146,11.6692083665635,1
"539",-1.83603285809242,6.74027244182894,9.54736381644908,-6.60337545953297,7.89588560291166,4.6985025665114,3.60829135352288,4.44935356727003,3.9775203022062,1.97935328526263,2.74745537815373,-0.454697819898913,0.775498693839296,5.39639328536079,8.88426477967216,3.76027712914348,2.70936174116541,-0.645179927829667,1.39067520372963,19.2922609295597,1
"540",-0.383941329677952,7.37471200914078,10.3720973974691,-9.30217665442807,5.51703283516471,6.73062882723945,2.30127782414832,3.69064701476851,2.51290065777242,-0.329220021399017,3.25466298013915,1.97260843695807,-3.39657838531697,3.82317278356679,6.28882984600932,1.85478889319676,2.55301874056536,1.39917657343841,2.40019633742979,17.1100978226184,1
"541",-0.545862105721918,5.09989434096533,10.2608114672169,-3.42380592942679,5.33683129371124,6.38734711150308,2.27672410768259,3.88367816000073,5.65310507946861,0.987518676762239,3.03355858110889,-0.539196930318235,3.0246286628144,5.15828377982842,12.3811714475724,3.11342844206111,5.34584660462134,2.33154207525542,-1.23511136305942,18.8348233479052,0
"542",-0.0948357436316596,6.94406809680298,10.72303573156,-7.1573321250988,6.02229241551275,9.08105457154723,1.2186796834846,0.0496408715435308,-0.22271893439777,2.4570622649049,2.13159063840853,-4.11938300516263,3.46469273443314,8.95912901162155,7.93630454706238,5.12030351282847,2.22917618938725,-3.5938952391638,0.215574118236629,10.8770827956359,1
"543",-1.78062429477517,4.61375674557243,12.1945707198944,-9.29992563176352,7.40544171760668,7.68053614746806,2.14737174850323,2.09290278045727,2.42903707840822,0.477777585902912,2.71243959598842,-0.364262673965284,0.341394450803738,5.91028615450649,7.19875340887479,2.45647179921897,2.29407474772488,-0.349045267775296,1.57690811498926,15.7158172160035,1
"544",-1.3530488604271,6.65311150737201,10.0852167617662,-5.4353132521159,9.44580998133766,9.67227585981831,0.834183567759575,0.955455336589822,0.794428796941725,-0.760577144471658,3.11315347017612,0.172823351545592,1.23202510212015,5.34483074433799,9.89170593077624,3.32493834196378,1.67609058374013,-0.244299680644292,1.13346035471529,17.9171382768254,0
"545",0.151097699000296,7.97164435509552,9.95502339161402,-6.60158979207288,5.42340757711564,7.0072976586349,3.24869090468864,1.26170550593314,0.356555771704619,-0.343717815771575,3.11195780627409,0.0667624278143698,3.35467335409004,5.23486809550704,10.862963064962,0.0297883067074047,2.85567223467339,-0.0193059324943824,2.47747190074291,20.0515815253486,1
"546",-1.62074833684568,4.97520605788646,10.8695744214821,-6.9634782356196,5.21950962784515,7.48347580341943,2.78687718921309,2.08092165020798,2.62572543780382,-2.49140335648624,2.08786198101105,-0.0977647574357454,3.32846315190308,5.62289752375382,10.3067411180084,2.26947706299121,3.39097403837611,2.17741350719029,0.717083341319516,18.3301994257619,0
"547",-0.86279013403243,6.65132745848962,9.26882391230175,-5.75948445863147,6.73551525141592,9.56036451903404,0.402924297770948,2.86430107087752,2.63788078002401,-2.1177718079626,2.64508701931774,3.56073710479623,-3.424216520042,2.31621695940639,8.13747320480508,2.18591668641708,2.79395981176775,2.79968577832895,2.25952682372916,21.9798261906517,1
"548",-1.43291487130909,7.36611858464857,9.57523140419965,-8.38837615817922,7.34809643443843,7.20338735380975,2.80712802385389,2.09432674235223,3.45923651845392,-0.177313591545039,2.14721504493912,3.37351065213337,2.04843099522894,3.34581302122297,13.5771216703161,1.08824643046291,4.16392550748391,3.355279141601,-0.751807473698006,19.5821897796265,1
"549",-0.982361140260561,6.09569820169695,10.4329782929661,-8.86153215120079,7.88057862502761,5.090099617429,3.5834247530485,3.68794087844449,2.1294599209949,2.10079864859259,1.53297151512224,-1.83182875678085,1.17261364632773,6.71788702579328,10.5987465090434,5.95365904531582,3.35136097425425,-1.82364800604075,-0.963952239383111,15.205414415261,1
"550",-2.48741642126964,5.6146736449096,11.8301687237968,-10.8693753286905,8.6816722809099,9.45562727267759,0.757397517405063,1.31658288406957,2.12005707124934,0.470388184131441,3.88929698001652,-2.58964667797614,1.43094709580949,7.2830667289085,6.92056140319993,2.01081841055682,2.35334347188341,-2.56368486053394,1.92457211536809,13.3677210188892,1
"551",-0.904016942672641,7.59137642204096,9.37760652390209,-7.09233286729837,7.99483944022974,10.0969823705298,-1.08315356890601,4.5746831930834,5.43111158918108,-1.17337494704275,1.03564506075671,-0.149836898866408,1.25986339150245,5.86727779393304,7.58508815322971,5.32195317901002,0.521430164667162,1.34983423037783,2.36029260345962,15.5330940944234,0
"552",-1.64429351263341,7.00474440259896,9.99295796094527,-5.68439392021065,8.19509242011222,5.15608635894464,3.49619504615409,3.15143996035468,6.72535679755855,3.07177414629826,2.7560235453039,-0.11627657073405,1.17507731204298,5.20161872053627,10.6036312725759,4.57556787500486,2.59811114010229,0.641356326552879,0.805571891853726,17.4686736565481,0
"553",-1.20457818439229,7.98464854002593,8.77343805573802,-7.65479658022525,5.60594321975363,5.6015578878087,4.27667539569008,1.54966665008542,2.11056274218529,0.984384442411778,3.11264914037428,-1.91717355411739,-0.118835680468517,6.62814712644925,6.55085751068858,3.87149181343954,2.23249942585223,-2.05163216454003,1.5417050418449,14.909587350627,1
"554",0.380401625888367,8.60741297126987,9.17733332726559,-6.25320011561132,6.15281598930031,8.01627113680852,0.727140268438256,4.11261330733641,4.71644644834554,1.2592986676247,2.63836386701922,1.5716348809719,2.77590428689218,5.16793276626889,10.7114643747829,1.14524884642175,3.27938892883591,1.99355540728767,1.23877080728841,16.0793873929233,0
"555",-0.877572373242005,8.13699448820492,9.36307046219398,-7.5877243966836,8.322554744755,5.66933976257376,4.34360015015967,-0.727716534561997,-0.11089169340523,4.10158166445824,2.31714716433928,-0.194277912869742,2.32570010865063,5.99282457723511,8.78488407774067,1.75410559957405,2.2060471358791,0.0728345129881498,1.05060952386175,15.6466244886866,1
"556",-1.08737955941542,6.5328933961373,10.119462615016,-7.94334588480392,7.22671300938379,7.11002423972183,3.04864083281944,0.63219520047887,2.02753034234715,0.807134178861802,4.15254789494035,-0.673223320316257,0.411482366322496,6.25992343936946,6.53195515317372,0.617604156090658,2.55220791789383,-0.704937353750749,2.26533153945183,13.4823630442927,1
"557",-0.779685214058036,8.28424586277884,9.8255521655007,-7.46706671380138,6.22472255495875,6.65840051308948,2.1890923414807,3.4284342431369,2.30848998694001,2.43185017025286,4.28983093818367,1.52520136464722,-2.89428684300472,4.28981559251173,10.4875222582789,6.79848338336751,2.30807776735514,-3.27078899116467,0.622094010483499,14.9900377713653,0
"558",-2.2321084235047,4.90718215592418,11.9547248482919,-6.98227427284316,8.73204818332073,5.35435525905989,4.15525650211353,3.93506811992537,6.01282510414564,-2.19982519210083,1.34720144599588,-0.774754013752022,1.90030594988057,5.68744731666297,9.26826369261404,5.75466571998553,2.62290625784832,2.19869695974475,1.15157318346049,16.8725221633632,0
"559",-0.754640447405445,6.28029725456662,10.8544765817066,-8.95514899623651,7.17163764349988,7.11997191412228,1.34801974930939,5.11239101644515,2.58357016596482,-1.39482440052287,4.0485393177761,0.439755815834784,1.16040252015213,4.88199816026959,10.3902227876483,0.494486900768464,3.6887926743543,0.137934075126154,1.32060700522105,18.1065477111136,1
"560",-0.292561026353148,5.7352089904424,12.1854887265868,-9.28530072956281,3.20361884185726,6.87272677190596,2.59938268896494,3.2840986989779,4.17507937152197,-0.846892739536629,5.25742060490714,0.0111773461950678,-2.16092760800656,4.48748964882296,6.16515206303664,0.367795923471448,2.96198840066079,-0.839558679298227,4.37518964248292,20.868114596775,1
"561",-1.818314662796,5.77702954787269,10.5080845535149,-7.13196865277868,5.83358045133904,4.95227192002521,4.48214024351853,1.26897518822799,2.57637418690541,3.33435679167028,2.77377446942226,1.1239116958671,-1.09565646601884,4.9973479615892,7.89650432400562,5.17055978755885,0.652625091316309,-1.94700293317595,2.27638552373569,14.7673008942401,0
"562",-1.33512747341182,6.55871816926379,9.86665970719037,-4.73927380612646,10.8624525987269,4.80783197551654,4.25608846700122,4.15222146433422,3.7453435586026,-1.68756091291558,2.46061249258441,-0.637129570285993,1.81580846567321,6.2044925184295,10.2901278013146,3.26159109131035,3.52740182418816,-0.53559038666622,-0.235829313007209,16.3421511903798,1
"563",-1.24126641065969,7.60308566574331,9.9362346523468,-7.38392605482247,8.37801441826999,8.46433886177476,1.01609714291195,2.52791819469057,3.74159305450632,0.760844960813804,2.8109367660984,1.53035707330548,1.11377132009372,4.3935299109616,10.559816652273,0.736003027853612,3.01192601190812,1.45151741697543,0.825127668711982,17.088658679201,1
"564",-0.15672789385601,8.69750276375562,8.30549607548109,-5.90010467239491,7.52923589189124,7.43679438741915,1.32750286572531,4.91600401399807,2.13539789786866,-1.48368528513745,1.53653244270853,-1.26350994535789,2.14894659683044,6.42225721725706,10.1099351791266,4.34275510426653,2.75987106838757,-1.13234590084025,0.611544147605914,15.5280001037967,1
"565",-0.208518671728135,5.57766027673216,11.6936233582493,-6.46656673490294,5.94228041126712,7.59361166118108,1.61292586594072,2.67350747127193,0.435027621050871,1.73464992718457,1.59423931949401,-1.06448179118639,1.70328981458665,6.22469162640785,8.86955722371158,5.563963689,1.21339311226588,1.38258025643751,0.943722309492352,18.3505994843998,0
"566",-1.039264492168,8.33495195891317,7.92078057331181,-6.62736139163677,6.43385121329812,4.49492606665752,4.80492380728001,1.66090328879611,4.31973841798038,4.20392602670153,1.89571482914841,-0.997180196094426,1.07866482746927,5.89351091067517,10.3406519730629,5.17233185420935,3.26388720896654,-1.08979494817674,0.490122086559863,16.7943678580113,1
"567",0.37028605067643,10.4531609722691,7.53663051941322,-2.40545040439173,7.73611855361355,8.41583916659245,1.61633076550269,1.8744945778168,0.239201018730379,-1.8095991486418,2.6404142568706,-2.047744361135,2.6451201205585,6.99081369416384,9.74992433308742,3.48178880060045,3.25145072672451,-1.93031020920625,1.12164858361494,15.6652930610709,1
"568",0.510094568058946,6.4624287687909,10.1470214227881,-5.21363556893552,4.42343180037747,7.58250904619609,1.44170180400914,4.50147921498154,7.21012180450452,-0.687854880027695,4.51698083938778,-3.19874412890681,3.8724791059515,7.71832343542818,9.16123752625147,1.38355120628664,3.12183440872239,-3.12852824120258,1.80299762559837,15.0108217437561,1
"569",-0.99378898206139,6.95137706348246,10.2104679819202,-4.92400375039046,8.8370874060315,4.01996114958231,4.84590345914761,2.36541267641203,4.71266695063191,3.81373587119308,2.9694583874821,-0.399993459906639,1.27635565815556,5.40502430572484,9.77781323321152,3.64744641071113,3.08279734989805,-0.423883054458751,-0.313439753082551,18.4124968277505,0
"570",-1.20984898152105,5.02008434791442,11.3299139115791,-6.63951193750186,7.29910093741046,7.45094075159152,1.77071919608168,2.97458562739427,1.94003282859133,1.58796919018119,0.745329201008886,-0.424377765235853,1.81463291483864,6.16161587926363,6.52698624830844,5.32591993069243,-0.515324464199941,1.83904601236961,2.26188212069391,17.0554463254501,0
"571",-0.406766313201765,7.24440486395893,9.25082555248169,-4.49591292297009,7.15299347168695,6.87492022858723,2.65262844345021,2.30420018033148,1.90885870631675,1.24926493331167,3.27141732507696,1.36957919926701,-0.870028830062621,4.19485595455175,8.76396610192789,1.33112622305352,3.00280745548294,0.91052092401048,1.98016489093843,18.8222989057827,1
"572",-1.26230977321061,8.61348200581497,8.80052075703522,-6.87727565315827,8.16720263691582,7.25688460089489,3.00730757773529,1.39602014936431,1.64077794881846,-0.159850557448678,3.63368671668316,-1.16834904173501,-1.18589037452935,6.18955112156808,5.06291977486934,3.05900491454515,2.14056661865808,-1.37147115002152,3.0202280796603,14.9658363986679,1
"573",-1.38454041333518,6.69334033083093,10.6567205433077,-9.5744113642636,5.45267904947764,4.57542751740877,3.89839731774523,3.69243926189023,4.42940142200201,2.89274688963299,2.79491800455384,0.346907833320835,-0.656496019240305,4.94286545929407,8.93512564470624,6.54556070206291,2.33436939582965,-0.459931872815901,0.805630842475401,14.8985332070583,0
"574",-0.750686153272598,6.75088853922713,10.1021011101521,-6.27639619403307,9.92429050439379,10.4959109188385,0.00397596920950516,1.65900120187537,2.48418982017032,-1.65438793309875,1.05359623659426,0.204605897693933,0.69016948231572,5.30784822620416,11.8740022399546,5.22383880337572,3.57448692954352,0.153276431595496,-1.03785143176996,15.6001827347034,1
"575",-1.11071669548358,5.76737824591029,10.8404048776071,-4.53004449846846,7.45172551301409,7.07702599104458,3.71033210401037,0.519140866064078,2.59126490490081,-1.25600673358987,2.75219846429063,0.644737552963763,-3.21677584954326,4.52565164777309,6.88770302992788,8.56422513313757,0.240673114152236,-2.94814166511027,2.63807162824898,12.6235075399266,0
"576",-0.639172885186976,6.19384671066143,9.36396891837483,-4.5764142576115,5.54328457218965,8.18297115273716,2.09490764271009,0.43328187890392,0.591702310842064,1.19213998427983,2.04034648613011,-1.39328547911544,2.67589043046484,5.85349667177009,10.5488350747026,5.12115243244915,3.87073955935392,2.34841230180879,-0.937293548041405,19.6290625071369,0
"577",0.44604799356616,8.99542473830406,8.13933498119999,-5.04682201077407,7.59358925075059,5.6943386190512,3.36120138322086,4.76418348760307,6.90845496739,-0.772245218777997,2.29822135838583,0.748455016419328,2.47484618321561,5.20319529240767,7.42580722925607,1.82276491202027,2.77987221955745,0.896957144553338,1.69295409318131,15.9703328828774,0
"578",-0.344262491857131,8.77662142036579,8.69773787542399,-7.79521655101631,6.98654665330672,9.74874339734378,0.979894429521945,-0.432751317558945,-2.75200990585564,1.49758722736552,3.66669999898459,0.713547101437454,-1.2514120951717,4.37827690685248,9.64219787890936,6.33568784250376,3.15589310274896,-1.42012837147296,0.447493047418705,15.0114600814017,0
"579",-1.1804744057018,5.95577645696296,9.80438718223566,-5.88726886720808,5.44143607564165,7.08057562600886,2.10395432074693,3.79069189493769,2.09088478991757,-0.129633840400753,2.51024029582972,-1.69092451667218,1.46696718864113,6.68782607359917,8.35776070963786,3.9251186644174,2.61908734940769,-1.622237018223,1.34985163695339,15.6918813339617,1
"580",-1.35120504142226,5.18923389158142,11.6013153023518,-9.50661008618787,4.20855841826372,7.13003496222748,2.74377664807522,1.37682748640554,1.22787716654823,2.19699549582428,4.42312196986359,2.83042363785712,-2.26484885178629,3.13446021244901,7.09486158525079,-1.16348453263369,3.03770221648799,2.11279798092683,4.24244080972205,19.8663170264903,1
"581",-0.46838373041308,7.7205214935181,9.79364396525942,-6.95704086100097,6.5901178999691,5.76951507754124,4.06830130816087,2.73560194209059,3.13107547051497,-0.993050536746467,2.67494751945765,1.59474709856549,0.746317735887153,4.37504554195538,9.84762895301776,1.07118320185707,2.94662189558351,1.45947832716211,1.1829617974021,18.3259738434626,1
"582",0.269549056596837,7.26088212583451,9.53101332472067,-8.12297053765806,5.69261339521417,4.57088417107623,4.37675191709263,3.80613577616225,3.19910798311122,-0.0424479232925031,2.15919237658007,-0.00331762006342519,0.72988348368973,5.26157195167718,10.0295609210807,5.6574724820691,1.88436578797242,1.0251084219984,1.1435796144564,15.9018078748767,0
"583",-2.12245281067834,5.93913113771142,10.8645403491721,-9.94702404857539,5.89052426332192,10.2591249150657,0.688710610562711,0.493347109796488,0.347343658674541,-0.889929326073572,4.69594784575594,0.574446053688461,0.0118374431883912,4.87049659799519,7.34791027182412,-0.620413127721424,2.85773529739579,0.221288363819693,3.22869913265144,18.425239070993,1
"584",-0.444140080895987,6.03911964612116,10.1903132337367,-6.33141389730509,7.1574035324665,7.68888598213104,2.26315641204126,1.30685541472743,-0.380980213609905,1.4396387656453,1.9817704415669,0.367553827006903,1.9519259985021,5.6048264516632,9.1783243611999,3.91165937792816,2.25735661104691,1.63263921976246,1.2135413406447,16.7014690260584,0
"585",-1.42436080026009,5.23056305701784,11.8736204257167,-7.35824633138023,7.66806962725669,11.6787165800644,-1.09256467181695,1.10885721313581,-1.71512555396233,-0.600022521512371,4.3440196769382,-0.396962781264152,2.12228849816603,5.03316465858181,12.6115219369595,2.25270752160932,3.75672829153999,0.00145809090648336,-1.17258516896827,20.6394336598112,0
"586",-0.606455500552414,9.53318905059558,6.46949601368665,-6.01543497801234,7.10853474867654,5.46225530419023,4.53993631842368,1.36669927849501,4.54328663032946,1.25983866461852,1.53138248508754,-0.96074140963695,1.74514904653,5.80471231351408,9.65136183038585,6.44402509142823,3.33933723566375,2.22710675069987,-0.196111898890962,17.6542855600415,0
"587",-0.186233490929119,6.20472587333119,11.0343765668705,-8.04937205715363,5.05216956748056,7.26364849708352,2.10920475126587,3.91567800745312,3.14763804511946,-1.26472065644515,3.26721712831733,-0.190227211259502,0.95402450169148,5.03945533502071,10.7440028253574,5.39877047587209,3.8141776942593,0.907955929280328,-0.591927686422363,17.2502593738963,0
"588",-1.83991840449757,7.84144975068513,9.69805137906561,-6.35676568205328,9.79831880375737,8.55338523473028,1.9179376661294,1.24536190332327,1.57874459242529,-0.227949605690445,3.71908022606643,1.19414821465976,-0.924327610172387,4.26699142532899,8.11956350495601,0.697772448811761,2.81150155703683,0.74184406528521,2.30168166400785,18.4934572416798,1
"589",-1.68894657651598,5.05141596234378,10.5772052727768,-7.29828082571648,6.08661500889403,6.77198435188147,1.829146891367,4.85481577837158,3.82402473394154,-0.0625364202720754,2.14467099223826,1.2469407624031,3.8588753638793,5.02496106599929,12.2599993043067,0.610547247371975,3.20309647244181,1.51697376328954,0.18683316054212,18.213415204618,1
"590",-1.54276852500082,3.76507587252127,11.2090659552207,-7.55480455746274,5.48000552872877,7.18396171490459,2.92023977218133,1.6833011594339,1.31897964954172,0.141255873532214,2.53829820305097,0.689320128327952,-2.058230553895,4.43245585970344,8.96327379071945,4.39592723902515,3.51204035060533,0.0998289905043185,1.33084972938358,18.8247051938426,1
"591",-0.796785717700098,5.70452003953698,10.1126630078061,-5.34626129283837,6.5249343812718,7.63109777934177,2.07270929018194,0.996954851442995,1.73567170312971,2.47987927572892,1.02301795187252,-3.67811463919112,3.92753271223376,8.61649179397197,11.8495984155743,7.73845569884901,3.58972808412236,-3.11377036207188,-3.29743037933574,11.6866646880746,1
"592",-1.40031957516924,5.94056810321236,10.8436110091504,-6.93980577418387,3.72604548238474,9.92935929492901,-0.604979640080869,3.5541724570397,1.6192378818207,-0.672006688616316,4.33658494605986,2.20438984031972,1.82519320534133,4.12021681660449,10.1344393977661,-2.07767380958727,3.29808926212807,2.12047527198768,1.64599779515291,17.7037337096323,1
"593",-1.86026875880769,6.28649336138253,10.6310197423236,-6.08944264542083,7.90453191411633,8.08886122429323,2.49221825219236,-0.234119722893734,0.604808228597219,2.52946742771842,0.340865091277135,-1.21015632915815,2.46287297203288,6.35936735007082,7.35778659548882,5.52827119911312,1.36052892501764,2.46547283304901,1.47700203076723,17.3236287149631,0
"594",-0.123964806612405,6.4843014727964,10.6857341149284,-5.48784520879917,8.63766800598021,7.63464319788466,3.73598412666118,-1.13897209223375,0.880901575473082,0.557313441138004,4.81795964078643,0.782825420553457,-0.96853256851045,4.6771522460556,7.60826020172795,0.411942893387498,3.50161102349547,0.289423313644032,2.39653600346978,19.0499179284185,1
"595",-0.846569764610867,7.00381156212619,9.94182297824143,-5.57844810383137,7.66186781795311,7.49748170940928,1.8243507635177,2.88839242748049,4.80083132762601,0.96090322374444,2.4827422385475,1.76733853368583,-0.620998646648881,4.50711833119106,7.20842904806072,4.64742087693891,1.47161065733873,-0.918679484042567,3.30023168271787,12.1707931097946,0
"596",-1.07397746920995,5.40716209568362,11.4521121268694,-8.43179743833242,5.02753916069333,9.22076280488895,0.11263217489406,3.27556843607361,0.961451554612889,-0.617544172458047,3.62337987823178,-0.205256492984882,2.41553590551077,5.47712332276167,10.4343582537577,1.11391866060567,3.44570755102143,-0.340164921271742,2.02460971308714,18.3871514182182,1
"597",-2.39768440210088,4.4601422086765,12.584963692579,-6.21203047113649,8.07041731319825,8.66486659056002,1.27597441475505,1.85393544284642,2.57652204278208,0.496863647167351,2.33992843614249,-2.68824965065284,1.65458900508681,7.36683403219084,8.27210828538691,4.49978628002,2.57486734750668,-2.57612960270491,0.98743848548195,14.6583622801472,1
"598",-1.57618601938954,6.96453585152802,10.0590708802721,-10.9407121639716,5.03115679130857,6.03108829248573,3.0488310508213,3.10690222302955,3.85547074309533,1.87345294527906,2.22951873569589,-0.356830575621604,-0.512640676034073,5.57581093109797,8.72060237618079,3.77754019490686,2.80332426728162,-0.512779483144928,0.402080107477325,15.7025930838668,1
"599",-2.31773910835049,3.35463835456596,11.5970969835043,-7.22868856436708,5.71440366907883,7.41395619313886,2.33236098893844,2.75756323977068,1.77588444440247,-0.281849841912183,0.147189561369567,0.488921185946921,5.74621341474768,6.47848728285233,15.7715934463716,3.16917763328044,4.06825811946887,1.30979335200324,-4.34407318861534,11.7002716950488,1
"600",-0.421732320992215,4.58109220352614,12.3300215435817,-8.55829984334557,7.47944579839596,6.28319389272825,3.42480109394808,2.73999069690556,4.15662066642974,-0.605130288259086,4.71738126769936,0.893718132395474,0.416598317076347,4.3482356579534,13.2069534217629,3.27921239392511,4.93805104017822,-0.887563846199278,-0.750701895412598,17.6610838628347,0
"601",0.327998235332145,8.54257737507689,9.46602574111787,-7.01096929027129,7.76716487946874,9.35930725243819,1.20364586817049,-0.249373556312109,-0.358938380548464,2.85193589046986,2.29984237336804,0.654126727443053,4.66960429521029,5.78333528431021,9.73953092189642,-0.771680992928957,2.48628740535482,2.68000668497151,1.62491334557,18.4545177490829,0
"602",0.891758645090573,7.34157726974348,10.6954296720665,-7.11158698729384,7.56557049197159,10.0239290976278,0.204207907115608,1.40160083943452,-1.89513572059362,-0.163627975228574,2.33229930510671,-0.0758880104052283,0.516629970925807,5.36436896794782,9.64032974966829,5.51413192835869,1.45330795094264,0.384035534172163,1.35208019056514,15.9327500966561,0
"603",-1.02772217798598,7.29107149599079,10.2257521021841,-7.69101178545472,5.82371395359377,8.2877574252571,1.11029387445542,2.6401329311934,3.58466165788644,1.97779966396291,3.92711653167972,-0.182121786458416,0.817856824181408,5.03851612371954,9.84903376364855,2.53253240266241,2.03546881680791,-1.88393586880831,0.800366712917131,18.6393005985897,0
"604",-0.797049607479823,9.08769905951508,8.83996577927647,-7.78140528658448,6.4782694306287,7.30539597925418,1.51008630855195,4.12410811664635,7.08461021995632,1.10928461702866,2.48121359683035,-0.116847146324126,-1.2407262240825,5.08558002187879,7.46583882199141,4.35095810724125,2.51888983535718,-0.430919366659714,1.6137693059216,18.5849327848768,1
"605",-0.487160584117237,5.38686579973873,10.3479939612068,-4.62698981721447,6.49380672197712,11.0376667930074,-1.4479060091561,1.68420840499569,-2.6022154629993,2.50504715810757,3.91146123116039,0.859495140676284,1.40380586230837,4.67912739130651,9.87877254691307,1.59488275262937,3.11912620653733,-0.838567342490254,1.13382574984133,16.7938398504367,0
"606",-1.80872009868177,5.88920722110469,10.1124453214412,-7.46222698396327,6.36942236870327,9.06081916831582,1.03437340315016,0.242106902762546,-1.86052839236206,3.31649894915882,4.15478070364539,0.730900037678331,-0.976635247747009,4.1862504534952,10.4771273175677,5.9519152161161,4.41302324215555,-1.09252178168251,-1.02378026548066,15.5789337323908,0
"607",-0.662842069258626,9.1496281765124,7.22069074852511,-3.8824854381049,9.55698129992905,5.66716557587827,3.31872105857096,4.13297268829515,6.1831412255716,-0.201877719460584,1.37361472359904,-1.89914033943833,3.49402179044098,7.69344292511705,9.66837326714661,4.25410687076784,2.41469191134834,-1.23816505870771,-1.04472800868439,11.1348880092861,1
"608",-2.44741168739472,4.94694885280239,11.6978839867735,-10.338123651519,5.95106155043742,7.27972644406632,2.41787628745723,1.89289972842398,2.54222720750313,1.15611533558275,2.19806494544444,-0.255607414431312,6.31918117973162,6.15104700134514,11.8534076055354,-2.00909124780762,3.98713658407401,3.65322004333995,-0.125950975115006,21.3484637046092,0
"609",-0.423941407041252,6.31802083859287,10.3343491385669,-8.32160934586044,6.06254484840302,5.28645196015414,3.19152135784339,4.26472327738313,4.67230723051874,2.02754473990039,3.17203261494684,0.692164936517011,-0.548159839152488,4.87011930678663,9.23214637069646,2.3594141058742,3.3856077181303,0.396361890261154,0.381136666941585,16.8288504172866,1
"610",-1.03962328597438,7.00037850849072,10.1656828333447,-5.80120979942364,8.27724372896774,8.6240386784001,0.818972416003081,3.70551944164424,4.75438653674902,-1.47909416057747,4.68997395807916,0.0839730777026879,0.553340597006268,4.63395994941755,12.3679710401731,3.56526487603209,4.25883895783243,-1.23071163298386,-1.17516797060256,19.1916454952381,0
"611",-0.693749188431379,5.70239624313154,10.9937134555273,-6.76952003306618,5.71155088482572,6.6132898740465,2.87655601504458,3.22644830619966,3.06599283476757,-1.17497361723065,2.54899331809725,0.220838564559526,1.25284309269711,5.36306314077535,9.96600837817757,4.5798511059917,3.5192662439841,0.831158607351235,0.331381743077977,17.033289969905,0
"612",-1.75205365674457,6.8977602160571,10.2030093975472,-10.1700195083819,7.66651363444707,9.10511978410648,1.57021039867247,0.191147757066252,0.132301881390406,0.481374570931007,1.43057801370298,0.0175684420564982,2.8311590324527,5.74068163722678,12.2566972059427,3.56409935822644,3.33569062890687,0.189808777212953,-1.09353607636759,16.7305843214993,1
"613",0.318949752209525,7.04533268456531,9.79215348962147,-3.99423467049933,8.06220870290274,10.209330397066,-0.0218205710586745,1.05408924709525,-0.0354773022272195,1.24382398342367,2.24795074214238,0.73315344857039,0.492316984870583,5.34261587810458,9.10001152220303,5.0503897365049,1.03944183471326,0.469500763554393,1.73232407433997,15.5407270553002,0
"614",-0.620006087409323,5.20840858763565,11.3038154516318,-7.40452638689487,6.06508457464275,8.64323536260592,-0.439782107950142,4.34566330515328,0.309329449910454,1.70183826187831,2.0249277701139,-0.491114576801942,1.49491904272431,5.65077029223813,9.91179887111644,5.20191704964358,2.83075984176512,1.10452844437507,0.706459088978389,18.2282526941994,0
"615",-0.653784915952517,6.604107066752,10.6187488595437,-5.48366859951558,6.43595382779745,8.72660112256239,1.34471328750876,2.05321722518167,2.25648518367987,-2.06441248825639,2.08062670549234,-0.921675985692363,0.193295438205095,6.24284602585871,9.03341677841701,5.24140637878918,3.21071655948692,-0.941666857098427,-0.276490112365524,14.3413203483898,1
"616",0.120950179000444,6.23135551528542,10.218055685897,-5.06395307853087,6.87066350718975,8.41263822592646,2.06672691013325,0.597497284472384,1.39954517864841,0.409929023949562,1.66725923362361,-0.253105246100656,3.51383932402703,6.08694994944365,8.87057382006588,1.89344038098969,2.19702512746643,1.88844941567692,1.30119442834886,18.9361901064075,0
"617",-1.22377019625897,7.5372917073334,9.97366274485678,-6.64908794419903,8.33726329952075,9.29152957305054,0.0224656971473483,4.21500771603874,2.0739920968595,-1.86069495912663,2.66440951385471,0.674027836883295,0.459405170189746,5.26806994509285,9.77536919811016,4.4455769436184,1.74326991171018,-0.120696575936519,1.57410528211092,16.3932640819561,0
"618",-2.31935840910999,6.66745522631695,10.353387313154,-6.31482759649943,6.57740725243785,8.3379576376266,1.52404718768909,2.52577031414877,0.790381175693628,-1.62936192258994,1.05918223628268,-0.624408512516863,2.90759780081807,6.34646471572762,12.573289729313,4.54090880397876,3.45215516841408,-0.2951539362579,-2.29481314355227,13.2378235702917,1
"619",0.263531547522333,5.93822953178732,10.6523659461058,-6.24312293370748,7.34190930540605,6.15865448317547,3.19044737444085,3.10956101321994,3.80147155565216,0.1982994085723,2.88257548227145,-3.65972961268917,6.55700041107259,8.89328804949091,10.9284562638021,1.97212691330339,3.007983948561,-2.9367609758552,-0.432674975766285,12.2092800637108,1
"620",-0.573980594969596,6.97031649797105,11.39158723758,-7.18817933365206,8.75675438105133,5.61050288022132,4.48868155155831,0.378025877414143,1.49248356212354,2.93632191791691,0.443528595054362,0.265991649889005,3.31542518795021,6.23801052950946,6.44569227071121,2.0399772285015,-0.207384869417824,2.50378040473575,3.65653741096787,15.0315608015666,0
"621",-0.483223219028265,8.08720539847308,10.1697647808904,-6.8704040561125,5.91105043437293,5.85964866209586,3.55392001331642,2.25452487583281,5.37244327578587,1.1783523459882,4.52316465856691,-0.0444876346730211,-1.14976053400109,4.96763022156877,6.87601999670137,0.818035753590483,2.76541546560223,-0.568605886919895,2.99730815862904,18.2220427223024,1
"622",-1.80815349906047,5.8744102763354,10.8498929115925,-9.01140574384312,7.02749218490495,5.48061419773673,3.27610694081816,4.06000843373311,1.44103323322142,0.504101002240267,4.2381668683681,1.24822908743093,0.423930129086702,4.41268939941814,11.3431057869969,2.43394131629192,3.43432262564657,-1.05033910351355,0.637571019272974,15.3670183000388,0
"623",-1.72266941312377,5.94456389404549,11.1915265567504,-7.55278427986531,6.76671932467183,7.81289695643653,0.691120071505655,4.24773751323463,3.25331793915679,1.12848616365015,2.84970498481883,0.0335879790659969,-1.11222744843031,5.24056080597807,9.05807354013888,3.29146873986797,3.72210991325927,-0.337039346048911,0.832416839778799,16.6246658256688,1
"624",-2.72098878162803,5.98817257241833,10.2559843663714,-4.37808051358868,8.16066712203915,3.70512248797726,5.27944873846567,2.3243838011923,3.64004910765693,3.68172407703546,1.58719328644582,-1.00833036826505,2.53390037897564,6.73788379064913,9.6394321957792,3.19913746505134,2.50212751564525,-0.714408476439777,0.121457954622407,13.9304026188679,1
"625",-2.25973862181223,5.87941165093559,10.6491136131856,-5.32045459736908,7.41974057711699,11.1084698963993,-1.55862239038413,2.54187614288419,0.535235322249743,-0.712989394023902,0.996771112591908,0.0634509460541036,0.427392883953462,6.03700962595476,6.51022065532908,6.15551578079788,-0.740932339208736,0.503983920089994,3.4882718342406,15.5248944929504,0
"626",-1.45452354370402,6.8293592660849,9.0450253718912,-6.47832657090058,7.28782845357492,7.56051031681052,1.33375535414722,3.59084923454976,3.97737639157006,0.592626732279132,3.75811860877957,-1.30966219037766,-1.0429145062325,5.8514391270236,6.98321158905527,2.77848487099802,2.84085549872781,-1.80301390956776,2.35004229982307,17.2409212363839,1
"627",-0.625946542428435,4.92532290861781,12.5037317523034,-7.97076179624505,7.30479833025075,7.64042740764749,2.3332847410005,2.98417383912085,2.49932334109895,-2.22698873277099,4.66110563517716,0.130698416757796,0.531953179924301,4.69333389978958,12.4859303199696,3.67949380403654,4.15673307866856,-1.17360006429687,-0.96323577881626,19.2620976815499,0
"628",0.185091366352713,6.6234529734369,9.22129760242603,-5.30649232279623,6.65037420056379,5.86086261664812,3.64129909338326,2.1568385310414,0.222123889634481,0.862869524413343,1.16276110057053,-1.33816740245466,1.07402685864864,6.67392952646881,11.5480503404048,5.29117962366051,3.48224485754215,-1.26540440689765,-1.98960698136405,11.7052168578521,1
"629",-3.15653347592105,4.85366311842068,11.2508327954579,-6.8850340165459,8.88653787821079,9.6487896948502,0.772086712795004,-0.111700160509948,-1.6614729061531,2.76489034240872,3.48872355129847,-0.0373848326590704,2.28150841086238,5.06741125422459,13.5586057556463,3.15192998549806,4.77440289585599,1.76704609023669,-1.43337242592568,18.2372807548384,0
"630",-2.31973918251836,5.58559861420866,10.9648870800299,-6.83740565565541,8.53456545498066,8.31980378512277,2.11597536195575,0.46051020482395,-0.944831683300435,0.584274366748095,2.64132080521233,-0.489911114346229,-0.560394841081238,5.85614548525959,7.51051989435067,3.49990936995868,2.66984576815296,-0.620836105464418,1.2920661038699,15.0815064688525,1
"631",-0.208583730262265,6.6735798885585,10.9211601103433,-5.18061985466628,7.0372898664188,6.13327687719832,4.69347571011141,-1.02814638502297,-0.339570333218099,1.97348912425721,4.80453363370976,-0.285013747119805,-3.23813171562301,4.74492083287984,5.92981710020534,1.77396530426642,3.0048629538409,-1.13595198421617,3.03724304871415,18.5901171763537,1
"632",0.953759603542827,6.83881820728704,10.6573321703111,-9.16087519714966,5.28291414962662,9.86477631435693,-0.377709669067766,2.58303609252461,2.25433838854884,-0.0691815769904188,1.71892371953743,-5.32606716267541,0.660343953679346,9.00999185216582,8.37998817062822,8.62709613530326,3.04103741435417,-5.26588224686735,-1.03561612217011,11.1490777790775,1
"633",-0.684565192327194,6.98850689255432,10.7466646687026,-9.02251555535092,6.63270699327485,9.66445614593853,0.0927000961626874,3.47026645501582,0.318719718149295,-3.8033856342095,4.04160581243028,0.0269153653877851,2.49432542426015,4.97747528910105,12.4816128867028,1.42020738048766,3.79002887525108,0.45361670003129,-0.324373810249345,19.4335162564574,0
"634",-2.32920756167358,5.94898045036001,10.8390498463258,-7.57388741266092,7.73252894094367,8.61553597608561,1.58371098360858,1.08997669409964,0.651804157502606,1.48615380902551,2.89792191149048,0.70664276206762,2.1225524321912,4.93469557220897,11.2284180113273,1.92373565416007,3.68567442814484,0.598329119066623,1.46371874787804,19.2553024988544,1
"635",-1.18301750343149,7.21419434629227,9.51631344528464,-6.93853692911206,7.6353809697561,6.87274971840436,3.19209115292993,1.70897310945856,1.08987795209614,-0.0673961952650107,-1.00245635033027,0.35562516927889,2.8328634347086,6.17708763876331,12.3060142967871,5.4189195655491,2.61039719013655,1.00843924945512,-2.45954329433476,11.7858722287737,1
"636",-1.68040817859369,4.34616795545299,11.5367759156847,-6.9249755843604,6.95504500046706,8.78002758566883,1.6220344865102,1.05014058411202,1.06868079122117,0.401389612129677,2.10639362855726,-2.86991939230578,1.48595126091816,7.79770538545583,9.90122768832645,6.74515050084718,3.75928814176005,-2.67084603741561,-1.21713705482066,12.1441275008919,1
"637",-1.37172064681954,7.70910055476706,8.69896255341912,-5.34842469872434,6.92939114427837,8.96570168035467,1.2223217850856,1.12248124896112,0.256228023621904,-0.120142371814552,4.46127119315871,0.227012348309269,1.54618756821767,4.62809334559373,12.9190715018325,2.39607772130357,4.99666335683911,-0.262353258566124,-1.26680876625367,18.9228259990759,0
"638",-0.842362040166568,6.00610546113201,10.694579519713,-6.9781232353978,7.17545271884922,6.77296845273076,2.79736216866895,2.34083482738404,2.82718512368378,0.935464421601551,2.44440612634253,-3.58858007727658,4.56208531946491,8.63620559087298,11.8295749521574,6.62617207513833,4.35475613167714,-2.99775046757775,-2.28353383623894,12.4232202469059,1
"639",-0.727873071703275,4.50940312254292,12.6335741004733,-8.2225488966216,6.98992536546217,8.63982551306668,1.5862103818704,1.02448698988764,-1.5605039061209,0.640390340707104,-0.254698657446759,-1.76549613483867,4.59531531655232,6.68514833577358,9.65488289993961,5.12091150653113,2.28097332908509,5.50286020933395,0.58842914637122,19.1696173478846,0
"640",-1.20741508922229,4.29441424912027,11.568790766691,-5.89970098391839,4.58841258114203,5.42988916693191,3.87416305671627,2.53287712491661,0.866031102875139,1.9358912184493,1.4135851174808,-0.529623497362183,2.16419153397896,5.9530205500378,8.73170300899999,4.65555936138162,1.01980116944268,1.96472139101721,1.81255525091008,16.7598108154189,0
"641",-0.312117072308629,6.55548475765592,9.68102781445012,-4.81503954152848,4.7778561929372,8.3554918831039,2.03990923898576,0.99429110391815,2.18323279896327,0.209403760216074,2.44154995447412,-1.64346343476246,0.735443474771692,6.57886751520621,8.73616769495944,4.90654677129771,2.92171930308176,-1.66134658591068,0.026675330682171,15.7150011878097,1
"642",-2.35135268311875,4.04073351544592,11.3791817665471,-7.67199560626774,7.38998268857811,3.91666122363526,4.60550802966747,3.6346107254592,5.43561580699431,2.75489759415794,0.795464477476711,-0.00379294417105864,-0.565266318131111,5.66699147014895,6.17895615880518,7.27297599407496,0.22018905389943,-0.181077271553037,3.41070983263626,13.1410330131515,0
"643",-1.52125751387552,6.590010119005,9.96791433130335,-7.22272783772954,7.36222222659453,9.41135492031871,1.06525616946875,1.41499011048998,2.56033926348791,-1.15007593451336,1.5359901459863,0.132508336243833,-0.126949905606767,5.19743688241169,10.6394949209645,5.27082696616596,3.43248815502266,-0.0347884641641587,-1.04754480571112,17.3074273525065,1
"644",-1.72683452809511,4.42769711313644,11.6792556849609,-7.63015140159148,8.35019427660596,7.84485298984824,0.376122526357866,6.22603004462986,5.37604831513308,-2.21807417894836,1.26629787830323,-0.208075781308672,1.20724745663841,6.20047033521741,8.61110486432078,3.14405866966413,2.17933899130734,0.0291609932566049,0.674532535139223,12.9785595056626,1
"645",-0.339481034448466,6.30216760039186,9.91111909704502,-5.87346921729067,6.2742016649509,5.20403820371348,4.00678479145912,2.66924798850317,2.65837239544528,2.15103853002124,3.8508439727441,0.0731793085177809,0.743126172541615,5.17849704179956,10.2204273606282,3.45655894928545,2.49540479269313,-1.16300506774955,0.537913406256074,18.3401488317579,0
"646",-1.05353289121529,7.1971205507887,9.4866956813898,-6.68106526697797,7.32443310565806,7.13490356973547,2.83163443939541,0.380773938908245,1.3372937011315,3.76305043404374,2.02486044304964,-0.0778578351829872,0.00613630383403097,5.03356432082071,9.29073286163012,7.78314795734963,3.09722169642628,1.3531014316983,0.440982451533314,14.749838728354,0
"647",-0.602183394976298,8.26772886875229,9.20246777218678,-4.2517648382252,7.02437141928688,10.1924524626513,0.563998426411944,0.0805398434266067,1.0776047704428,0.857195819849929,0.508244512300778,-1.55416772482715,3.80975215117468,6.54325345505667,9.51583079141988,4.13209445207932,1.94910887610249,3.52733026069218,0.813865914312368,19.1321460512459,0
"648",-0.983560782829183,6.47853888754819,11.223054294777,-7.29288054048307,6.18004093726777,8.37422341758811,2.3270454951359,0.158045408488519,-1.17273707933749,1.2068541499859,4.48853811632784,-1.79467732071639,1.65800401785198,6.43345543375111,7.23622559212984,1.00015829729349,2.81846412432422,-2.00249925929736,3.87162250188596,18.2067937330475,1
"649",-0.370754965925776,8.19145404423888,8.93754755780105,-5.01141659894452,7.79774690374088,5.48553092716473,2.4056983159466,5.09539242004333,6.55391786764757,2.1113557645392,1.74924410895072,-3.23965799848072,3.80154732420393,8.05559916949448,10.4871137569903,4.88419089859661,2.86986159643912,-2.86783464319405,-0.637450123739184,12.9409114292386,1
"650",-1.41244061948589,6.50924152995448,10.2860926581951,-5.49380032421108,7.8232151187183,5.6385339241068,3.09946235370965,5.38395395175311,4.77413544237621,-3.17729552685176,0.606524704953881,-2.94000162236807,4.90001946515945,8.37425643997495,12.1104756459332,6.23219928210828,3.23858515116623,-2.17900552495797,-2.54740997339735,11.5604299923697,1
"651",-1.77211434733491,6.38202822409505,11.1336968364869,-8.12087983590303,7.21639454925179,7.21132120799738,2.05209619595169,1.75686227553386,2.09137147762117,3.9520385101744,0.873647715021424,-0.223480130397628,2.371943089841,5.97841358281492,9.95990453688513,5.4801935309547,1.55605800886586,3.58195020605543,1.53142061881956,16.0842822650459,0
"652",-0.545303126326392,6.55599619525409,9.58370007369282,-6.07707419355146,11.0792210904665,10.8400251405404,-0.330756868970481,0.597738119526367,-0.862252664500838,-0.0880629867490491,3.03853965871133,-2.68758540049676,2.46128230406738,7.52947484153259,8.80954956297971,3.95482167668608,3.18498458336194,-2.51737243111304,1.17822637155659,15.1834568527869,1
"653",-1.41629392949852,6.12341061795073,11.0287234482674,-8.29869939941003,6.04878501316656,7.57072519449386,1.89205192426403,2.54531622380599,2.15041736726016,1.74614818658782,2.17380876609144,-1.50042506660493,1.19444998941802,6.51660779979191,9.38470317281207,4.41653985028105,3.0247711091499,-1.53464447379185,0.752165297780715,15.1334997653809,1
"654",-0.374497706914801,7.88879652870822,9.12514153880465,-4.47482324873853,7.57818095410649,8.93196267602185,0.949404190531087,1.17124167425893,1.093430290581,1.94522354961835,1.82938303404243,0.0768386490062597,0.677770203082133,5.37957742842404,8.48165839010001,6.2314674534867,1.96499829210186,1.05353621270737,1.61649869223851,15.9334629679511,0
"655",-0.0586025779114212,7.20282195606696,9.99286036380009,-6.10711057946685,5.45877253129412,6.17180280890811,3.6619612260606,0.394908301215555,-0.675244301359312,3.29543378381499,2.15493473255064,-0.316027217141685,1.66035587960972,5.83909687517256,10.2003291959167,4.14875079581464,1.85667701420805,0.631852779594136,1.26101848236435,18.726058311578,0
"656",-0.241162145789711,8.54498931122829,8.5584912685033,-3.80040246652314,10.1376956937716,5.17356816927607,3.80639226704108,3.2299666543906,3.45280778782993,1.81052140490729,-0.228543745059651,-1.24242754592056,5.59057619674882,7.04593078875958,15.0005309750635,5.95505489354434,3.65980067397423,-0.573028318918716,-2.92523022367626,13.7665266457409,1
"657",-1.42368339133298,4.38906577814726,12.3531595276177,-9.676621024062,8.60408637067422,10.1037030140015,-0.453847502353223,3.27909680021951,1.89003936192504,-1.41582225696129,3.18069042629068,-2.0830601073555,-1.10364516066737,6.37903595375781,7.12500128519846,5.22886233010415,2.91036143060682,-2.50260840688335,1.8045170887365,16.8580963456655,1
"658",-0.939476832266411,5.42384357229175,10.2724150550411,-4.85350255139045,4.88324368226491,8.73936695583375,0.487427846320773,1.73279298325748,0.26826060712403,3.2702804692228,4.50160307072111,1.08999920182319,-1.02605513377307,4.05021028840719,10.5940122030041,4.696434647272,3.56721563111991,-1.85458909408316,0.12773085753804,14.9876463959192,0
"659",-1.51011246928321,5.6704496301529,9.55312741353782,-4.49259672755283,7.54617305389561,7.07865078630195,3.60908721796437,0.033927076911537,0.288592457637008,0.183789933337914,2.72594142844996,0.775086233450609,0.290455343847686,5.23601924189865,7.50593106856585,4.33918009926566,1.95966261780948,-0.787430550185859,1.42209645171236,15.9390545633578,0
"660",-0.838923329902803,6.75194569008478,9.57998537545276,-7.70477658040186,5.26308256793087,4.76670558192412,3.5603046758529,4.79740373040018,6.18247827272815,1.71176874591037,2.15768797957222,-0.15576451055365,0.291802827035122,5.13428444871626,10.0880192404933,5.62334031144626,3.37047675213427,-0.41973438808921,0.435094412127204,19.1544695407078,1
"661",-1.20015643961859,5.42869334894011,11.5459608412184,-7.65556012428042,8.52693331197174,8.03291644285322,1.81037857268153,2.15175349779921,0.894788622697366,-0.644452545716189,2.47142946920398,0.285297013666369,1.81437732815696,5.51317242885686,8.74499289868841,1.52575153109054,2.30765239667061,0.371516035190396,1.67924282613692,16.7593173382679,1
"662",-0.642757644718837,6.4547526504448,10.5590666550901,-5.5191035142511,9.23845560085208,8.01023958962319,1.25099866335027,2.56028814957446,0.894698319920226,2.04069467642267,5.62639886689756,2.02139693249189,-5.1009810579141,2.63101520369142,4.82485050915159,-0.523463503009543,2.73599119049854,0.686292692921025,5.55219059379256,23.1952795957015,1
"663",-1.06639078519445,7.61459850892639,10.1614224658678,-8.45099520268406,6.59807090031873,9.27272156889212,0.889129482104354,0.0757834835940661,0.867978289834704,2.29679807106835,3.85259624429303,0.510695144361056,0.722097622090509,5.1562213418458,8.15835394116992,-0.140503906510075,2.85652790451946,0.311667979539716,2.22741903481164,17.5063015300527,1
"664",-0.99956473627651,4.7710150386871,12.0264444593762,-7.52017778998938,8.90294193120454,7.6086046929013,2.13132802873065,1.61104716079229,3.480838412576,1.7726913540127,2.776044058511,-0.374625103764903,1.93985735001773,5.5176049770173,10.620388454646,4.14800565555609,2.98202441625361,1.3678002822672,-0.124204383333395,18.4705284355385,0
"665",-1.88053456874165,5.76096787513167,10.5790719475387,-6.36659021475387,6.78706055392112,7.46300518625709,2.68915459694468,0.672740262876941,-0.453763229628706,1.76917801432316,3.47696144294799,0.312115145410262,1.89010576293571,5.06987277475543,11.5264159443343,2.49707393747043,3.67754110798002,0.381923175568669,-0.200893799455625,18.1475235661494,0
"666",-0.424285647783841,6.12585918314679,10.2595018507427,-6.79365752408176,7.64298289753071,6.94533275972368,2.08835993654277,3.84714839020043,2.21232373512904,-0.361410164662978,4.52316855301766,-1.24587973830244,-1.89947881175255,5.72482317314649,5.94852436903102,2.50909319150555,2.82224001911124,-1.82687319472914,2.52364264358049,17.4402179554278,1
"667",-2.40023492186454,6.82230612485472,9.86953678962929,-6.81923639727121,8.88276585412663,9.70897919785071,1.21702877037644,-0.351867579647315,0.325965298505224,0.150238967425933,4.65168691651194,2.49458277135981,-0.606972090205629,3.42320917488785,8.41825670804324,-1.70881087280527,3.26886480721106,1.99516668742821,3.49607255038981,19.5186761060675,1
"668",0.184547649983331,6.69608538728377,10.6759043334848,-8.75108755125501,6.02417715377411,6.19278491363432,3.86451400640454,1.83371173052874,2.98184905929347,-0.502814162253579,0.831981283584309,0.712372738190264,-1.4701675639165,5.6632497188174,5.72700088574538,8.02951841022022,-1.14123596996998,-0.684844379188014,4.58612073134767,12.8876437527193,0
"669",-0.475600785792083,6.12386281434378,9.3992847643799,-1.23058037146393,7.02139357641626,8.77473400786449,0.755549195007776,2.36263489241974,1.91275767526886,0.970142108794569,3.42600123322533,-0.194444087855106,0.768126962529543,5.1796917039646,11.3850965496405,4.51907213916141,2.91814701505986,-0.0438587727921209,0.029229982826364,17.8030477636445,0
"670",-2.651279276251,2.47647105225368,12.7847336635463,-6.54262137102475,6.27286036994514,7.63081212531569,1.34851544228143,4.09286709640209,6.35876902357803,-0.354031810707864,3.7474351304765,0.447387573002802,0.171707174239148,5.59511889805561,7.2598830325897,-0.0607111030303464,2.62580456371319,0.407815181444079,1.61594832151172,13.8743426136035,1
"671",-1.44075550566077,4.78226205752513,11.1998831099826,-7.2845396166624,8.15755206910273,7.136702594171,2.10009394495762,2.97539334867396,3.4232508608141,1.12568109786327,2.34502935815167,-0.798504443077681,1.33379467738368,5.36225841965953,9.11038728422297,5.05014003432235,1.99991982023027,0.865789747467861,0.516254287518945,17.3230354524318,0
"672",-0.200102740141455,6.85385835294311,10.3619440448733,-9.70104351011218,5.45994969837029,5.61492128805239,4.37611680797951,0.728078968558934,1.88366239595311,2.7059760410281,3.94880987192341,-0.664157514576361,-0.959519770092534,5.80903239938526,5.93437728736045,2.1215987445102,2.59589696170439,-0.939330992745315,2.97581505613101,16.3279990946488,1
"673",-1.05077538667091,6.28244453298033,10.2640962533289,-6.45186609083634,6.92475113189813,5.22755332752985,5.22939819857481,-0.755744625624531,1.06652911681279,4.95531420850293,1.9760441771606,0.437947222934032,1.659368315042,5.56752666248257,9.02591546991568,3.82543135962209,2.26417526006189,1.09863940304656,1.35247265180715,16.5857068027728,0
"674",-0.762845272912819,6.76039557022535,10.6003598418179,-5.63316089172399,7.44693193755677,9.44621261001394,0.690131000465686,1.80000116250413,1.83054597905036,-0.863466495635924,1.18013338218489,-0.841391138656755,2.9175454376524,6.06581995937654,8.36722331521912,3.90560513152744,1.74873481013631,2.21028715999545,1.42002092357861,18.4245074083191,0
"675",-2.13045306149375,6.42102904506981,10.4155143891948,-6.39948461009428,9.6314871188792,6.66994597722657,3.3880036576255,0.722928146306236,2.84908629681986,3.16766653243814,2.25951829297295,-3.56134201204737,2.80754051288425,8.14940745828034,8.43772062244928,4.60339837103175,2.23172371134696,-3.28695695674207,0.240127849927661,13.0203335252401,1
"676",-0.313359326368362,5.69180833996398,11.2176240489051,-5.6897243033017,7.48005565296358,7.80531932012499,2.08742111104419,1.27526984178374,0.582113936710364,2.6675658548302,2.14237298346997,0.366086568464406,2.93316130898316,5.68321198123022,11.1404070243654,2.39274952706923,3.23169043989055,0.624512736977967,-0.265630552629612,16.0412244017173,1
"677",-2.39257300608827,4.59052656434169,12.9796108872915,-9.70343865458365,8.36377333006572,6.47235942130463,2.83644284868845,2.52626270744403,1.73644659298336,1.00711687744121,2.55078875552484,-0.288642553703166,3.09981625774176,5.71387615831398,9.56949177553145,1.86021011249351,2.7359072449442,1.4905123413029,0.506632784022323,18.1596377175116,0
"678",-0.0140912525945613,6.73216025375959,10.451359238033,-5.82440213939506,4.23198738766266,8.81252966629672,1.93738838412443,1.12359249802159,1.64412410710694,-1.33005031716259,2.0788767290438,-0.38157329240046,1.35439436080722,5.99703469467373,10.5487009285045,4.62439819528449,3.66348408713056,-0.306945158667937,-0.459187194218892,15.1515049460518,1
"679",-1.65490710476314,6.59672348600331,9.64842938715356,-5.77804578655827,8.32528455526575,6.666954315447,2.69758389667677,2.7592962965081,1.25098339568216,1.00165979375913,0.513079303212824,-0.08009725948668,4.7689971225359,6.47091940864138,7.26264604039489,1.27791760105933,1.16534871596373,3.57212450368264,2.12573522775594,18.334126306225,0
"680",0.462032724786939,6.61392185354157,10.0673369839011,-5.69274418555565,5.52493209922812,7.10372757748189,2.44662182665404,2.55495768570369,2.6966748483317,-0.431338409022848,2.83921547759508,2.41239606761076,-2.96361932699702,3.39377142232208,6.95042708523707,1.72591582991598,2.43680795118355,1.85207782228868,2.8746616524312,18.6421589351225,1
"681",-1.96518648940593,4.15518803795515,12.7161747515903,-8.57755886345134,7.79737222763068,7.163794557722,3.23042175163738,0.126628717271345,1.71140563185401,1.83703176618922,2.48086452219101,0.488290039398991,-0.0549941057671344,5.13311812057909,7.5067031495149,5.48095782828834,1.34225611284669,-0.502351957303532,1.86751190449919,15.9742485795687,0
"682",-1.10681575081882,8.92715692150135,9.23284072552419,-8.60982854031382,7.609927695997,8.58956327339559,1.02288962811138,4.59719693412007,4.86151111398633,-4.25315220933143,3.57086580282354,0.0175851649590166,2.50180673500139,5.00212777548764,10.8675550318354,1.6110948457754,3.83746951831441,0.576443906389883,-0.407343210704775,18.2490909086339,0
"683",-0.506143372443089,5.84093482858911,11.1850644682549,-8.73167073014399,6.93217542533997,8.33654212232646,0.793683869099699,3.07661483616027,-0.0304764649542033,0.915307543746197,2.86847022601412,0.217766829759667,1.22312651472201,5.63846168203519,8.98660228537935,1.44276085432833,2.81228159139227,0.260645497132609,0.906828755421278,15.2298042731835,1
"684",-0.856813945219995,4.989370426566,11.4261742714357,-9.46278395225403,5.22948552821097,10.0913896453466,0.118336186223269,1.61589945854616,0.576787604908289,-0.83896170280935,2.46050807450732,0.442683279434279,0.101014863324906,5.15680750452561,10.0401179721342,5.702355202962,1.66356197332897,0.111067206278591,2.0830195579396,15.6592137330478,0
"685",0.144917724652461,7.606085378257,8.69468154729154,-3.39952387185345,5.0383760607319,10.1985604249229,-0.131563947300735,2.17544661726469,1.42456850761148,-2.0280215101039,1.16123779459119,1.5026514418634,-0.181093178379548,4.41929904500096,11.0801607243488,3.95794824159426,3.05965343003771,1.3770557473989,-0.885213382287936,16.1853310805421,1
"686",-1.60296169916488,6.31770710079741,10.6020144257818,-8.27358239434491,7.15011948028884,7.33086590432123,2.3962066462938,2.07050703491503,1.15864454551296,0.412367144349942,1.26715984936722,-0.348426359195488,-0.701065179974002,5.65609948766645,8.09754525327205,8.29657696901772,0.865074312651303,0.356740242042028,1.87119926637602,14.5153659530842,0
"687",-2.59173945796454,5.5572961414518,10.4570309606162,-6.47134953407183,7.54058154841714,8.33088117000096,1.74546693304796,1.89354128933986,2.61836740946201,-0.236461273319011,3.9720637314812,-2.64108100784676,-1.35386648907897,7.09512708534247,4.62432758740731,2.8203379819013,2.10457048065769,-2.95250790700818,2.65514205388836,13.624309470003,1
"688",-0.652637455829967,6.80816818446507,10.1827557224972,-6.79821750966337,6.01146885567568,8.89844834479422,0.244655749404762,3.67208742505498,0.459926521849757,0.216928398634682,5.30535246165802,1.21311919284605,-2.74665617946532,3.76528688146214,11.5623960422703,6.40310920013537,4.40024769111064,-3.72865923400172,-0.472521614623468,16.1260123274197,0
"689",-0.480389949553905,6.8875246736758,9.61651169158574,-6.16538405247483,5.90193245708582,6.88441386126688,1.49157891292691,4.5916598680552,4.09852511751435,0.517533828473387,1.96503866462883,0.843674089550606,1.80857670687876,5.09648433807052,10.5200155232772,1.23645058894837,2.88696432311278,0.937506366826382,0.820570846954742,16.626141853202,1
"690",-0.367028238481924,5.02611113224327,12.0780842910758,-6.70151707238313,7.59004542327248,7.62635287089361,2.29085556065273,2.17352510481711,2.64053267488267,-0.923444622057437,2.60295175379951,-0.621165195596351,1.06778023077096,5.65728001685282,9.86854299563651,5.25067269897324,2.11149402832817,0.404477964042311,0.533196869261549,18.7441610320183,0
"691",-1.16985106442465,8.23376585730129,9.4004928429075,-7.43838954134977,6.69550919811482,5.20604264027785,4.13012137033536,1.80077772778781,2.40749883985361,3.64129127796229,3.95276022169171,0.369673252043762,-2.05304320665142,4.54232179831263,7.17786007487355,2.02210980808314,2.94346124106951,-0.288495883643965,2.84132907032326,18.3433343372914,1
"692",-2.13808895288066,5.59854721481346,11.7912589653468,-8.48075929057859,8.05693228876573,4.31988310960122,4.29030412135724,4.13263405880384,5.43511361028383,0.157590964864805,2.57420238756258,-0.216630447019779,1.98666229727449,5.6916411787545,9.88958608801835,2.81530813992614,2.24285134673893,0.175922780720918,0.787840267182249,18.7174641836335,0
"693",-0.583143783363383,7.87409615135128,8.26084113734328,-4.38997800091565,7.52163646508459,8.99050222622518,1.16943105705165,1.00752870755831,1.44038620461351,1.55280790708565,2.53733241569811,-0.609182935591115,2.6423441382234,5.65903056250334,11.6816452219792,3.75782315556361,3.3476831935969,2.31169897745407,-0.811815053135583,18.5890903918069,0
"694",-1.10733780751065,8.27943886962647,9.14846980954233,-5.08098895640126,11.4199777307983,10.6034590301405,-0.1498101533137,1.59129187260463,2.38324524368359,-1.34984364393016,1.18194664854768,-1.1361210473897,0.497131201959049,6.00576391907424,10.0530055156028,5.85405128869998,3.08817625026265,-1.2406082128654,0.341771794320739,16.9643566166623,1
"695",-0.584062305241578,6.7543378937519,10.4349055468432,-6.20445310367454,5.89740372088445,6.85368242549112,2.98885182071442,3.4801912233336,1.31152466789036,-2.7776844744421,2.53527494737158,0.581249382490187,1.34698291396914,5.1313266039063,9.61767123782946,3.9577897141067,3.39362920684091,0.82620494968263,0.73208408616106,15.935552737549,0
"696",0.113973215155858,9.12235802987009,8.22293732467536,-4.89382873898453,5.89803119403117,8.36930297104784,1.67725762519546,1.61394878754701,0.866185572037621,0.0509728536741795,5.66164143663049,0.317884383753265,-0.23528599226108,4.47325410663418,11.3526825229851,1.73850112624667,4.00863455015148,-4.0491312302229,-0.859315758000286,19.37998536669,0
"697",-1.53205751479306,5.8345485618719,10.549646462136,-7.68071512859014,6.09346333441591,7.95563362705821,2.43164648302641,-0.862367938284144,-2.42660567772895,4.43891645862368,2.01178209638938,-0.731519400350551,1.00334330096398,5.7048639823814,9.32061410778972,5.59738839071531,1.26184914617131,0.553209179915041,1.4154317646494,17.9425051716249,0
"698",-2.49571146706578,4.55309707156349,12.0197227191804,-7.50366975476773,5.3194541627375,8.41796595025253,1.93119020558311,1.97092925939041,0.687414494327194,-2.31470511550719,2.28237524337723,-1.76375805777327,2.36745150853802,7.08850621670409,9.89982692276643,3.7340916461665,3.13193421269147,-1.55350968577741,-0.159613398992328,13.8304137388749,1
"699",-1.24920122511921,6.99690495472193,10.1061776453383,-8.47013258461936,5.90330101201115,4.26114378031263,5.28197172399347,2.05144453671422,4.08101514095693,1.37204938254054,2.30006913428715,-0.224449929186938,2.04562933612375,5.57135634784132,10.8617310828861,4.37328134024451,2.99305483846251,1.86601868590175,0.322476308904754,17.9775256056746,0
"700",-1.6304007861901,5.61429881653549,11.8006147290884,-9.80838178250355,4.84448768891116,9.42392258611513,1.29497426408003,0.000212940940091944,0.837780695879994,-0.0718826162383517,3.04550609354746,2.12819392292741,-0.500616823787474,3.68006164370831,10.9977516195654,1.00463860967033,3.75140152964319,1.74594827169811,0.283150519239865,18.3853000518861,1
"701",0.493892964275851,9.22396132162011,9.36682844564715,-4.72689002468951,7.22915754031636,8.91788516451499,0.821098005381002,2.26673979624701,-1.59780734450618,0.50788009871113,3.04382264941456,0.597368614553663,-0.454403150907668,4.95535312485699,9.84930813203544,6.17719286167178,2.67255475577947,-0.550250647487855,0.415722976387927,16.5097286074573,0
"702",-1.1130040021416,7.72362069775365,9.41185382401013,-6.76436141266858,9.29677276977569,6.75166558919491,3.3942889977614,0.558738840775727,1.15759334146399,2.4191162605716,0.797697528752754,-2.56902978776055,3.06455833582998,7.70797951427545,10.6036004506552,5.936658170295,2.69682191365909,-2.12199318433799,-1.63605893953685,12.8440580085915,1
"703",-1.65928984062879,6.60109584635392,10.0362063533528,-6.71220530865668,7.0285704470731,8.93419322110187,1.15158364414781,2.40249850307446,3.15632028246444,-0.0773673090042474,2.87923132844151,-1.99667388012446,2.59703875757157,7.14156931260524,7.73195972342706,1.90104290159568,2.16535832190764,-1.74624815831145,2.11153935768986,14.7629418433746,1
"704",-0.260645650744557,6.656757059336,10.491309943129,-6.97708160759934,7.1616189338004,5.48979782408907,3.6070801220507,2.44521299708472,2.34017118211576,3.26010777386112,6.14571379182952,0.145584746619269,-2.77151962914151,4.01800818656324,13.8093204547957,6.47042214498327,3.6051286802486,-4.1940413893072,-1.2449376863636,18.3046591099,0
"705",-1.19388996672677,7.18266712203318,9.6702270077075,-8.39956843530001,8.73001595414233,6.04974426052273,3.85331212846553,1.71035412458847,1.46369255416172,-0.0963098659658814,2.9571815362894,0.352920063715091,-1.03391575883763,4.96086138467981,9.32390984742598,6.9067173790402,2.50371689268781,-1.14448487008764,1.01910242203988,15.6630750137461,0
"706",-0.715498709834763,6.02209140522587,9.58969436650144,-3.52411574468328,6.46863706468597,5.0811097537226,4.22719643919015,3.05221135827037,1.79539705409441,0.509960777274355,2.8783074079341,0.929964599356383,-2.57376939136066,4.74804312670814,7.47280513499264,7.86709098776086,0.428412570760655,-2.43058181716303,2.94365825260577,13.8993493433806,0
"707",-0.848622770170129,4.5755475456615,11.353642397729,-6.66662033237126,7.97471706387654,6.96412543062441,2.74356054533715,3.58684693973395,2.18027926938682,-2.9661872412873,2.47164831587618,-0.102872112753892,0.740515652814566,5.1703395617955,9.06680814643919,5.94692499879334,3.34007692910393,0.790748581829557,0.0496664111238974,16.7998244825271,0
"708",-0.878176403855111,6.72303914551301,10.3569049021204,-8.00165278823713,6.56809488951923,7.25965509966503,2.40713669080974,3.08630465833672,1.99049563106369,-0.304071643627007,1.06968328318056,0.428331445890793,2.84887657072718,5.83303297043015,12.4978294175969,3.78786030650989,3.30829397666346,0.797140572213583,-2.65690731258688,14.1059896040068,1
"709",-1.44559921023585,4.70978108922175,11.5590180022789,-8.13593273058672,6.92818632289108,8.12630644211697,0.967487457380498,4.34520223909693,5.18008838543722,-1.99520289589683,3.55992574987688,-0.0694445370943894,1.47506562197082,5.2570633911106,11.6589801073372,2.49311423237785,2.10891816597517,-0.670381340494031,0.777630042552772,19.0738239018701,0
"710",-1.16714130988188,6.07334494176679,11.1623481928347,-5.31645112543122,7.25564793855061,4.64065978358924,4.44872604303456,2.13914828838879,1.30312412870117,4.27981759437451,3.52747108151053,-1.01974579572991,1.96850213037256,6.33272909193794,8.40203886036651,1.27183515472976,2.65323268165925,-0.992782893349301,1.63765529856709,15.38965262601,1
"711",0.393099710365253,7.7404432602898,9.04494959163288,-3.09322090181207,6.08053619547343,8.05028640134008,1.16483323026447,3.69919865510903,2.40732167511574,-0.900775896618858,4.57246540525726,-0.491769383478755,2.25949898556472,5.76469871710104,9.27766632067798,-0.258948153246038,3.21196530912227,-0.56225826110715,1.83033243723811,17.1181693115529,1
"712",-0.85464660083819,4.4027389855183,12.4079686651019,-7.10277095237045,5.8008509351931,6.45077271741739,3.68165533064266,1.7795487090887,2.99018225852616,-0.758286938170109,2.92049215340516,-0.641560791785929,3.48734064493399,5.90363275021102,11.7236625356528,1.27800489233597,3.29563713846235,-0.586502207896392,0.705750062631969,16.2298700252746,1
"713",-0.697926802177397,7.70695049045431,9.42175679091647,-6.74493098966934,7.57592206058659,8.85712247392441,0.376484886178973,4.08249768847488,5.32902074507535,-1.98199711717842,1.8949861649152,-2.66524912293947,2.23051148751746,7.72309182221612,9.11493780009398,4.9188271911692,2.88847916666577,-2.35634426690751,0.0726717112211964,12.7220257217948,1
"714",-0.457960051632042,7.84587997458992,10.6584283801089,-6.04266288127818,3.98754694161768,6.14743363151218,3.82846343194385,0.935187845740932,1.65952353813922,2.08502249716465,2.03345888556649,-0.522426440181471,1.47256926006484,5.87222517869803,9.46923883491173,5.32561985372683,2.20420730520315,1.29039124977855,0.791068055762596,17.4516128645439,0
"715",-0.900567136845287,7.76313906827292,9.85140559279002,-9.98134197110121,8.5547620893476,9.48190153147628,0.646731608729702,1.40369591231624,2.36427083765942,0.243724088524145,3.36170392860501,-1.03761970089745,3.02185856421075,5.33047224105443,12.1771852106832,2.95649902155342,5.00752295783735,1.5351840401444,-1.58211481792827,20.6316533476128,0
"716",-0.951189527901091,5.87301475396778,11.5522586063184,-5.99691323985546,7.4656674805362,6.9781013303254,2.88391713733387,2.53655411715889,1.77936009071846,-2.46127371087876,1.61788712404066,-0.0942667217995274,1.61793583604143,5.58603665631325,9.2437086539605,5.03342863568513,2.17473368524075,1.99235707265968,1.35793423024253,15.428832695833,0
"717",-0.809888587532877,7.28350036924312,9.2597320661363,-7.13992128131859,8.06389157683453,5.90096136702605,2.85757881036079,4.13197736267455,5.77714859169508,0.870914299025404,1.67417219209473,-0.630995743909664,2.61203335007009,5.85469192175435,8.96284319654555,3.42593392978815,1.52418399239359,1.61133293035732,1.44128424088713,17.628246958869,0
"718",-1.08028523998196,5.09068131431746,12.3254969278071,-8.41307602923768,5.76832646779451,8.67827853474972,0.466761681663946,4.25967739687697,2.99745363838487,-1.92550595820818,1.45371091730307,-0.212970869703727,1.21523736366465,5.94410505052401,8.71700959836587,5.37336271158994,0.553633722830982,1.33912924324076,2.21115406988871,16.1380078227904,0
"719",-1.39601521569804,5.11441951992206,11.2867031803158,-8.15008616865343,7.95688516532796,7.86156651213077,1.9444631508458,1.87765304526561,2.54474557087905,0.802635725236936,2.27608155701788,-3.51765590646191,2.6046669870392,8.08527188082651,10.469948088914,6.15760724935814,3.22895016308183,-3.24791138307361,-2.48824326185631,11.6720830588564,1
"720",-1.71345650419751,3.74611284354804,12.2181775787562,-7.47805950967725,6.93237673460948,7.48951770828957,2.39641836289623,1.32235282034543,1.39469914703024,1.78384745808503,1.4159059962953,-0.975613215038627,2.08518898350004,6.06165776534321,8.8435218436679,5.08849813493967,1.07691639674173,1.71612408379347,1.24828508149188,18.6046830390186,0
"721",-1.29243288175398,4.34827474751803,12.2089559222237,-6.28286365370295,5.18056937765226,5.94037844553997,3.96778347090581,0.825208751489821,1.14089313436618,2.71206078231219,0.706754668371997,-0.728747111784537,1.71870513394021,6.25630045396643,10.1198189706748,5.55920265938771,2.72912653944633,-0.488206835179362,0.00195281518152723,15.8112884515507,1
"722",-0.598998772490425,6.78789330314258,9.26172955772657,-4.53125154992722,6.5465716168289,5.86386554232651,3.01537893828406,2.75698534543042,3.77513678902581,3.55984806282101,2.99137930064332,-0.410050085124681,3.08605448474869,5.45415367554148,11.9869616819943,2.53004653054655,3.53118756141041,2.08827440079945,-0.540500781608763,19.3054705490024,0
"723",-0.542777148212725,5.64001916618786,10.4789647172488,-9.32113750773721,6.02165927553784,10.0253098072818,-1.37224463441432,4.30798867962606,2.86129722277349,1.24413464728047,0.889020427998167,-1.0933448009225,-0.41383660528997,6.56261732445938,9.23252257832746,6.93133141502874,3.15988478057426,-0.98718058478333,-1.36879716084449,12.4404530936295,1
"724",-0.169097314993203,5.11467559385748,11.1756676676727,-5.41442959069899,7.40096660149046,7.07391664224379,1.7111047380874,3.75079052662116,3.25760247525025,0.942982172063385,3.32816086069959,0.242946855599363,1.0214877262916,5.18952720836926,9.3085392629772,2.98409158397973,1.51773778285859,-0.692337572317331,1.21714932138761,17.5627169662527,0
"725",-1.18328590267879,5.99904866802791,9.76093878245444,-3.2832060626797,4.68445496483189,8.32231498991813,0.35799474485276,4.9780810410404,5.13129469059356,-1.76754649002746,0.854475968748651,-0.539600265250628,4.50588992815269,6.25399142964945,10.3962400667359,2.53360890327789,2.01285185196337,4.56198504750962,1.0501695257651,17.6652964902949,0
"726",-1.11169175239224,8.10921289435105,9.25378112026633,-6.71214869465567,7.71259372469564,7.28040501448409,2.2651295691915,2.05417433328171,0.614363997900617,1.54628098987441,2.86177417768337,-1.54358272229423,0.0493608586736985,6.76145150696472,6.4594528497877,3.17616079991237,1.96142648868431,-1.47411026748008,0.692537021229465,12.8111662028232,1
"727",-1.30962045633381,6.12021480842425,10.3069745730121,-7.2918998037179,8.41434241403424,8.76792233553985,1.12430767646945,1.82568755921315,1.14340897346408,-0.119475417802746,2.42565609601648,0.898965492894975,0.316717994733345,5.1127150579049,7.76505719914504,4.72835604525929,1.3815620715807,-0.0919483193918689,2.11642910942593,14.6699018999408,0
"728",-1.03580576981538,7.07528710412581,10.0556513668851,-5.8342001198704,6.50863654651298,8.40848913552975,1.16594156145953,2.54617065384774,5.05746762191572,0.537543713726987,2.47885892543258,-0.32477820050906,4.48029417020034,5.89690265083977,10.4774140629328,0.0804377122835458,2.96991288640045,2.18817349550773,0.207282780492228,20.1777201662252,0
"729",-1.36993542215119,6.82810142752748,10.243253906232,-6.01505316322535,7.85094689991079,10.1429698742813,1.43259959600342,-2.96018947463924,-3.86340712745021,3.35032179976219,0.68623088244345,-0.616261985601961,2.29018453017017,6.35235537518013,7.81529138128857,5.22152366781782,1.01028940401875,2.16987993635688,1.76531244267359,18.0855953618859,0
"730",-1.20814848026239,5.6680994615914,10.8534982615237,-5.83999594379835,4.92275307315552,8.09751060332995,0.446272105131297,4.06619309666383,1.60753462859,1.45127194546111,4.04759675538445,-1.79364860896812,1.08317960043089,6.83250365686774,7.95148012085719,2.31131863859973,3.04987342868356,-1.84437863629484,0.720695114244966,14.7247065283032,1
"731",0.727538606552681,6.57526616220321,10.1331474237898,-7.46630303500118,4.48122164396595,6.38747444614763,3.87068696389402,0.338801838044779,1.52181000587296,1.63597009329281,1.78516779685073,-1.33496937878121,0.867745912213104,6.65633238782692,10.0665599079033,5.5805386100099,3.51719941080828,-1.18989801321009,-1.44390757030493,13.8350273203717,1
"732",-1.53227126275526,5.59503947216376,11.8568605619888,-7.13621197708216,7.00402707895834,7.49767255622395,2.82327758736701,0.310324627713016,-0.113270972953414,2.37956200586929,2.82725147594806,-0.335965223313485,-0.311289582937634,5.06896552701413,11.0060672102013,7.2068052666064,2.77833855114914,0.161005587301084,0.113616490178033,16.8367251011183,0
"733",-1.15984899673162,7.84656433376396,9.12516443960909,-5.4222130790252,7.47819395486003,6.97771488042263,1.97950569056234,3.29006327804448,2.03411651790502,1.69628385676605,2.28752280860032,-0.717454869260824,3.67173876902873,5.76462594387644,11.7611944789989,2.24135541874237,3.24829579982106,2.59429510330928,-0.208326455341324,19.2663028079968,0
"734",-0.646969117474123,6.63807537466081,10.5540105041902,-6.97284628115806,6.18153044987978,7.43356111815309,1.86870915989275,3.39152772115635,4.92382680081591,-0.480110343858241,3.53816526781239,1.75990043038348,1.65951552105099,4.03183172020808,11.1354430332161,0.103306623590108,3.63277264552569,1.48542267242129,1.99815589277428,20.0244297163821,1
"735",-0.988108719311134,4.75110234463259,11.8882186492439,-8.72275066408014,6.29701367864017,10.7521001639183,0.00708847297880588,0.459453780284793,-3.06537364887932,-0.368142113104733,4.47630535208865,-1.71508076631623,-0.853137864511313,6.42289609910108,6.30295323652118,2.91520181537737,3.03576458573157,-2.07495957515759,2.30927439548636,15.301332784478,1
"736",-2.0939398131461,4.62978079465948,11.8482845187714,-8.77630219721312,8.57399107491072,6.94150304591554,2.6650363235903,3.4120267972688,5.66596340043141,-0.760203836976321,2.01236203022024,-2.01874390773142,1.30135524007098,6.97667370449954,9.40781722214584,5.81538386150517,3.02444018382511,-1.87821133945207,-0.798049418887432,14.6779030262373,1
"737",-0.630170633097305,6.03832858402598,10.550667190163,-4.23340178193901,7.99391262069301,7.78795256900837,2.53943288387114,1.8797296732756,2.2241659156804,-1.02536282232044,0.559825401938385,-0.493355039248467,-0.148947882356208,5.99066711322821,6.52384993458912,7.3683646537616,0.16713054445579,0.152458327998088,2.83658920749182,14.9054332090462,0
"738",-0.397342289939865,5.71602908030944,10.395669932882,-4.09876742930508,7.63968441876244,7.83841792192984,2.77343564576814,-0.0396061521066722,2.57886891541355,1.88470270176173,2.66410106510267,2.60133885798489,1.40553813376061,3.80530713432032,11.3479360371584,0.182633392778613,3.48626722922435,2.47689748324329,0.739987179866975,19.3216249995465,1
"739",-1.99263094127085,5.31085013072824,12.2212297410025,-7.43029848621324,5.27990544034393,8.02178793277873,1.83286593862407,2.70938181240092,3.00613558904205,-2.22028690979976,0.226878458242295,-1.35135231561443,3.77821196495417,7.10550549405118,13.591211165192,6.07654659837279,3.61609737837428,-0.813581483859096,-3.44622524045459,12.0383928528121,1
"740",-1.37422636410438,6.70171778360011,10.9011083790107,-7.48381882525518,9.61513758897876,3.83657180174508,4.54789979460883,3.91727715063586,6.80175076420482,2.43163611690993,2.27908203868234,0.111966058632171,3.0476531458505,5.61769029773011,9.97786799503242,0.276560797891522,2.01226064433652,0.293664097160862,1.12035990246315,15.4384428877163,1
"741",-1.43542489902683,6.51071719537503,10.2383751303113,-6.28374446673837,6.87433642274161,7.06207052129438,1.64114549274071,3.97690446565706,3.58857672923859,1.0224147942492,3.14067630502436,-0.205004554481416,2.28432571742105,5.50120763593477,10.8959006392803,2.83359676487213,2.67737889825862,0.979172135787074,0.0202358982813227,19.1554093009788,0
"742",-0.515132307745166,6.43159473338035,10.6682846441933,-7.03449600284279,8.06156312539791,6.8053655504573,3.13645994603031,1.63304218277475,1.03822494216447,1.1037398057205,2.37662695652304,0.67491361771818,1.96492733179912,5.40576648232186,10.8367997441955,3.34228562508075,2.30166945516803,1.47699466171186,1.09617106494421,17.6448234552551,0
"743",-0.940597399575673,8.65750936442549,8.75466154848257,-3.72457092728423,9.09889492439392,7.17124279540784,3.32083172558917,0.274435461313602,3.04633612329529,1.36086235684338,2.30848664445367,0.727301079751103,0.656457221075442,5.17003327052417,11.1526091665905,5.86884237174642,2.96503113890934,1.54370693634415,0.71405288704724,15.8031767673564,0
"744",-1.1368113681451,4.62027631244015,12.4308501241092,-8.48625079979551,7.10693911283071,3.79244928138081,5.02731660317965,3.40522702901418,5.24288919040037,2.49433085156046,1.22960303088124,-0.4681638870408,2.64386703033603,6.22409230301316,9.05433292063018,3.68773404897699,0.115830872671914,1.96229189602559,2.61913082071816,18.0223213658982,0
"745",-1.90154164572398,5.41606854556692,11.1756062572388,-9.35778223370734,7.88787518653943,5.73473935998914,3.63232512743642,2.8870179935445,1.34225541750831,-0.113182512767013,1.4625947123631,-1.10293018065886,4.08412384743854,7.00386844057912,12.243321727309,4.2347052784772,3.46516734632828,-0.536137593176386,-2.1456561851523,13.3908838873749,1
"746",-0.960993183480151,4.85157742150073,12.0308686270338,-6.63919684029254,5.19270011793978,6.91170644456441,1.94508588142596,5.21812290250099,6.22705190216189,-1.99933611506336,2.2125989155276,-0.749997830715992,2.87558032625504,5.80405494277831,10.682254901396,3.88942199530755,3.02488162414371,2.43226669312681,-0.0874604731833392,19.0746909102468,0
"747",-1.68365328630433,9.46018558819152,8.01904384870044,-5.77633905426766,6.45344510911335,6.74801616508899,3.91573479988811,0.629323570872341,0.00922746604371705,-1.09145987088596,2.35126431640827,-0.425504855598011,0.265009943837879,5.68636412384181,9.48723780036169,4.86580710573084,0.681975674733319,-1.23060837851041,1.92635710047671,18.2082907724145,0
"748",-0.672281922384779,7.30474598999914,10.5167652487009,-7.84970918603434,6.5371007508283,6.8619206215938,2.93094128854154,2.9168756761498,3.57717140821826,-1.90238631515459,3.08246015849837,-2.7102585058619,2.56331194060594,7.05974699621671,9.08012267460853,4.45529772945727,2.75774826195252,-2.6513582349723,1.05910472821013,17.0419070304385,1
"749",-0.724705531947966,6.02825304589303,11.1199764331973,-6.96397028303766,8.8744057430763,4.35071651331356,3.69913070060421,5.94076963686412,6.00412825832622,0.0851746954052586,3.1654681213718,0.0562642854332369,1.42887829633194,5.04063324920136,11.4330912993221,3.83458672598612,4.1128062274259,0.633285537335156,-0.366183149958217,17.564186350245,0
"750",-0.150916624949662,9.14375657183667,8.00299468200827,-4.43424612914013,9.88855301560039,8.7163105514718,0.403917450928688,3.81113379997772,4.30029754651023,0.592432988220368,2.62357925486857,-0.984415045269385,3.73308523855605,6.56041532472204,10.6278790841459,1.24895275191903,2.67402273340534,-0.630403673168787,-0.0042876631536829,13.6484545132153,1
"751",-1.91738630110636,8.81455274073472,8.69679143630185,-4.72422897953363,8.67468057280454,6.88510777059011,2.70069844218047,1.77940953326568,1.03024645257916,2.11653637600225,4.55758927406869,0.222783954779941,0.118472552198257,4.83650888660496,8.69862891533874,0.0517549000854483,3.1673994926033,-0.274275250615143,2.46045051022968,18.7652826743438,1
"752",-1.77255937842723,7.70886106238657,9.60839577460256,-7.16404798953443,6.30637445670524,9.12204334172682,0.639037928493156,4.01190395587204,2.4742986824775,-4.83062598719678,4.05496256816782,-2.59165250166296,3.70886275913477,7.46546221947576,11.2664334536144,2.48568737343694,4.15128761793082,-2.45575063894685,-0.664326197349685,14.8448142782928,1
"753",-0.713463976085934,7.46168049475703,11.890519644779,-11.3094853317453,6.16279278336528,9.30960403643252,0.952019136553613,2.58002072043866,4.07763338155009,-2.67667438033125,1.98257294689609,-0.669824203639052,-0.11070560012656,5.23348618954777,10.509400800174,7.85198441114095,3.68412896339404,0.919388804867668,-0.509240832680512,15.6551248457986,0
"754",-1.31185537561229,4.72728148684757,10.9141309392617,-4.17998240754733,6.65933430137503,6.07123233472635,3.18981942370455,1.75926824653072,0.636912798595337,2.73755197071927,5.12410122227609,0.568818276518878,0.358262476522789,4.92912803922742,7.63844093040161,-1.43827572829191,3.02056706192725,0.192395830045427,3.17435740029796,17.7049553342585,1
"755",-1.31840927017343,4.79053167029326,11.4367579603432,-5.4035452609891,6.10300691378673,9.17856766457021,1.053204974073,0.747299149547987,-1.61483016390356,0.649739293050525,3.92877932854807,-0.354452556397729,0.635291183621623,4.66561418993238,13.3987467284363,4.96009795367786,4.88249530669597,0.224282939193074,-1.61666097607101,17.5314547891764,0
"756",-1.23971396516196,6.55658072804626,10.9159272582833,-7.19791021052577,9.05134715826822,7.06770010231351,2.52350955704965,1.78016554350869,1.29450345607371,1.93618837630945,3.91581700831627,0.0417683637512627,0.666473571693964,5.36267684630146,8.16264378576724,0.134757531910225,2.81594080053478,-0.204678733647007,2.51870932029842,17.4086486321843,1
"757",-0.623244635394723,7.89597904877795,9.77011690157844,-6.50108308756479,6.33568555682568,7.35725707526699,1.84417063349646,4.20184331948149,3.54136304410565,-1.20287896779441,2.10534496347377,-0.841192694018785,0.0815466629921885,5.52743418209637,10.6247875776738,5.50474243690268,3.84693131358946,-1.15035313993186,0.348829714691714,18.380608171644,1
"758",-0.781028456501444,7.6130052297818,9.24500485541958,-6.64306844280775,6.51909818850585,9.77836067554517,0.681843077112498,1.11065305523763,0.563196138000256,0.652411253113893,2.77975653388519,-0.832924628973144,0.392668456189984,5.94232476645295,8.1455528317863,3.60975280972629,2.7947584889406,-0.957440544195686,1.17312828093865,17.0639262169747,1
"759",0.227619941355174,7.63543574822798,9.34869187773353,-6.9654818567944,6.62196779250918,7.11323762865743,2.1032678156692,3.91285300940139,6.71904436596088,-0.251822308180294,1.46954165117875,-0.949140072647961,2.99451027669378,5.85369869920593,10.6459659849371,5.47535487730856,3.39487309569716,3.84676505399325,-0.176475209659444,18.3645436010281,0
"760",-0.708817373268295,6.37621909308517,10.8761395195437,-6.89744841573199,7.74149279917674,4.70543021025354,4.21852812611331,3.97650900992117,5.65914040747364,-0.53469291195901,5.67906674362021,0.613642025905927,-1.75882540475749,4.43993772286724,5.81423394999296,-1.44282375523918,2.64303371120949,-0.0935177966751223,3.9731272948365,18.9304160583238,1
"761",-0.163236972706211,7.36188428913887,9.36185714475311,-5.31433796129651,7.45159677632165,8.82823074157863,0.83171246780918,2.93333983899185,1.43876730437358,-1.27076860489869,0.85213629617031,-0.985566211003881,1.9442201942721,6.20636530773908,8.7128820664496,6.29203414085021,2.43736319524158,2.44863472397425,1.00634840351355,17.2216781184068,0
"762",-1.13162497270307,6.84657439994118,9.80484690100526,-7.43362331371139,7.02019754585367,6.69200634327752,2.53488308411069,2.81557428185551,1.00861005123314,1.4637387316196,0.989912062625965,1.15938232854891,1.19358584231796,4.99156256395754,11.1654636860439,3.37316887391542,2.87416467147684,1.26650077355914,-0.738589571668302,15.1748965204757,1
"763",-0.485043181041241,7.42516630899159,9.50933881823923,-7.31897899883236,8.41313488944221,7.92552478855829,2.82308413960381,0.33857194538977,-2.26096605948692,-0.288267828310282,4.0860175987416,-0.520286650105076,-1.3516346733118,4.86008537312812,11.0215923170742,7.02405986046722,2.45366292739507,-2.06572199080548,-0.393120083494324,18.2555558680339,0
"764",-0.368213394967056,6.86457376924111,10.3499585050977,-6.78952247218117,7.73046172899522,8.50363923313753,1.35433705533043,2.09094344590819,1.47143484444024,-1.15847549986832,2.89180031985764,-0.740043615107696,-0.632013932212751,5.49715966421959,6.63250616311742,2.42374342047382,1.61460765064837,-1.0456148498241,2.54553354134935,16.8789906668361,1
"765",-1.57422501309933,6.64202386922236,9.74021457832039,-8.49685679179992,5.2483566142881,10.4150693391886,-0.462950885203117,3.43743604601215,1.22821072794727,-3.07263514357746,2.65225097816535,0.884828500251793,1.1203945684231,5.20623586161887,8.26398845164422,3.15346055454859,1.97288361397018,-0.0472375133596332,1.52188099838378,16.2129882811794,0
"766",-1.61675647163046,4.78585957040787,12.1936251245376,-5.27207749920953,5.95266998545669,7.49994657746073,1.16015719153533,4.73553718027872,6.3240462297656,-1.05146202833728,3.82015391587585,0.944672521091825,-2.31960569471625,4.17946509052021,6.57903662592886,0.931626692591777,2.44694626806865,0.284753005757895,3.53942645255846,19.2793010772325,1
"767",-0.718811755349584,6.57100142880517,10.062879447098,-5.3618614727695,7.76403853860444,6.97193671338715,2.73142849347224,2.80582443651608,2.24885192206086,-0.523829832829792,3.00801012352172,-1.43394268693042,0.979570550180876,6.18425535286311,8.44156495140407,4.39843530152228,3.07152840725656,-1.54010433317472,1.62873901385787,18.2211380665256,1
"768",-1.13607415071237,8.57250258639484,9.18805880639519,-6.07378381347063,7.18255407529783,5.68436927140856,2.92385277859143,3.39081274153389,2.76546034912392,2.5803167705407,2.31264871408953,1.12240984790346,1.25001185142313,4.93249674581484,11.2565040146341,1.67146382986155,3.59543041533467,1.08159861045422,-0.483931548699329,16.4253969627317,1
"769",0.254372480138211,9.30029803809187,7.85211327450021,-6.18862719279095,6.4119193295725,9.06049038795614,0.574226848916326,1.20619061367084,-0.244667562199345,3.62901374045613,2.15905664787549,1.66982934612602,-2.68916118331799,3.89768987527855,7.2626313594355,3.2809688738659,2.26219511294464,1.20880583419158,1.86883651483696,18.1073501557001,1
"770",-2.04329504151997,4.65522530727268,11.8157826082432,-7.76871209418254,4.78917138290554,6.86651878127743,4.12692837246386,-0.726110501945265,-1.34882688411028,0.388098670589179,2.07252078538945,0.165488609155238,1.63027798552206,5.18672777325354,9.71260753472405,4.67787124309848,2.97659702066953,1.66916075032558,1.10780569526959,16.0811544796333,0
"771",-0.440889693699864,5.59795037379506,10.4587065876808,-4.30485994203293,6.18684841058963,6.73224371553661,2.20562420709501,4.21618938933639,5.10348137386133,-0.459320165864992,1.71408663659341,0.694777657438878,0.48935531959407,5.22029588870373,10.7324754064876,4.16307378675345,3.37605256822333,0.74816564315684,-1.46057643227839,15.5142954374666,1
"772",-2.17219238832209,7.1914290023184,9.56498339213964,-8.9402490658215,10.0452343222815,6.92216765108074,3.53058163395421,0.399219996378466,0.156109630697678,1.40176395956696,1.04268878699169,-0.846464666348925,2.14076881029904,6.18961883185177,12.7239634541581,5.6350593993216,3.83160493811536,-0.713351464176299,-1.90779013911193,14.8887094898733,1
"773",-1.84879713983874,4.54293268931637,12.5510712362206,-9.22322387903158,4.58741520567116,8.54041090513947,1.68477065551441,1.55328183563781,3.84357678891118,0.64438416508525,1.98835966357781,-2.15476769831077,1.95248639151618,7.42123364418936,9.73956483782889,4.18576599941732,2.92128335925688,-1.89865490010981,-0.881665464301728,11.0298214750267,1
"774",-0.803844961425295,8.50591173884259,8.75144610803675,-4.72283755185908,5.66864432144275,4.1418124665219,4.24118909614925,3.8772160936715,2.5856230343722,2.30643287063365,2.14538491624781,-0.70712354637335,4.58695635718507,5.85654770274613,11.6672749044475,1.26187896304517,3.75753213089715,3.49635345693504,-0.67799777268555,19.3116477356684,0
"775",-1.02739295718008,6.04760371600773,11.3387504434496,-8.19791443064962,7.08314610758887,10.6865539462907,-0.349007015482226,1.99611065327529,-0.554787411701848,-2.21668342657894,1.06922078310339,0.717762894356921,3.51425250802808,5.7951113852003,13.54872779144,3.70312106997423,3.94839827458203,1.19173018960467,-2.53767165638089,14.0372709231481,1
"776",-1.21170318452517,5.76505480228679,10.5003307961075,-6.6080770431068,7.47082373441632,10.1009996355753,1.3477052563459,-1.75669267775217,-3.84523636013547,0.652189422105309,2.13595607365799,-0.710204433007171,2.60966368323003,6.68489867597455,8.9132044860509,2.2791054087978,2.34596173635788,-0.338051740537351,0.503642421663601,13.2155354012131,1
"777",-0.139467249267131,6.84280948449017,9.62305384756086,-7.93257505371124,6.7640760662977,5.99320819157979,4.89378036493228,-0.0203265497692451,-0.128085563388025,0.262876640322446,2.64965512848061,0.592746216020573,-1.28777310298387,5.10502686349436,8.61256171140907,5.6453483711628,0.521318469401688,-2.37046229048275,2.82772690927784,15.2880574423319,0
"778",-0.775950310299867,5.35130649071548,11.1542946127399,-6.84040377765475,6.08081640576761,7.16383707094719,2.71027983188441,0.887037452285204,2.31602578156922,2.32222908336012,1.49918950045262,0.669267437264588,2.56213767898906,6.11112930053354,7.12217728082791,2.13223583421742,-0.361262615933775,1.10304965633719,3.5473655117654,17.3281087155203,0
"779",-1.20979547276346,5.29521873321792,10.7345613778253,-5.14787130045882,9.53987852111435,4.63431596702426,5.16383653648549,0.654264504069023,3.19727879189082,2.62815156227397,2.46965517276165,1.01803510543953,-0.0273452300578303,4.33628666536773,10.0062490590674,2.23331937527915,2.90477957282023,0.644177426183929,1.31650022978028,18.6077443778933,1
"780",0.310002478771216,4.68102364212647,11.5682817139935,-5.78953108377321,4.84124999015083,8.29871550066628,1.18145456447514,1.76615500837505,-1.47913661609818,1.9266125546419,2.66764643024864,0.477973689158649,2.83905053271937,5.60254209569046,9.7927458479607,1.14567744302246,2.21136856551344,0.792762092119063,1.36061991631735,18.5955874360582,0
"781",-0.598862163838213,7.36328016305728,9.99002983150035,-8.34218672786685,8.86275213749193,7.75074216276136,2.36660838386991,1.34592308850678,-0.734337942052732,0.683117049873024,3.47826283930376,-1.09005118152363,-0.112746315684931,6.24335522369546,7.83635974493436,3.34934910207684,3.34873249617542,-1.2777941340794,1.40775600475725,15.4025059325194,1
"782",-1.83110238296964,7.81537566376644,8.90946852187671,-6.80532860615309,9.58579557761712,9.74010155874377,1.11487919998864,-0.609845944334754,-3.32896574968848,1.43070587546069,0.997281967951819,0.123636780622976,2.57482077967309,6.23142601864567,8.52300022475915,3.59126705227301,0.610581284953419,2.35798523736078,2.5629789444904,16.8472942815661,0
"783",-1.80119647241355,5.53169042989487,10.8078245083236,-9.26119479149427,5.91036946091333,8.46478279079657,1.74105823581058,1.23483449390676,3.02895650104791,0.788688608090862,1.88476810219258,-0.157827712955705,1.13459183747888,5.43742334704401,8.98061335081199,5.76378256149338,2.35661522068506,1.42499079371547,0.99863173510033,16.0868098124015,0
"784",-0.728565854716438,6.96208371191465,10.4059201679456,-8.24964482711082,7.02949545829421,8.98225658220593,1.78602848188828,0.848172958254157,-0.295779580172439,-1.65422055110397,2.72470453338833,0.942345542618159,4.19482413513629,5.51157684822147,10.0857676520665,-0.921852342784244,3.00360225478223,1.85702580306001,1.12288204415816,18.5295454505223,0
"785",-1.14814850262378,7.25536565170238,9.41941719373839,-4.45403567010771,6.77391764343848,7.59044118653867,1.92058609885093,2.27496290058405,3.83941256229752,1.66931790631342,3.0097300472106,0.357695030158176,-0.513032611562416,4.83246625391325,10.0437535525611,6.79968056084076,3.45490804928797,0.0543998187600114,0.0342688937204885,15.2796133569442,0
"786",-0.568354630378493,6.33957593099752,10.4598612542144,-4.52097686005478,5.88469631243151,7.05295492621392,2.82568463713795,1.68102351685763,1.38873738896316,1.08383798858637,3.18114546028035,-0.17200539019199,1.02391344070464,5.61965990839967,9.12838266615365,2.4928258837606,3.1548386110688,-0.24889028880327,1.08333468854731,16.7904161616858,1
"787",-2.50828254615983,3.47604613268347,11.8692701732027,-9.2526741499965,5.63145268713952,5.97115858898532,4.09274275106605,0.114998816815346,1.13781766616508,3.71732708205427,1.30659978185827,2.28353038582057,-0.249141040691746,3.48565101564437,12.430257691097,5.22793242017189,4.03145694579263,1.93871684217587,-0.502739267680681,21.0465343397794,1
"788",-0.356015504871886,7.76805332052459,9.37479502409218,-6.72724374728151,5.26178412944181,6.12835126099854,3.10067257857422,3.14584616221799,2.10270696396037,1.71116242287818,0.273479121332992,0.586722083507468,3.21641216730075,6.06082723108439,5.25315315953901,1.92685395047046,-1.24022117280934,2.2272355915781,4.43234246265767,15.2875892997919,0
"789",-1.89913480969322,4.90072050592859,11.0824839400256,-6.4295893490848,8.17250255728614,7.5785697097251,3.05607539731818,0.000441319862271694,0.724218243907528,1.74972728383482,1.37498461479879,0.408740487290512,1.77200505844862,5.39646643883273,12.1730267999834,4.1395374779496,3.72963700937532,0.488733444073305,-1.03576853308548,15.9329507294176,1
"790",-0.631350711438428,5.88932027699214,10.7344887778951,-4.40975413698097,5.3004326770418,8.67504999417647,0.753795373970709,3.56899192745161,3.99923668104833,-1.17217376434563,2.95839136631482,0.386015757730832,-1.01459675421156,5.00193378319308,7.99369566989311,6.1252880681883,1.02625152419246,-1.79344360353484,1.30831226390147,16.2207634968658,0
"791",-2.00512633179889,5.80873940515923,10.5247651722136,-6.80218363850438,7.80907123444556,5.53324330825212,5.05873308542063,0.481263087529687,2.2607715336097,0.0791123675926617,2.25954679740635,0.175747371695412,1.63121051183097,5.57446912952216,8.86616408308697,1.21189205089978,2.16697766505636,0.263848211777341,1.79246996410008,15.6894225895218,1
"792",-0.715794936202326,7.76567524259857,9.96755668698798,-8.063492746484,8.4828101750418,6.64696113127786,1.61995497910771,4.88569773368862,5.06446844649206,0.989916692157069,2.94135257568475,-0.23505313409401,-1.09076258331469,5.09650212572747,9.89610021124169,7.7168171069394,2.10050258501903,-0.789553393591207,0.722262519915108,16.4078430595238,0
"793",-0.699763170526912,6.6003986152147,11.0132087537598,-7.97559586899958,5.9828309674154,5.89908527484501,3.60880234861001,1.90542489178133,5.81879931782743,2.52964070894071,5.48889040798118,2.49819488665809,-0.779807778090494,3.15447180739127,6.90848840422909,-3.37946766699442,2.63963716742282,1.77467603399008,5.68862196556979,22.0754057090614,1
"794",-1.06738486929252,5.99207334851082,11.0212469895798,-5.50258349314392,6.78414945353433,8.7568689590358,1.37408517831645,0.317682092659002,-1.26215190630182,2.45350545798056,1.34922783152583,-2.66735910398549,-0.574631448032273,7.20573538204123,8.29304321747405,6.7368116184391,2.4931050251953,-2.66298791906291,-1.27409104865066,11.6121814509387,1
"795",-0.648769307349458,7.28138739168618,10.1807859678088,-6.16617299790814,6.76080515896456,6.13072826615601,2.91014139194159,3.32409361438017,4.63352120261055,1.76190742857727,2.88521933071225,-3.5343620865022,1.73463406779105,8.30587722336178,8.8555131219191,4.61990611263948,3.37314028121592,-3.35244247875177,-0.68700002522654,11.1980880788928,1
"796",-1.60025593488923,6.63885770572974,10.3769066779871,-8.68830640146958,6.54037692649153,7.89696117467641,1.78682096334969,2.3024456399367,2.07969550386946,-0.0671687446259904,1.43285893078321,-0.938307681157295,2.23771091966529,5.96408248888737,9.67884463037742,4.75923059378252,2.50909342125045,1.58947129439767,0.530126575152224,18.680634027788,0
"797",-1.67928751620501,5.87115388676219,11.2338471876028,-8.23083389571914,5.63637104280136,5.72258547500886,3.77537990768498,2.08975700532221,4.32932089837157,1.38866416187703,2.42076612329495,0.360281637351014,2.83810696093602,5.56380978206156,9.3259509385414,0.487080071289649,2.08494295448511,0.613646827556075,1.82184775940426,16.1333187964741,1
"798",-1.86740345130095,5.59964926129258,11.4540740893699,-6.65667154227297,6.79177932866288,9.54995667083378,-0.424935211248321,3.19317791071111,-0.102769388664561,1.10870262226616,4.10134816988903,-2.03300419686531,0.779267892304005,6.82424208373479,8.42120066850019,2.50692037818822,3.46375218668973,-2.21931364137899,1.00088447583086,14.4283515573265,1
"799",-0.512317766284113,5.67314121340574,10.2415362185916,-6.40667561762993,5.84021352759638,8.11997033102882,0.783607627978798,2.60426668165262,3.11358596620524,3.26273084370873,2.19250605711931,0.0827550960560544,2.34552364203684,5.46820537127844,9.93005130043079,3.66639912488723,2.72757504351584,2.2412869864479,0.62784203990333,16.762985329835,0
"800",-0.392852415090029,7.74435848165056,9.24768023138253,-4.94068860521078,5.02782965543966,8.95015357269573,1.16492449317238,1.26178160984518,1.1039660514104,1.25226368270955,2.88481657486763,-2.19753276408717,1.23029962903191,7.28485579551554,7.85908640178815,4.04480609782798,3.1384189110122,-2.06080891925319,1.09761929054079,13.5435028624235,1
"801",-0.581245551124635,6.91574680303347,11.110912871815,-8.78492044386352,5.58518721398333,8.67868515268462,1.44853364806163,1.97534299804192,0.283417400150438,-1.38996631096395,1.60400931996611,-1.20447487989095,3.35150874058135,6.24485096251898,8.55114953125884,3.13323256170728,2.38099644767273,1.90053566799174,0.360406722563777,19.6420098127132,0
"802",-2.6378371254708,5.82031457344655,10.9134338328572,-8.44813951021096,9.15661903648187,4.26556319635288,4.90495930542413,1.97262007006546,3.71687831983778,3.08126310550817,2.45657444114701,-1.38112446680668,0.408115504058585,6.77647224383178,8.24841860927677,3.186196103235,2.68579645145097,-1.35736290643737,0.0676719072878395,12.0767837186139,1
"803",-2.02275693616514,7.20915648172842,9.9561399638059,-7.17543809521651,8.77310738352017,8.19399556576959,2.27139001992135,1.05864884928666,-1.06248586851512,-0.583861686128334,3.0564566837378,-2.94887249444367,1.60907337843583,7.4034721928649,8.20331716657736,4.79035376802635,2.91817008530098,-2.92588438641619,1.44751590736073,15.4411236567765,1
"804",-0.532206210624823,8.23811070981853,9.69529256664624,-6.60480492296518,7.16051878564032,6.58322694981334,2.85453668719529,1.81735782517556,2.82340837858667,2.43068351919352,3.32043095059962,-0.794119251648309,0.855131397900203,5.39342595445647,12.0784840052417,4.78162148834776,3.09584238439487,-0.278012381738822,-0.210616643249371,18.5992231004504,0
"805",0.203789555915868,6.39504013544068,10.4677931238616,-5.67746108434543,6.24557444544397,7.67901846673689,1.22263432697603,3.87907802133863,4.72729218780775,0.698589490020883,3.05540208447297,0.925480408558156,-0.624037668267762,4.93176600712571,8.66082032548952,5.37146187836726,1.83682410169963,-1.14096589228228,1.15173086926496,15.6815158407013,0
"806",0.308260044467522,6.19679393706412,11.5865325583221,-6.19393946463469,5.42724053505326,11.7398496343106,-1.02921765486404,0.572322132660438,0.291459737402716,-0.302829993401982,0.105077898672559,-3.13590873006003,3.82035647563977,8.38189854453082,10.9132032124825,6.11311611164802,2.35969681511367,-2.46697911961051,-2.10152591901721,9.65403114021601,1
"807",-0.973503440364466,5.83360850317277,11.2161151558089,-6.67216715896132,5.70845031760343,5.49088505293889,4.39454960122988,1.29360278162736,1.73250062197971,1.16074049419458,0.973614473359303,0.938323031783216,-0.384782035825517,5.57614066925487,5.60585496190079,6.50747383354007,-0.145661319953903,0.112529537517469,3.43235171656353,12.8974937631932,0
"808",-0.636255374692894,8.1818226146774,8.80601512227497,-6.24473319732113,7.31178034216731,9.72996903819558,1.80907490123819,-0.748355425378934,-1.48281857865497,-1.15901309130814,3.51149074002602,0.901142190262037,-0.8238160938862,4.64606463125453,9.17503419500559,6.01851734522591,2.7572367406564,-1.15438993355759,1.03097722461475,15.8645157424926,0
"809",-2.32162965299501,6.16651840981791,10.9282002117854,-8.18782424403121,6.66474223325232,8.63849178208088,1.59479355330041,1.8785782191184,-0.426894072911398,-1.40783976230405,3.76463155390737,-0.382183807424331,2.59242665841095,5.87884120431212,10.0028780685536,0.737466624561102,3.18860962987501,-0.350478203609785,1.1011530468297,16.4571293453366,1
"810",0.0605226682151112,9.51548290401806,8.57503020750829,-6.38607087678259,5.95642476242355,6.99047321400118,4.10000133493644,-0.84479345155557,1.89321381153521,1.33683977384301,2.38476319482925,-0.721934714019961,3.84831391358588,5.72078005580004,12.807427212539,3.61154278559912,4.81957327389481,3.95528142326862,-1.52140490986658,19.4786243281468,0
"811",-0.324128694499401,5.62506720992133,10.6657312758133,-8.4968488696499,6.81354772557799,6.82282457516081,2.12566199028457,2.29949802215117,1.46773212172197,3.7697833495302,2.34105259042308,0.212631871205752,2.33338146874263,5.31446584172984,11.5458762909242,2.47607159314033,3.24922995761164,0.23941667806182,0.00577700786724045,17.1640730843436,1
"812",-1.24435657992523,7.42358983492254,8.70255802468329,-6.14226943973601,8.20709342798862,7.85695359599582,2.68648672531411,1.10015261853205,1.70551997330974,-1.33508118631236,1.51594659508757,-0.438744529955837,0.263964230218479,5.63682211231361,8.39335923266726,7.11517680578607,1.52911650730245,0.797590277567427,1.67150330860648,15.675434550719,0
"813",-1.3132960278057,4.63508360131336,11.204244720504,-7.49281690523416,6.1029732050332,9.38710418873898,-0.0830384529275578,4.49128582671898,1.94756231492849,-2.80035746278805,4.74959936153324,-0.134698756153356,3.33590186075234,5.67409445632025,10.2948684326623,-0.564439143097216,3.90254256006372,-0.187915588740473,2.28754234753316,18.7579771017191,1
"814",-0.220829134803101,7.03487819018334,9.77297918364622,-7.16867231261551,7.15963669671439,6.65439233933929,3.76628500639734,-0.611458564440647,-0.473397727361407,2.04057102540175,2.46231247935904,-1.45812993028555,2.9735952338983,6.8543665228523,8.69189157677444,3.20284336517775,2.60225085582796,-1.18755996850985,1.84091181115557,16.1278538592208,1
"815",0.0479216716700399,7.61540829990167,8.99349810501281,-6.0441218512558,6.16847646283843,7.65589913202608,2.05050108695206,1.67281381581895,-0.882348740470301,2.19552910746514,3.19860619617147,-0.166292674886591,-1.22311934766603,5.08699525379942,9.47607937218593,7.49968116206722,2.38630877287408,-1.15661362947629,0.234689154794432,16.2190295818453,0
"816",-0.0709594836011452,5.49334805840641,10.9198113675281,-7.18229116248843,6.5824603473629,9.11324669603733,1.02834386862435,0.811197652106087,-1.94474176251558,2.24562397416361,0.992931532882781,-0.682655540038821,0.990457192906214,6.08033927859249,7.2925724106216,6.15127228062469,0.45235996308286,0.648394333032985,2.38543255001613,17.0011983658638,0
"817",-0.00348885189301495,8.06034271564474,9.59030870311054,-6.32368163762327,8.55964345783606,8.66395460104641,1.80807938832165,0.658160927508171,-2.29661619448048,-0.00837542915093459,1.85424796129523,-0.549450348628184,2.88319899306222,5.89764417640908,10.0047615192859,3.69304093394399,2.82973482340581,2.44550978357523,0.216983113698858,18.2049395340391,0
"818",0.485365455779338,6.21952751892978,10.4701289007222,-5.28668622718416,6.54711935058497,10.3727526380953,-0.165969795197535,1.45803645554474,-0.507318612126114,-0.533409180775954,2.64726174709407,-1.5884366667015,1.55222728423293,6.42048354556717,10.1157118802005,4.32706127607205,3.25332094644382,-1.61016053670627,-0.249531545441809,15.2223616578088,1
"819",-2.17507486123855,5.01920404791067,10.9882662403931,-8.38377167556393,7.44417367156926,5.45816422644962,4.19164401417762,1.6331935946458,2.79026516539806,2.33256507102647,2.19775672378425,0.659638708723783,-0.571133501317457,4.99748726349372,9.51154668383721,6.77342963064771,2.13262076739446,0.246019741842598,1.49970954886281,14.2490300038448,0
"820",-1.2138406826441,7.87177480857539,9.2821061502345,-5.95669924483155,7.71470223244243,6.83242730188409,2.99424730654026,2.16918661597455,1.86431545064104,-0.0662789224936671,4.44589989949659,0.256012582123811,-1.51064039023975,4.50509143359713,12.0744315629564,6.44045867990302,3.51292411943022,-1.96529929118496,-0.136133170591979,16.3864475315226,0
"821",-0.326660217989468,7.1728031855369,9.93557692232434,-3.3316724121866,5.10997276612923,6.68864746119795,3.57847012682589,1.32582451947192,3.19827292656681,0.0115320289122128,3.45594784804041,1.04316767428378,-0.232915458849549,4.73203234041456,10.0931201970759,4.67595727864297,2.36295932658826,-0.51340505764226,1.12945553043579,15.064175581886,0
"822",-0.193869342109231,6.1202610873638,10.1384343883982,-5.24528534094822,4.80902838676366,7.02167896820786,2.55118227100139,2.76882949728565,2.07625546020888,-0.401738296083984,-0.15764359090863,-0.571466097945818,3.55922274534409,6.58761208383615,7.66246318661112,4.45253646002262,0.793348563059866,4.2738463613849,1.90514004618508,16.1678063852684,0
"823",-1.3084234729077,5.96708243633733,11.644422964229,-5.8107144534439,7.68073497758516,8.58727377582166,2.03569539727367,0.662027988241531,1.97602898380881,-0.716000746139535,2.63586942067033,0.0442104993310837,-0.499916930566091,5.12777125071441,9.48979611085164,6.37382738793932,2.67009123515551,-0.765619953661356,0.958374527842397,15.6285748061478,0
"824",-2.15283276680092,5.62935947794257,10.5200320041163,-7.1147627808214,6.66203097294499,4.83732857298851,5.05373878190756,0.970644133404589,2.99679963652252,3.37179950124274,2.17126845560561,-0.0722642518744346,1.49468486907551,5.50378003184398,7.57230267398167,4.13222124360734,1.69851413298697,0.429813952947275,1.40852354520872,17.5142727433393,0
"825",-1.39948749999468,5.9561087339436,10.5680955829749,-9.73403720902951,6.391584224065,6.26778472845552,2.94120618223345,3.63506884917128,4.41817851819729,-0.772621878106164,4.03584567363185,0.174263350710561,0.470319664163607,4.85093990484041,11.050279561149,4.00993134581848,3.29461561183259,-0.741766016092655,-0.223716713736015,17.3938606544182,0
"826",-0.699915095220249,7.62640388643611,9.91421080657429,-5.3541382945939,7.51395957536408,5.25781555381317,3.74853567227935,2.81865662614745,3.40266038950891,1.80863468142833,1.57849866189951,0.433564336811751,0.808581814140013,5.02270840072961,11.3803605946231,4.46119212571192,3.4697376860579,0.316208059509283,-0.269158189138832,17.6067449969412,1
"827",-0.247060697136545,7.49923634441799,10.3422456568514,-8.14375329296413,5.54406239448574,7.51057543288606,1.53542696711419,3.10258231578627,2.82324468132456,1.91135602561951,4.96720469332864,0.533301056402105,-2.80671942375614,4.24525831843884,10.3138770548999,6.08236553096668,2.27059517398276,-4.48564704914538,0.792428256956161,16.2764228216467,0
"828",-0.536696292001269,5.5014476114924,10.9906743449108,-6.17973065092447,7.1030397044706,8.18643305689338,2.6745957702292,-0.155278356093227,-1.28547369708593,0.196073525366122,2.52047702499454,1.03722647177935,0.636549622229784,4.95198278659684,8.0685080604676,3.23760584271909,0.703330372465052,-0.389399257035082,2.66808947451457,14.661713509497,0
"829",0.308887694052049,7.00975661062784,10.2944338907506,-4.30719219220199,7.11634739766534,9.28100694157985,1.59666383845684,-0.464626950276526,-1.57112987168401,1.08424334629131,0.825320819461258,-1.67830766062513,7.18404133876017,6.82103774985041,10.0713157275463,-0.319922679934071,2.75206227790015,5.45875866034648,0.366286413438132,21.6826205070642,0
"830",-1.88638509442108,6.11530111099214,11.1926244402773,-9.52027507781902,9.87979535410831,5.46842875480955,3.83532306519984,1.75311571408105,2.71982329471973,2.42581905707868,4.26262584494577,-0.649781194404074,0.412560435492017,4.87380237898438,12.2319882275332,5.30329366480662,4.40353258258433,-0.356829189751715,-1.8525739109656,18.7896025207923,0
"831",-1.89523733895632,5.99917363144948,10.2239485036856,-7.07527924617802,8.84059767590661,10.3323472854703,-0.0243256933565656,0.917327572344664,1.92781371915181,-0.377738691290591,0.940249917203734,-0.883912032917212,4.45180754007454,5.9240611766202,10.5629609798594,3.60623170665904,3.94250083893642,4.88729397647324,0.166166628975706,17.9520221385656,0
"832",-0.0509917150799596,7.70234766653553,9.0829674695914,-6.95159795603598,4.69834148572211,10.000430093825,-0.186004395416684,2.94633760835637,2.03396301928612,-1.75126677285242,3.01107737162091,1.02245134073388,1.48645850807259,4.47447253607187,10.3285342676878,2.01789891207104,3.33960219537282,0.822760431497775,1.8092994922526,20.6536514626064,1
"833",-0.690706710423058,5.53511186025558,11.2954929693763,-7.72448260000133,6.75836010402422,9.40134356061101,0.90994725426289,3.11233828860606,1.60434057310928,-4.12022022121929,3.5702947345161,-3.15601109864007,2.58845936272865,7.99105372692993,8.5940762332723,2.93749082603432,2.96196085757191,-3.0433735963353,0.506888692336698,12.1168795062697,1
"834",-1.39897345256087,5.92731041309282,10.0224642003016,-7.66994101675679,6.62000689958964,2.19926231523689,5.68846830912756,4.77657159159543,6.28095084154271,2.433817328214,0.142030765029866,0.575516906171775,4.42854902307999,6.04362618463583,13.8173059134988,4.07085422570227,3.3389873775779,1.26827729844283,-3.16935753799821,13.8426122056775,1
"835",-1.84390196033328,4.98333601555522,11.3983812264486,-6.47824824881486,9.56523828691108,7.91879066160485,2.14787470703625,1.61925513900719,3.08934388552764,-0.515220528914662,2.04238147686502,-0.390105554525067,0.386647800813999,5.4775417983455,8.78643594751785,6.18232505560614,1.61137321345291,0.270917761866561,1.3910472778788,16.4786703351121,0
"836",-0.479750888192399,7.38186639380462,9.09716767486497,-6.69607670699876,7.74303235651822,8.02107178049401,1.44360455530983,2.4636014590859,0.0895403164021853,0.742202203975856,4.17274349556682,2.31769017806655,-0.458846881820224,3.76925496947494,7.44850214656716,-2.19887689602981,2.59308751415699,1.92985779281352,3.82710686571259,19.0258731974553,1
"837",-0.48790384941092,7.41290216952539,10.5533368926979,-8.18051480365104,7.62777996829249,6.25986479047108,3.42330964006249,3.05322326720585,4.17992781262121,-2.32079431198505,4.69434319336523,-0.750616222676196,-0.841936246647047,5.58643284583919,6.66770924647362,0.965455214314878,2.85654800888526,-1.21753012649443,2.6670860671413,17.1716112541677,1
"838",-0.874216237975611,7.42367668496044,10.1683090403141,-8.65102266699722,6.67476264410608,8.35858332572098,1.6572091091131,2.38962620094417,2.6868429853636,-2.19379721258596,2.63229319061147,-0.0848724920505541,1.6145160982938,5.2025259890994,11.1205877289027,4.66053734871614,4.12555224961393,1.49676606464311,-0.183277438948381,16.9931395361201,0
"839",-0.186343267347853,7.14220313876232,10.4621724243382,-6.67471760258323,5.911074327949,6.96724054717171,3.73902528512657,-0.143190998534705,0.899789920121984,1.52996238047348,4.15835388014459,-1.44542596592484,2.83394410621996,6.84192691872803,8.95174077206374,1.84903368104155,3.63216630428278,-1.24206509462247,1.59739254274813,15.6862884788639,1
"840",-0.974924149116028,5.24401056327816,11.1334645631035,-4.44626682356023,7.43939086913765,7.31655583281812,1.65370028152139,3.33708982931568,2.62347967861012,0.77448560889621,2.83202979840088,0.0506878683867144,-2.59366155934481,4.91348354777557,6.77152492726663,3.49346965801947,2.38838200846838,-0.465544204345134,1.79904276107456,16.4658791844796,1
"841",-0.0900267818102911,7.52013611591447,9.45699551321682,-6.49396065197954,6.16111433591444,7.77396232545414,1.34138323589688,3.12397928734264,4.21831540702115,-0.363087150675651,0.838739021574634,0.471289828489134,1.15221216269393,5.96434627111497,6.65995769618046,4.56431159608745,-0.737600543947699,0.79487222705134,3.82531627717194,15.0258289456021,0
"842",-1.31341787517246,6.64491310982138,10.1766798117939,-6.41012083678584,6.41077274907452,6.65262446585955,2.65355216286958,3.27205485161616,4.2960980542671,1.17639798250625,3.32563282286504,-1.82116610831484,0.996390208846052,6.91604581993117,6.61231160795769,2.6874982068014,2.32198168646948,-1.77358689699534,2.30150278975646,14.2869245626924,1
"843",-0.543239572000961,7.83382144578266,9.55732764195566,-7.04112149809751,7.78912804679198,8.60393508122801,0.205216875046933,3.42407053766995,0.980666029202806,2.00316952033133,4.79996275730407,1.09388443632235,-0.429996194995679,4.16232883773291,7.70827902499429,-0.873337470128574,3.01827238537583,0.533209972367025,4.12533126506771,20.2397558186886,1
"844",0.233281553573577,6.24340352588604,9.93355093726579,-6.66185148561293,4.98122473415223,5.36002629664322,3.74757461188475,3.76231747151852,5.32036231280718,0.512898625638302,4.24579115066667,0.587420010062127,-0.514716119419875,4.56703883939558,9.97369113311074,3.51132717469271,2.62840149438733,-2.75510465606576,0.318769979260531,17.1480776594657,0
"845",-0.254577541411049,6.08087017683447,10.0896200706937,-6.39866473852926,6.12774780803448,8.85979443444482,1.24819944605168,0.0597292011048989,-1.51055202854053,3.52762545859884,3.2110416377514,0.244460978289464,0.956697042284855,5.15166212874682,9.34566039410017,4.05033414368065,2.16668079650738,-0.0192294114732864,0.481337593302552,17.4937957113002,0
"846",-0.926608381924852,7.96891208628313,9.5524389848852,-6.44189823129487,6.96615823685153,6.74046163930755,3.27659437223408,2.48574079093003,2.26549330679928,-1.71076211036641,3.24419172909232,0.62393197853506,-0.956430450105439,4.92576181092044,8.99224846955298,2.92078776504806,3.59707321750682,0.274618943354371,0.410939720219352,16.9586985864756,1
"847",-0.274876001699732,6.66814409221533,10.7225908641068,-4.96765736656134,7.41840965371943,9.45650605880321,1.17712337690974,1.23592749336081,-0.861020562847612,-1.81491617603393,3.982369288328,0.657008515508138,-0.016468442220183,4.96043896584752,7.0513848597271,-0.10120128843075,2.16912019997222,0.447244865056705,2.38599126520465,16.5950625863973,1
"848",0.522598919005196,7.34306374978612,8.83346560546506,-4.77655911288589,4.29170066292545,7.26462275987092,2.29935175647792,2.14256492939109,1.15845262461338,0.032412131821421,2.15168070257371,-2.42511060490345,0.69283280655358,7.44082645244516,9.57118275146644,6.48525778441524,3.68774707583278,-2.28086849899072,-1.49882690315778,11.1289903476769,1
"849",-0.538075481971407,7.0023105539043,9.96111203121832,-7.1642656121209,8.57739524355528,6.52988991368979,3.53952079682918,1.82256288470834,2.09456601373653,-0.537467981199992,2.22075784975456,1.17397626640346,0.256336521731794,4.59370420577204,9.25551198576253,2.70023798135149,2.82327890791771,1.00806959685391,1.56768893220883,17.968002337948,1
"850",-2.58570502321191,5.19942392086701,11.5314258564377,-8.34613729681946,6.94139115284807,7.26295803579557,2.56950382549561,1.56200689583268,1.98763600688015,1.02307687413545,2.31121153882292,-5.00406480238792,-0.229696657418547,8.69288067606615,6.60098337884733,7.51041043662046,2.40710236341636,-5.03755951093764,-0.0811960977843655,11.6604598431222,1
"851",-2.86365510846592,6.30960160730691,9.73950639678315,-8.07266235129499,9.71668369749061,9.7304927439546,0.142353086305261,2.21653124869652,1.34079627147362,-0.685708284292993,4.23315926140509,-1.38981223209431,0.252806494171618,6.39020460938478,7.08224007079886,1.34609484701591,2.87411126056112,-1.6670428729867,2.06758948783016,15.4646307650647,1
"852",-1.60347727718171,9.61088333266098,8.57758442834387,-6.26771579323303,7.88070149206125,8.60402919327891,0.964767674078785,1.04668464337522,-0.35065311374039,3.88136466785359,4.35449228286435,-0.880697327665742,-0.0925318153116231,5.98155094636883,5.71924775783714,0.553964378953271,2.25374849594978,-1.11658823262304,3.4498766768439,16.4542135838975,1
"853",-0.954348942759875,5.27895232860309,10.7847151580366,-5.08828877924546,6.61590549794394,9.27438537848283,0.722565677978309,1.89683422003823,-0.685808698022354,-0.34354593000285,-0.345199776729648,-0.700135681960976,2.9737494585167,6.59823556609307,11.8027498135954,5.43455591078554,2.50190022017937,-0.17804542177583,-1.92298692586964,12.5809770595826,1
"854",-1.86456660884851,5.65904452911309,10.0268718834406,-4.80353591738295,6.91352321654207,4.81113618501194,5.68100488537312,-0.97980301228025,-0.437710736653671,3.70984287892041,1.57730022066295,0.00965791706528792,1.93919185111723,5.52207645524363,9.27466211742012,4.13942812260643,2.35589542886509,1.63031281234316,1.60397675089791,16.1562463261535,0
"855",-1.66728489924454,6.89642978951972,10.520393271431,-8.64564400358094,7.84390542075816,9.54990110377701,1.5760047755532,0.695620446890387,1.94896493860305,-2.33889120284596,2.79713725583536,-2.47066104862761,0.948632941223699,7.24259339878143,7.06776284905061,3.76067175129704,2.2679565885443,-2.44576763295788,1.66280210155631,14.2268188277366,1
"856",-0.480418412848814,7.66061378106845,9.50968788032504,-6.63548075225823,6.15695885581785,8.70336023387482,0.881192833828964,3.61535628269441,2.60183683889712,-2.42176544385916,2.43546539551824,-5.25107643947523,1.92227916235045,9.16840457118861,8.16071668207252,7.71927832480814,3.17230629775277,-5.05580859965803,0.100783851371338,12.1748810294907,1
"857",-1.60082721849961,6.18102807715237,11.5011880478264,-10.6683166484506,9.34791812886849,5.38389585500287,3.46201282323402,3.60102463028817,6.30729843535251,0.831272174211426,3.99686205488345,-0.493402858302572,0.679734591784377,5.22534804143526,11.4901027589911,4.00152582543859,3.0549826680819,-1.16834381072381,-0.261931522345854,19.2975496268842,0
"858",-0.563836647668211,5.30703433779444,11.6841016034852,-5.37284981382896,7.17499703772811,7.13713824459276,2.41140915435627,2.95211352565893,2.54844148055797,-0.581311553910721,0.87637936051637,-1.18123981478002,1.67159575687286,6.1807445274143,7.37841351030162,6.09392817048775,1.27950753113702,1.62464321547549,1.28261732003796,17.3604806942726,0
"859",-1.23783420408206,6.59629964032062,10.2020199427328,-7.89989241009942,6.75353210504459,6.03133957995075,2.86848824117788,2.65446149630845,3.79155830000874,4.71539228178586,3.23023605807675,-1.19309742105283,2.16586831111725,6.55538247841469,8.01646013989423,2.05477233657052,2.46898389676565,-1.03077907207083,1.65696610689365,15.678180967898,1
"860",-1.28619992099905,5.7837273093722,11.0685812046208,-9.47849724809262,7.56970224973194,10.0363073253675,-0.27878388745723,1.76111672171959,-0.992802416894159,1.91804241426651,4.39195047873558,-1.07525157246844,-1.51472362351158,5.53093754119171,6.51052410170715,3.05805520934758,3.03184944135684,-1.65948298051742,2.84731752147935,18.5059230004645,1
"861",0.159093579282455,6.8718227115971,10.3681077511609,-6.72037347934048,5.41313017517906,10.7131841573901,-1.14363024743705,1.79740978589716,-0.498312677304581,1.34358713830368,2.36360509651509,-0.319471335412288,2.93828484841309,5.35855861848798,10.5713251776595,3.21821802224093,4.43044239445338,2.06666681107013,-0.435748559272681,18.5961668712915,0
"862",-1.80491201425364,6.37963169975326,10.3439340190583,-7.41245680273419,7.29009768960512,6.92556882717673,3.43717923450532,0.746363499213076,2.02431750618321,-0.194285973632412,1.80072297680545,0.96790100025557,1.21545610918828,5.35962497016253,7.21169198676587,4.20664569868748,0.956645908414452,1.12572316729723,2.79109541731642,14.6239138300072,0
"863",-1.24391786124075,7.05491318153511,10.204105245171,-5.16731392894,7.51260762353197,7.19694033131965,2.46235054399681,1.70321112780121,1.92448618673826,2.88733540552624,2.17504108900895,0.00432252578557849,1.94618079082665,5.06050299924976,9.97429161934877,5.13317437107759,4.84175670038709,2.50195201257653,-0.546861645503478,16.0758363446053,0
"864",-1.29898000402231,3.92283581130532,12.2651511305879,-6.93576244582906,5.39701971754954,8.9059688845183,0.435817949815538,2.74022221368309,0.0888589913208295,1.29404172134396,3.59258371728123,0.203990113694581,1.80728366056163,4.97386420549549,11.7929106316141,2.44748659517981,3.96849245858551,0.257170353396066,0.0968986968621701,17.9091578917675,0
"865",-3.13326482723787,3.31918460824047,13.2908579334338,-9.59763569886667,7.43678689383927,8.25609383970536,2.74230409021477,-0.116645863319428,0.342056035020897,0.216597942659965,4.83736839547504,0.75786180999083,0.619101992112687,4.40038169227623,11.946384205719,2.58097999110031,3.97565833997684,-1.27687448922781,-0.156060900568715,17.6186655618688,0
"866",-1.62798168793601,6.38003777346892,10.6093717109719,-7.18449556684903,6.54285022924712,7.94131260057419,1.70081753371103,0.512561793721077,-1.4020197332414,4.34826326908795,4.32325528578383,0.698528824941653,0.862064769481672,4.75971185201177,8.63503457559414,-0.129360252973456,3.21350960425644,0.418426970970812,2.83722262477207,19.4224646366933,1
"867",-1.89263499493601,5.18307798932919,11.3743369259398,-7.64478208019468,4.8980064500153,7.40883918102115,2.71292385043549,1.39572351865661,0.246431103821469,0.203944955625005,4.23403851741032,1.37297379357865,-3.20165963974125,4.04235778528256,10.5607800094505,7.61011619877429,2.89641043951972,-3.15773206491794,0.966413024577026,13.9552711248894,0
"868",-0.517760139994938,7.43141884886936,10.2152424040326,-5.83424749572515,8.35645758628615,9.35988976066512,1.09020991823188,0.457344242878311,0.985957731988121,-0.749240849410274,2.08617059382786,-2.33784174486446,3.64985278922592,7.63221067818945,11.2194203393254,5.23526067655405,3.62361188132301,-1.87048907158448,-1.58545163945241,13.1367044205764,1
"869",0.0490063408793933,5.70630290256701,10.8216183342607,-4.81294348780994,6.9842984588168,8.84478968112707,1.14330937147188,1.63516339745899,2.02275950657152,0.58737654369951,2.24891525936669,-1.10625704478835,3.81972412764628,5.88409534925178,11.9489728588099,2.50877722674281,3.67349642992886,2.6719741351138,-0.781859758476663,20.3477246440213,0
"870",-1.80309287148552,7.59496502983023,9.55141151708772,-5.06541434452845,7.23103367668289,8.65951550629542,0.196846560130284,4.68483929012494,2.81556200017502,-1.59188161171375,3.70394897094584,0.943845387518723,-0.844510118402496,4.46547398879326,8.53005728405509,1.56174918355528,3.20290919889865,0.508138480636807,1.88327626222324,18.25521034116,1
"871",-1.14887485320223,5.82228750246635,10.4517685419419,-8.21859777337635,6.59383366157449,10.1643824633385,0.636383561227941,1.67923484283336,1.77633933737349,-3.52080559609341,2.94053203540769,0.083265636681845,3.16986896022577,5.71155219127661,11.2556043741742,0.0402088842320407,3.32785733198595,0.24733560808463,0.818658167667535,15.229790561748,1
"872",-0.514883329398431,8.24694821937964,8.76316622982286,-7.25557193619909,8.00797932626788,6.38686143946575,2.79381310838666,3.59105622414159,6.36209496426356,0.660206035992612,1.73294209844741,-0.887487942424461,0.544316632097934,6.0284864067495,10.80018820484,4.97866660592976,3.48196464285252,-0.969622277944262,-1.24461769999481,15.0196082618636,1
"873",0.467089569615504,4.94553915348749,11.4437292483813,-4.55146155873091,5.064369318908,7.24251364913186,2.286236932308,1.96040656194271,0.508792529834513,2.54034423804866,3.2155074670104,1.5822601721802,-2.58646265188595,3.92647036479441,6.65585686714123,1.47167756918859,2.33307391177309,1.0648661428951,2.46423065302635,17.9150365498773,1
"874",-0.412968548757517,6.86484922665859,8.47158352306933,-3.64507029274076,6.90149169704983,8.51453554592859,2.16480864646278,-0.879716711866541,-0.355473676424741,2.11925390061239,5.67593505944579,0.350361681878539,0.0525442463175425,4.12621493111301,12.2120916900841,2.23705316781513,4.30237649319282,-2.87130211616575,-1.08654445178929,18.6780165856826,0
"875",-1.11926470172872,5.78452927780701,10.9258367055263,-8.13151984235643,3.92891356284028,5.74908029081774,3.19718135193727,4.97136723331153,4.00116751158476,-2.51784493336991,1.12264316969211,-1.89166163712078,3.29202287833138,7.34197047218463,11.6640877000611,4.97425002055338,3.23772559625583,-1.41136355324443,-1.82542777271848,12.1208528698018,1
"876",-0.614520166287501,8.77499482955499,9.3532291031187,-5.64028938946116,9.10952066840819,10.5302272027358,0.123604531233566,0.914621269918611,-1.31482837465286,-1.65234687740951,4.58396751384449,0.079925291551434,-0.359231750228522,4.5668990004487,12.1471879259707,4.77581099612001,3.79468362164675,-1.58257330181102,-0.741890052543138,17.3334248850132,0
"877",-0.74820274789823,5.9012353069396,11.5127680629942,-9.13134053632349,5.12577755546561,5.47318189114652,3.54092845447017,2.0597384814223,0.650522997687837,4.50190335568266,0.85756438029687,0.475543969307503,3.76459989634057,6.34735679546421,7.42541670607594,1.11000651889585,-0.00513160235473631,2.26775871116806,3.52213137348233,17.2460146847759,0
"878",-1.74629810734565,5.34664640563104,11.189753363371,-7.76051421584538,8.09757583032036,7.77258228701058,1.94511756178487,2.58571380680354,2.98753575309149,1.29109814788514,2.62473598323311,0.466525298570687,1.74151882707518,4.97799941766847,10.2890669689837,3.66155225096339,3.92650127718683,1.27064568474806,-0.0789223137462061,16.6953418011106,0
"879",-0.991220706261252,6.25585098733019,9.29136346188085,-3.57495308531073,7.30740657903423,6.72118055181073,2.91907969689845,2.36928600830704,0.837192021854901,-0.493058432971078,2.68997027888236,-0.462315096176748,3.59363091324008,6.11598836398589,12.8053587695817,2.80295946729769,4.06607077780549,-0.287789610476661,-1.19656578402349,15.6494650014995,1
"880",-0.632237792205679,6.89307208916939,9.95751560290377,-6.41030393747596,8.31034339758151,10.2835093752364,0.0771432279502671,0.870624983232008,0.468235150783377,-0.34899263538832,5.90621530290781,2.56885373953787,-4.17406757807012,3.11332652657665,2.69440174866441,-2.80417457410595,1.86639171705667,1.66222280954438,6.29190308349985,20.437972687405,1
"881",-0.651811084870669,8.61608671799895,9.49637702760886,-7.77872463483915,8.03310859565068,7.1563797957283,1.69568555749252,4.08797673009191,4.09976645331499,0.0113813956273447,4.86085943201423,2.12224668865269,-2.32449077200677,3.34154409751975,6.06099122655316,-1.33764390127828,2.48423047138706,1.36080033771671,4.49488347652984,20.8307086017082,1
"882",-0.732256774216821,6.60925223941742,9.69983750429927,-4.59289983745187,7.71817079467389,7.61038514652473,2.68564208014258,0.801036221816813,3.03953090475041,1.09073732278496,1.1241622170709,0.437709256939355,1.79442915042282,5.59537238776459,7.46999140361802,4.16401547192016,1.34806407498578,1.75077190880401,2.56003187890708,14.9093180262032,0
"883",-2.48441782354951,6.5850105320349,10.4029428568491,-6.4190278470649,6.87094364902753,8.04965104095234,1.99357001191627,1.11558143988123,2.00423985566046,0.851899538809484,1.04643047775326,0.640971922495408,2.36650849012098,5.49601719559389,6.52051766991824,3.36685672679789,1.37987977904828,2.15715688715566,2.45938849569087,14.9552550210929,0
"884",-1.43543985539196,4.06113775468152,11.8666885513577,-6.83409854762582,6.86287426547995,5.58112987134447,4.81796849532827,-0.741464990105503,-0.864222296896198,3.09535844416728,4.35504274925318,0.0133353441801717,-1.77401215432865,5.17429106528967,4.62759673229289,1.33103512759917,2.16410287052504,-0.370327045575584,3.74466042936858,17.996906796764,1
"885",-1.20469733424576,5.28762639492059,11.49814734598,-5.60859514830069,7.84026847710085,8.29439554794433,1.23756609894391,4.53655934294532,3.06781918214114,-3.57473092332883,2.76235588537927,-0.714656757155232,0.906562116527094,6.10397914504215,9.81173021156794,2.57621490127003,3.38228486878511,-0.755496128922311,-0.0923972043454843,14.1593128529741,1
"886",-1.48820936068359,5.03120055922109,11.1120894020591,-7.91392589356383,8.28489419217669,6.60933176910953,3.29137894346101,0.990018599030802,3.25166882295094,1.79305192785258,1.75562466677625,-1.4136259604162,0.693789751185069,6.56531107953467,8.24376311773122,5.03740751667084,2.46756218144382,-1.31272085837881,0.708682022837834,14.8246410025672,1
"887",-0.541170563599176,6.83060103211094,9.92010923101156,-6.22991336654823,6.84895455480552,8.29116816080246,1.35533516545991,3.41290725412107,4.07930404649455,-2.01141707239945,3.02704424984049,0.839364739762473,2.43531383624924,5.20978152460595,10.1098325386968,1.8820092089875,3.01130325534165,1.22851104082719,0.93867491260306,17.3334529452904,0
"888",-0.843667001320518,7.31338121368269,9.9828090238226,-6.70729764071162,10.6290709095184,7.92301634934179,1.83288898703735,0.946581193448303,1.25348202989445,2.32381771219786,2.6461143205605,0.709866468861741,0.24764625255857,5.00486364445309,9.66098013975147,4.7919431684446,2.17725101761086,-0.0746665755134087,1.2764565575397,15.247025025421,0
"889",-1.10947779732628,9.04255518708422,8.21906313993725,-8.1521948030275,9.85938780556765,7.03047671394719,1.52082621925953,3.97204796196005,5.69830130258151,1.47555122309398,2.77626048911314,-0.141540913032197,0.962026785560366,5.47851070859948,8.32385666303221,3.75572864455162,1.40653819073706,-0.88979253484857,1.31636085021893,18.017776930431,0
"890",-0.541680913401852,8.13601368866972,8.96962492253421,-5.07501200789429,8.61418511701907,11.4998671106635,-0.566268913953559,0.0323732513757689,-1.624187905547,0.497221826699353,1.3465990902413,-0.194234796553805,0.593826285640715,5.55173935505672,8.75765609089906,7.04732999040787,1.77765215196863,1.68620266254947,1.26090238213218,15.0240490747849,0
"891",-0.9999804961272,6.82521590447407,10.5203626034246,-9.62050924563756,7.30174720165079,6.74875215872331,3.08210020368565,1.83208513373119,1.48329632444858,0.157292683900976,4.27228607070705,0.446552104194069,2.03983864384785,5.43401685595132,9.65066659973125,-1.09972724046103,3.45595509993976,0.393517934893543,1.59259048491988,16.3796268115146,1
"892",-1.36204160939563,4.36744539302251,12.3684689448344,-7.46294359302732,6.31037240509483,7.68457856443859,1.99698563904797,3.03965729365903,2.79554511229566,-1.66264610958011,2.9089727797472,1.80118753682397,0.382796932803655,3.81471274778332,9.74325937599437,0.806302588234751,2.67271339646511,1.51567078773831,1.62065355241982,20.1009117398552,1
"893",-1.47443610383773,6.70011103178254,10.4979394740874,-6.73139116573283,6.8726334015521,7.98954540742115,2.3183450425462,-0.0785904223826117,2.07402811868185,2.38523980691296,3.08122059985029,-2.57534770030906,2.90130862292348,7.83613677990884,7.64151643891065,2.33687420408151,2.43189828685811,-2.25884389884517,1.38557787545727,13.0989789875966,1
"894",-1.35171472681531,6.71963415310997,10.9211378276447,-5.72780143390016,5.52030321090881,3.98263334250906,3.97616358602732,5.80505903744373,6.41170075338442,0.0236434518974055,1.23864943307469,-1.34997236867236,3.83645070083837,6.48652097549795,9.53651448917771,3.60360393022089,2.2344227619379,3.12045577193188,0.241442143031957,20.2837048988838,0
"895",-0.38010050158748,6.48399126398448,10.9300650795886,-6.43748368211654,6.74434137018644,10.0025647595446,-1.10717492619294,4.29888005185287,2.13691066022301,-0.90694175324837,4.39879774091854,-0.828751052425204,0.648339722966828,4.6743524312641,13.7127555282869,5.9452156879254,6.0068910586426,0.348311373897292,-2.53517891400703,19.0211084622897,0
"896",-0.74944855987891,6.03433046234673,11.7507431426939,-10.4566440455362,4.09717372182698,6.02419537919115,3.8561562235865,0.990526569031215,2.30884846466247,2.77970516956043,2.19422462901321,0.0402117416330079,1.50032469177359,5.31268205796144,10.0819310774584,4.59635392284611,3.19964570550259,1.1051051378338,0.817171171149133,17.0916342180566,0
"897",-1.85144765847027,4.24976863707648,11.7853288450868,-9.80234502870339,6.8585738136943,9.41631812469505,0.518204922796573,1.68217635310394,0.135504094945761,-0.971627303401404,3.70842819221712,-3.52914817085957,2.06100889223447,8.09066012444043,7.50608407107476,4.21515850451527,2.83577724992034,-3.35259541732957,0.311679250801862,13.7294953993665,1
"898",-2.84038912257453,5.89065946819165,11.6343663073138,-9.60339963592318,8.37434707527111,8.67131118187272,1.16216242475466,3.38118288549158,4.82173073091889,-2.87218947416888,2.81795549022802,0.611752314080013,-0.499838276487121,4.89322510309229,9.39604013695213,2.58167808602594,3.34038980882908,0.30891789310772,0.776890203440605,17.0937883880118,1
"899",-0.150724217843145,8.91480785955935,8.67740699199589,-7.12216662092792,6.82652309817408,7.69808273691624,1.85097174246594,2.33942340471384,2.7295310868098,0.393752369154216,4.59087035096555,-1.15120469968278,-0.0658723124129605,5.58558082459154,7.53682395200425,1.73461661791595,3.07196159678707,-1.67376765975585,3.0916230091689,19.2268484880326,1
"900",-1.56794867264622,6.6126304060608,10.7266678361264,-4.45639781026376,10.5533869332274,5.69267202030078,3.7274127724287,2.23781669708703,0.394587770599242,1.87378424814405,3.06039705936784,-0.476036324489929,0.377062297359186,5.62443317296399,7.74822668651828,1.85920538419725,2.35778040280496,-0.680154254091307,2.38731878105934,16.4098809484521,1
"901",-2.43608704406826,6.87039943987745,9.39636005496227,-5.85877613172998,7.83280682642185,5.57635179080849,2.97903460594571,3.94336271952506,2.92366191252272,0.534273393818703,0.611198452691363,-1.9141767540125,4.73361795539117,7.69292395049367,13.4897937261928,5.74199022363327,3.72915507649128,-1.25135595209078,-3.41575691870639,11.2240692088404,1
"902",-0.937853334986821,7.63642018548237,8.85040375119144,-6.56937569690391,6.64085839954717,9.11281398495478,0.737877540975058,2.42440505666697,1.15950450061697,-0.360711485528505,1.80754719297029,-0.184531343829101,-0.0244766290794802,5.5659093163088,8.64979479902892,6.9881402141583,0.532785577848373,0.443734911702351,2.15874252456239,15.8035430563195,0
"903",-1.00010128803534,7.3821803302673,9.08418345921184,-5.56437824847134,7.82159658046818,5.53497175564643,3.17384839215828,4.31902878987478,3.6011378428481,0.097651561745194,3.21207255415134,-1.59264210806682,-2.24959058894701,6.56913810644699,5.24919311198241,4.62062386721136,2.7263926902107,-1.85592940075763,1.4882783014682,14.4623158953998,1
"904",-1.26219735568577,5.29788598311933,11.4984883467854,-5.44114623611061,7.42268865910578,6.47627113033008,2.79881883867452,3.41836254388176,2.03676276982232,-0.635364886623977,1.8548941819276,-0.283360146634105,1.84627527162802,5.48617374458334,11.1291387522009,6.77983025089107,4.91498166331577,3.40367033418737,-0.896381740573083,16.9021313702088,0
"905",-0.5281553972577,6.92400129871448,8.768356682131,-2.63151886619239,8.44829647187042,6.20562224770183,3.49195437510634,2.34769750253136,1.43815743143363,0.366847520492427,2.39266789031523,1.60246041954525,-1.34986547945317,4.18174910002138,8.21306027640402,3.08810629391728,2.62462000170155,1.31199923622315,0.924039324686396,18.462164943412,1
"906",-1.77585867725697,5.43673149781757,11.3386205417406,-8.95580039589492,6.73388993677264,8.20050387447333,2.495901453381,-1.67648795274822,-3.04819921421418,4.52929758367926,2.93489856106689,0.37046493965294,3.10155221164722,5.35955770455891,10.2899683639093,0.656878259744335,2.23155451974692,1.06253673507145,0.908627644696453,18.3757673869321,0
"907",-0.0868007704453944,7.42907280416494,9.81833775951676,-7.80930987360972,6.58405964756129,8.89906302164616,0.721793692381777,3.40175487972685,2.70368647039267,-1.70151899369037,2.5905147893113,0.554824288433641,0.708542511415367,5.25283169862585,7.16290087806109,2.83218719224587,-0.258512776891613,-1.08769386850168,2.91238195832607,15.6905360432798,0
"908",-0.890093457032634,7.57711544646356,9.5318707084008,-6.66252227981551,5.42315550699492,4.3712705937955,5.51082439216473,1.41565865133041,0.21086542997005,0.740919502402046,3.1608224760941,0.439193955796946,0.346977857653861,4.95138576372059,9.98010012215878,3.67402589974099,1.72618758004489,-0.980536031731004,1.63956760076951,15.7757886607459,0
"909",-0.321391210360417,7.31053745769492,10.2831112076124,-6.58524090332766,5.5541793090426,6.82832822034035,3.00455769730521,1.87130106470842,1.15465021214103,0.465441089777033,3.15955605292394,0.759219136621313,-0.356752929107005,4.55629041151314,9.64691283645877,2.47746150859433,3.41627385008406,0.433589590707521,0.717071581646294,18.7398498247759,1
"910",-1.78849506431435,5.39115719019994,11.9016770327644,-8.4447585550716,7.37150030051471,8.21838696946993,2.09127915373284,0.100857262398204,0.198253450579965,2.55800042119301,0.395072091759991,-0.528689863809292,4.50793298648465,6.27976697857891,8.63077802121583,3.49787235548699,2.5370738258177,4.8733465478138,0.847004699710964,18.0771922108844,0
"911",-0.258851444234142,5.27134542786757,11.112182028439,-6.36516886295126,4.5193295612485,8.16449645909531,1.72506108464917,0.827657574938622,1.37122627278083,2.96419723290396,2.83992672231708,1.38032602575203,-1.71182088384796,4.4249070549542,7.41672011841431,5.35525430582008,0.196593065112346,-2.35469460873319,3.67247330225099,12.6623154103308,0
"912",-1.31625857683153,5.00260051974136,11.0547211835881,-5.35413929270562,9.81639600848273,9.91610739727728,-0.252078301092421,3.72237940304333,1.96991265818069,-2.68417769081881,4.03594133597615,0.397335098174112,-2.72964015259126,4.35421132673648,11.3308935504864,8.83453125354236,3.86165407393485,-2.00395908751835,-0.531476808184644,14.4770997629346,0
"913",-2.35055774397078,5.16988367191038,11.8002783508412,-8.04378393853172,8.42129384926716,8.1490577225831,1.51465103140638,2.14828001846227,3.34815606810641,0.74238836683882,2.37477691312955,-0.0490802550920753,3.24094856994129,5.42936445654727,12.0904967122382,3.71638420673674,4.60282720884557,3.76086573057833,-1.01497259695192,18.1292994942982,0
"914",-0.403965255206164,5.56297010703537,11.2168034602854,-5.7960197721919,7.97006680006297,8.60228796208891,1.04715681566079,3.24747927864511,2.84414830737936,-2.02650970315643,1.21501643623799,0.00599599376405826,-2.10437632443958,5.41610234104245,7.56180065659928,10.6175609503768,0.863255154624158,-0.0927584057267598,2.18315227124,13.6907276415466,0
"915",-0.190950190538754,5.93341252870859,10.7515198087376,-6.10642966922717,6.91124060240134,5.74463979438754,3.12437115492361,5.06458783246262,3.64390513595113,-2.42535292873393,2.73311948351729,-0.523659823407279,4.19948805737611,5.81065926189103,10.1186795866439,-0.561120431525578,3.08115158649028,0.853226794223992,0.446362481230927,20.5274346170444,0
"916",0.832551255486678,8.45399629426046,9.12416567926034,-5.27239235279756,6.58607023364004,6.6571413078693,2.6965724408995,2.47055459565269,-0.757452414286101,0.663194068402203,4.56298465804146,0.915994924845049,-0.114951656617986,4.27875837298384,11.6812673787096,3.32798569277184,4.24569866374298,-1.59106240945801,-0.186521963662232,16.2863881160446,0
"917",-1.63244757982815,8.34827152512208,8.31577887150525,-6.49887141372626,9.2131535802852,8.9479470001434,0.781683522653603,2.37428675903922,1.44009989686613,-0.440259111985265,4.56908256424755,-0.772984254604635,1.38092534312887,4.84989391220376,13.505395757933,4.30175391411834,5.73189440162873,0.130704437604678,-2.19312026636854,20.0258702617714,0
"918",-1.91607629466754,4.42179058028204,11.4114856967621,-7.43515534878363,7.10364791696874,5.41874900558315,4.52105722647218,1.26903959413686,2.87310261675471,1.23723508565053,3.96857461439851,-1.67180740526229,0.230827878704087,6.41575889247895,7.62669163010041,2.9699878660928,3.17823512790257,-1.9458904138411,1.52094226620923,16.6059288067709,1
"919",-1.83069024489935,4.53395557672614,12.8144816025499,-7.67014894569216,7.22780023580615,5.30743097442256,3.8864386209492,3.71868729835669,4.79733619351136,-0.804278406092874,1.21847351859317,-2.28988966112136,1.27786788292354,7.11467379918915,10.4931839575627,7.51092111489969,3.50243325561832,-2.14190963015075,-1.31798608909738,14.6409549781885,1
"920",-1.30577067719879,6.75500876967163,10.1172930842149,-7.13289525260934,7.3643328416466,8.61317148923728,0.461357895620035,5.17952665704595,4.70304211138455,-2.38201030814251,2.42544718330447,-0.0189175068270023,1.30260324151552,5.79281575734196,9.27696289656187,2.13353442922392,2.67093975386037,0.0495324529817684,0.148251950288392,15.3819215500982,1
"921",-0.304550371652013,7.77057865760906,9.70368554262458,-4.23202582042695,7.00268176698191,5.05417684593389,3.85687157136345,4.85058266258537,6.57815960204237,-1.52182438674723,2.7560799185647,-0.643122681496715,1.34860033765528,6.02600392002939,9.50944116883097,3.26732402886079,3.03226777586384,-0.653263607119962,0.262109743371936,15.6047538808856,1
"922",-1.56861731282991,5.15930441939403,11.4294040586747,-6.96690154712505,7.17250427194244,4.90020061398904,4.72499970474125,2.78179704838934,3.60639516129266,0.786213502634214,2.70553641005445,0.0805958041552293,1.73527572066015,5.14927359415975,10.3995979018453,3.74404925233511,3.12907072302176,0.945496951514814,0.908806436776357,17.4692346103923,0
"923",-0.533740071616917,8.02016295529472,8.74561938198596,-4.58446380967863,7.47947068940108,8.02425161603237,2.10924256312805,1.31877566990824,3.74339371308496,0.874245363059011,1.59889563819642,0.202051883542486,2.25725089290739,5.64734223506643,9.77012224454365,4.83110142651426,2.43748364748474,2.87557945551175,1.21795364340687,16.8490176970059,0
"924",-0.983372875362148,6.86116324374755,9.85106360999512,-5.10169436828354,5.32570553918643,10.5216063848466,-0.502552531023629,2.17579121135327,-0.37772203203063,-1.0372111106863,4.13186966028566,-0.349350436550147,-0.0292883424873716,4.82249874476322,9.94856949228109,4.06376521397045,1.78595331617594,-2.03304409306394,0.748169528625291,17.9751532686717,0
"925",-2.10469057375344,4.5842946469961,11.4035713586639,-5.92395295364947,6.25274721810373,7.42665022214791,1.63802998201237,2.59101805666681,2.54253686239152,1.95059323497702,1.12212844715025,1.13745251396762,3.22908192759976,5.11710703096327,14.8174917786256,2.97327270019946,4.31600918765097,1.3863695327064,-2.28935034472591,15.5085790292118,1
"926",-3.30186752120151,4.59656443113041,12.2139483451593,-8.73106832059122,8.70254058401413,8.63469080084102,1.83225588995242,-0.42273386610034,0.335328418327635,3.00116680993442,1.84630097981887,-0.165374821182783,3.34395194620118,5.69714542849279,9.55272728413809,3.19767495050655,4.13054423038131,2.75568553872457,-0.119045090052132,18.5480158008923,0
"927",-1.06610730866571,6.45690805059352,10.3746171201009,-7.21212195291946,7.58300509398276,10.180057540287,1.56260204836063,-0.996539920919805,-1.53365634815017,-1.71516440905073,2.91861727820613,3.47538638146403,-0.258744267070457,2.53742073247803,10.9952249995108,-0.195788184619374,3.34299568638183,2.93532163655057,2.18417180370622,22.4875968636516,1
"928",-1.67210305660286,5.2764057743179,10.5203341740947,-5.49091032782965,5.30128794391625,8.77412726444991,-0.265698758713101,5.73215939538091,6.23165947128944,-1.69926972422276,2.43820963294711,-1.45175922133186,2.26225656949507,6.97276246728795,8.89173724930244,2.86575995197043,2.57768325254973,-1.18978559289965,-0.0746356542999057,13.6933470382385,1
"929",-1.66764961561507,5.15867502555437,11.8711065494204,-7.25800773261641,6.73998806423087,6.3782741381927,2.92144276838475,3.85006871595336,4.38350469777838,-1.90076995155812,1.56988535557194,-1.48809364547828,6.20954726042737,6.41585029677756,10.8736139602227,0.609274321320474,4.37541652412999,4.50632760281945,-0.660844562804309,21.9287469671188,0
"930",-2.19768501129578,7.21890221069275,11.0257834920295,-9.08897267460477,7.61879557922255,9.84453844257878,-0.236080417898032,2.46941001364066,0.951190722711803,0.425181377981741,1.37693002685331,-0.68906585376774,2.09486819764932,6.08685272790747,8.61663642639929,4.43476001096664,1.07696227230866,1.53308258526548,1.87243083075668,17.3428948389292,0
"931",-1.38938796364697,5.18920278165229,10.3569916189703,-5.87522633510515,6.12100056953959,6.51491901283033,3.71643708198364,0.378977828495768,2.1799431062102,1.76908566852036,1.29994561734457,0.537561686057083,2.9556466399007,5.5519098424464,9.89136609241418,4.14848584102116,4.29762125394164,3.83412665564298,-0.0474732985312696,16.0614916715859,0
"932",-1.49668996808368,6.39337566597717,10.8221054728494,-9.3823258104717,7.54438514929281,7.04829119517393,2.57910389760417,3.30020154967536,2.78227780934875,-1.96980785045823,2.75499179045105,-0.246021025009039,3.84578034379975,5.95121455868862,13.8103432769691,2.06413509689815,4.44919025762559,-0.0700471893505412,-1.77966032427222,15.8704323341071,1
"933",-1.6654057170701,6.31561808361958,11.6490337032742,-7.36009872546252,7.94353533176416,6.38277599774235,3.493154258402,2.3103849590653,-0.303488647246603,-0.540164363166759,2.41625442675858,-0.420043722455258,0.88975066161846,5.66634470159091,9.23019119455197,4.47494743477958,1.0550599378297,-0.455343274145591,1.80497557815923,17.8966182907338,0
"934",-0.65343644833787,5.05399808621018,10.5559710530364,-6.7009247139196,6.80570470336846,4.00597452229472,4.58226302863481,3.83565610974734,3.82232867871571,1.0262730038061,-0.0472892737807293,-0.456119635576487,2.61018340897248,6.41603481922985,14.6176225402439,6.5604706893404,4.26377673587991,-0.135467326684132,-4.54693597623398,12.051172464946,1
"935",-1.9775724562925,3.6031946204886,12.0513892858345,-6.23350606115434,6.3011513423853,5.98714893790801,3.05945113998809,3.35000996956834,3.64256929872483,1.07146482630331,4.15257980295003,-0.498346150306613,1.00904417695115,4.88730338776027,13.712385539041,4.26362826728526,4.04256281046665,-0.183220829432958,-0.823217561687016,19.8691152706799,0
"936",-1.14221644211215,6.67455638899512,9.42396168504956,-5.73710425363201,6.84226118818548,7.52300249142749,2.51243195424488,1.85282091986796,0.752081714370505,-0.643675968912998,3.49549290861829,1.42318637138201,-3.21314519975257,3.99979296681767,7.44323975202701,2.44600912132071,3.36705412503053,0.742381000877975,2.06028845293969,17.9729579592401,1
"937",-2.01498903582678,6.94299038766743,10.1500743630175,-10.3571327135564,5.96244896451971,6.80021736464346,2.02552140070527,3.39743560751502,2.00091150937789,1.63229788450894,3.46876243360441,0.558496418506765,-0.841708067487948,5.28478015523298,9.2809408808137,4.56810832166111,1.20901888725534,-2.73385042199604,1.36290952740724,17.5385437836753,0
"938",-1.26597920451126,6.39140305822183,10.5532008962153,-7.12332266771083,6.98464517838475,8.1477105772927,1.48282765652931,2.68193224306953,4.76246695878188,0.752506055889249,1.53709759746265,-1.1784954168972,0.436394626168964,6.24359596974716,8.54958887964641,4.97986067023292,2.3974116442553,-1.19653973172711,0.760451191421191,15.8822996820406,1
"939",-0.262625434203983,8.72746386257702,8.76420682190786,-6.11673080219937,6.4367950834204,6.89594364650617,1.60447101004385,5.30165278541104,7.31544529367459,0.166677972875467,1.63762642957977,0.757069856614489,1.85907017283149,5.44003938692234,8.57430292092625,3.8980586945485,2.01627223549693,1.74136280122361,1.75820984260956,15.9365624329658,0
"940",-0.845770773398446,5.48676103542393,11.2631616632795,-5.4996851365472,7.74172600873463,7.21589440702365,2.18515159621564,2.68974430313869,3.50600173191986,0.774944681105963,4.13407300135423,-1.01738786718264,-1.31718839747432,5.65529820170648,8.62282615812262,3.51874140735632,3.88800058771578,-1.5585233698878,0.650408764014052,16.5639064980946,1
"941",-1.98671528950397,5.26255051713449,11.3377509961474,-5.8326177441687,6.72091900592433,7.39510634568073,2.77217908662264,1.211105053764,2.44275514343336,-0.15750316165661,4.38700885875306,0.693296892371282,-2.05304630691694,4.57140817137235,6.78712244303476,1.28689073153569,3.33405251979567,0.141133965123621,2.88051541562063,18.5940626295618,1
"942",-0.705410209783148,7.78544195803733,8.85437529713253,-7.07220262233566,7.54414552561659,8.9672298015764,1.10081386894412,2.54523548691318,2.45349519457794,-0.84807111081081,2.26222621943532,0.246062372760268,0.35220285568416,5.10562205009196,9.07530564617315,3.25374261262924,2.88025616820474,0.127980211998298,1.71478843753943,17.8007306046403,1
"943",-1.5890054770442,6.23624107369443,9.75877360571971,-4.80183609651973,7.48828260656878,6.47942083265716,2.49052415289181,3.73717950094768,4.76056594627667,-0.786201039138521,3.21903550916295,-1.43711445588882,1.4304727544268,6.7241068449001,8.13009871057849,2.65481138586805,2.9620570232408,-1.38298939246681,1.46532897994725,15.4176402793658,1
"944",-2.02110849822281,4.87219484689398,11.692024051452,-7.39305634299193,6.42362647181998,7.41265213785316,2.81544082432401,-0.544575911785071,-0.905064966305624,4.03225529252621,3.47452098181105,1.58620560009444,1.92487101836973,4.50784499875631,9.36940990212286,-1.52084107218005,2.65138224997432,1.51129662494067,2.53123153078579,18.5997516128109,1
"945",-0.832374083113825,5.6766139430049,10.3198139295923,-5.37220817047715,7.8197039525466,7.7679509559031,1.58473812694973,2.22396887493005,-0.682237596298928,0.61644614097359,4.37670816321475,0.71803338206698,-2.8960733282019,4.68991840028332,5.19701081227343,0.783330171950818,2.51175282611406,0.190920197126588,3.01127016726356,16.472059370752,1
"946",-1.9662932586554,4.13200903639651,11.9584006630696,-7.21979358207999,7.18836168953259,7.74077619694497,1.9237587384608,3.0355945049782,1.96866235584422,-1.25572529720189,3.08581144710893,0.751228940916282,-1.80386186895027,4.27906985362067,7.7954990577147,2.30568691739005,2.47886796328021,0.197072218248811,2.07884785821766,18.0402767995952,1
"947",-1.55445424664516,7.04324754649616,10.1961703197875,-7.13289377340834,8.46202699238069,6.83163089683779,2.87270324989879,2.62477364617295,3.94929326492908,-0.0535639372361777,2.58111312683379,0.628916381844496,0.506900997518956,5.20689174073907,7.54023748723305,3.45864873850612,0.97980957811677,-1.4353158116024,2.32460829458042,16.9289186063266,0
"948",-0.72035359146105,6.86730633338942,10.9120170407367,-6.7805929680836,8.40020611760223,7.10541864461772,1.47111760726433,4.24809213010319,2.018312382598,0.981088238316922,3.86895928669865,-0.339447823703901,2.08906066787639,4.87982656197435,11.881318681278,2.39371834128879,3.97422853495593,0.119140096582631,-0.337608736908091,19.1731050104945,0
"949",-1.41183101553149,7.51123494691016,9.03832900555666,-8.8700919726228,7.80635152351735,9.79218796277972,0.417706062290396,1.23412862042335,-0.225157052532705,0.496719459611279,2.21297266367973,0.408923802460695,1.7363073773632,5.38780664664729,9.30299052450995,4.08459844218827,2.62816003627313,1.38576905319903,0.69436142630355,17.0412267499033,0
"950",-1.42633186162626,7.95944230063699,9.09218673003445,-7.2854680231732,9.33118100990564,8.14293751345927,0.827504002386489,5.00377853413842,4.45392953058542,-2.20167799941829,2.64686774533056,-0.113241414373721,0.589164547713613,5.05322719883235,9.62726759652676,5.69154222058247,2.95666940106852,0.923864285681303,-0.14045625863133,15.327250834925,0
"951",-0.87068841318786,5.76036212837843,11.8720583327359,-6.26843934662769,5.35344237943152,10.2591068881912,0.770755094804755,0.313133256481989,-0.625465504668331,-0.55827500222758,4.52715687735791,1.50222027010971,-2.34649024290647,3.88078052384869,5.75165133913475,-0.292000173171528,2.40235676073894,0.823171047830642,4.04525273469638,20.0763164943817,1
"952",-0.992992573201668,4.83262156939518,12.6289789585006,-5.48635868112213,9.05475945038296,6.32093774215889,2.95640583975231,4.38189042114841,4.26345348492258,-2.95257613249368,0.764613630466756,-2.99839105502289,3.9466865586837,8.22317241669657,12.3978813180905,6.55502853345273,3.45699112301762,-2.44271104706615,-3.30788783144312,11.5152385524966,1
"953",0.336834543340382,7.02931021629463,9.74747879192935,-5.99991824802812,4.81214179507957,7.82645134327977,0.838307417512713,3.18862543880279,1.42351162593252,3.62960685695074,1.35484005807354,0.421855464763857,2.59392907233364,5.55781403438124,7.96301619602183,3.21570496995147,1.81107933097747,2.35629767275964,1.80846589928745,15.2512575116316,0
"954",-0.428261302798362,6.29171466427823,10.2914155954782,-6.43628972938986,9.01761304272655,8.03348246345956,1.89299135430874,2.05187466630071,3.7094671387654,0.314624605510482,2.0553251834716,-2.53336304588667,3.56099452145483,7.550239216093,10.0211425590014,4.07052190573817,2.54406430070187,-2.19139700187954,-0.516193749096707,13.9599590483886,1
"955",-0.149173869310449,6.28387987939994,10.7856052151319,-8.36450485548258,7.13348704914954,10.189251358116,0.37380983973283,0.048509775548589,-1.35025228694415,2.23973975836345,3.04805422965614,-1.00720105212893,0.992882184364449,6.13123683241222,8.93982591860264,2.79297494004493,3.19031995976887,-1.11542737328784,1.6169605971199,16.5140941875016,1
"956",-1.71261837688845,7.53520718753864,9.69523640294326,-7.00473662864281,7.18583193959012,8.2869026543053,1.40286238042056,2.55946765006761,2.09392123008377,-0.484894766928168,2.72071223075627,0.364614154864534,-1.87856921923076,5.33350399823771,8.51672432512131,7.43173499450533,0.357570442975848,-2.10433705971813,2.34816604191138,15.7360459519349,0
"957",-0.261216472529238,7.52706833100227,9.36755690566449,-8.49382221858599,5.84096757072489,6.94761603121635,1.82953512961776,5.5925693091727,5.84611141214273,-2.39894295799344,0.816978693480066,-1.40252053239768,5.00997696811952,7.4151937176972,13.3296527506055,5.31208368745982,3.80281632313447,-0.670896151322249,-2.5749708146959,12.8445063296255,1
"958",0.18415955516578,8.08389530135252,9.37206556119534,-2.57222305351589,8.34978873934831,4.26257672821082,4.28295825123085,3.22700856844359,4.37009942088621,1.72079412188213,2.27833265278617,-1.19256931028484,4.01479580806483,5.731579374416,12.865142835065,2.89516517397586,4.82165564774695,3.33290247790605,-1.11801360056229,20.1577948453726,0
"959",-0.822563081947296,5.51006553961827,10.7936438763383,-7.12953776696628,7.02591525061468,6.32102984462259,3.51625120387668,1.54173317804883,0.797409177470315,1.44005304381429,3.74309378173223,1.49071179386307,-0.159780710557806,4.47867824305088,8.78968839204935,3.27458483365142,2.52264273434832,-1.57562617991499,1.42933424285642,14.8967972440778,0
"960",-1.59323277568748,6.85658971328156,10.0327355367869,-6.14712507230702,7.73111212041423,6.4306340960054,2.43179366495854,4.09705102609758,4.86429459903717,0.738039856466375,0.0678140862356469,-1.3592554299799,3.82740022394308,6.72091424904566,13.8975610975723,6.59176106379918,3.3048128645868,-0.913997085541575,-3.44579266033388,13.5213283872027,1
"961",-0.765842658890252,5.94657300701001,10.1562131660903,-4.20503730396246,7.01415569095634,9.95446232614652,1.22048686781879,-0.342324694815114,-0.32854806509863,0.487860474730036,3.3961752871081,0.651635398845167,0.33715040595735,4.61935924165912,11.4483978720658,4.38538207218045,3.88453596456287,-0.35559260949664,0.181369398015634,16.7003056188226,0
"962",0.328825783100867,8.1760882746734,9.09290865643991,-5.78535966406137,6.80652842490233,8.07280860638032,2.06730062407395,0.683865786920253,0.212399982708179,1.11290852164437,1.25598592538276,0.37494286958013,0.785637399444522,5.5381380434769,6.87694791036546,5.43799231810057,0.696278356953304,0.846411268143877,2.75006826418895,14.606564359067,0
"963",-2.28034674622337,5.5585499641275,11.0875343519572,-6.73681700714979,7.18669977160186,6.02032582371141,3.65298491291275,1.84870841343365,2.46548050623217,1.53147231306813,2.77991351456102,-1.27380680763859,0.792495497843115,6.47750927839032,8.11680976949039,3.56875959407993,2.6798903180878,-1.33045289953843,1.01803174112354,15.1230214496652,1
"964",-0.132861234419169,7.20649005239004,9.66740062574909,-7.0645797506749,8.33139742242908,8.74002845245356,1.34682313717701,1.58406341901079,2.80853442953113,0.0898534502286697,4.03156855441061,-0.327693590231887,1.68842306729886,5.57673846680877,8.51766584785711,0.0896648250748644,2.96316230078424,-0.486045770204964,3.47485279500854,17.8213134441677,1
"965",-0.330063438533991,6.07083542770237,11.174944708274,-5.13392287165435,6.27002258054903,7.55160892453224,3.29277242256283,-0.503984187797228,-0.262810396228721,1.26467319038696,2.17196816999712,-0.281974159575019,1.5144423871789,5.30238010460969,9.44126954389261,5.64220475946951,3.45803026065895,1.68896478540065,0.498297825288748,16.9304234365362,0
"966",-0.800113133030951,5.2680704203662,10.9607654954646,-8.56318928826635,4.72331425632847,6.78467935274301,2.31069725994366,3.67165086214726,1.46752849757595,-0.554630949658871,3.19412078982448,-0.0744950959204328,5.32113170949216,5.22495241679224,13.8814751238179,-0.0803853883762882,6.01386232435815,4.13290075776276,-1.60136759253487,19.916001270103,0
"967",-0.10402090856368,7.70962216555899,9.23420480520831,-5.94914194296987,6.96716204101364,6.09694028170886,3.24544545534209,4.3183754745624,3.57111474635053,-2.61447736553899,1.07540733812463,4.57202054291949,-2.51173287403639,1.67388530417758,11.2351207653954,2.85604766610266,3.03700993090408,4.01783981080875,0.271438819420583,21.0225167492596,1
"968",-0.975536552815301,6.08280913703344,11.0512781730003,-7.21063241197401,7.07172795530901,5.81827961820725,4.1520188396395,-0.918044631292921,0.216228169071208,6.27211075880267,2.51530249503611,0.96882351754777,0.865364301415488,5.01125697853831,8.81678165898285,3.59565725661358,1.79996338726765,0.140182368612919,1.79629263390918,15.3475173382417,0
"969",-0.178183944048206,7.1492667786348,10.1355926610228,-5.61509346600325,7.87613371978052,4.49121554544774,4.47306733889797,2.07812291259152,2.04007503805782,4.87268076059209,1.19630774540437,-0.95445117224729,2.31742895243925,6.26230374059267,11.0439211571861,5.02049752824021,2.98718778145624,-0.706162458080541,-0.64227344316022,15.5678474884367,1
"970",-0.470487589548575,6.87817089996823,9.57935282482067,-6.01537800953826,5.72393058863268,4.54017822293391,3.57508493837201,5.48606226517929,6.76796102276862,1.24115053762521,2.30124350677987,0.317794321404703,2.25691175086138,5.5638629286135,7.91193619889341,1.7650388642777,1.02072190315919,0.193932119053391,2.29046156454798,17.6990389603583,0
"971",-1.20991845229845,6.88834354105225,10.3327436917729,-7.1384004376056,7.52034052651447,6.40170877008902,1.64605187872383,5.35303179285737,5.03144495147591,0.614265133683525,1.74605303586434,-2.36279009078903,2.67524125791778,7.44680238085626,10.6136563215803,5.01784401464813,3.14614843258745,-2.08155256283351,-1.6084182620267,13.7494625973803,1
"972",-1.0916292786334,5.69590691657413,10.1916870706913,-7.26582538219907,5.09357083579527,10.1668098371852,-0.404655722134573,2.78391875713407,2.23147157297395,-1.47664606680365,1.53284035509257,-0.192438894351353,1.04768504667972,5.76489112207678,11.2595400529568,4.33201610233066,3.46307699390116,-0.143481216528804,-1.47150961363429,15.2702240008625,1
"973",-1.36864260753886,6.88258531585975,10.1767083873144,-8.22980574056719,5.16032359945036,5.94039640332163,3.03025881271303,3.69590552542726,4.51982715523514,-0.640329435419035,3.22911602146498,-0.773811180432641,2.56085442307904,5.05735867262456,10.6753967088614,2.15548394923332,3.68341978255104,0.530841471494282,-0.453872490367767,18.7314228567483,0
"974",-1.10543185000402,5.41178831069488,10.9756716248471,-7.34460432835219,4.18664357256309,9.25916593128217,1.52269532464266,0.608675314998504,0.543445458715523,-1.69082817953063,1.48706367344709,-1.78755794787891,3.46988062048367,7.24403432970166,12.4102554415753,4.58465294269188,3.44405187421207,-1.37683089951335,-2.98235660329117,12.2825427268307,1
"975",-1.50506320882862,7.72129530894262,9.53512030535161,-7.72731782415477,7.06740561057683,7.23323290555754,2.15625771243432,2.83656927313084,2.30947240148779,0.767176972574742,2.6870503345264,-1.22811531074805,1.89678760008417,5.5265971306348,10.7513012905949,5.27401816070941,3.2150735720278,1.52620963850756,-0.612389576221296,19.0046701082332,0
"976",-0.504743819802909,7.12663810422502,10.3866786018351,-8.42212003083501,5.18775004486832,6.99685024410961,2.17758338000342,2.84639545365427,2.35727723107517,0.168813520263325,1.8804948956223,-0.839963643707169,3.49274726407742,6.55164720454715,10.6879786327242,2.79639054863401,2.86227132563752,-0.451918368978988,-0.39443357030667,15.2792149898022,1
"977",-0.713546508254222,6.77518579613572,10.0664326689329,-5.5142277006994,7.07340850534344,7.23301991932145,3.19776593460054,-0.181572797420686,-0.749141231536607,3.02484913633452,3.29196856742357,0.710759923041071,3.35406492799605,5.4128562268407,10.8887906034403,1.12051451440542,3.41327123760856,0.959391547803524,-0.127892224148544,17.6154731928312,1
"978",-1.23592838085119,4.4123683076871,11.6909136217116,-5.99943514794194,8.5479840596224,7.49250527624431,2.14836276267987,2.27161034761118,1.7326011385051,0.319012051487497,1.91555396815883,-0.604386718430429,0.829523095096197,5.8141567219039,10.6430452789091,7.01660770839941,2.74837799546136,1.71141467427005,0.0217717242683158,17.0417347013119,0
"979",-1.62408464962671,6.78531498145676,10.6317406087414,-6.84418956616651,6.98513972397418,7.26779193267637,2.42018145550041,2.17017462940329,4.01122234716397,-0.222096344293164,2.0367398922504,-2.24556123417621,0.493541324211304,7.59996249039514,7.30129545278006,5.87456009234159,2.57174541685697,-1.97051733595245,-0.604134507441905,11.1631591056054,1
"980",-0.207159787092286,9.33077686086414,9.04943598614254,-7.00770093694116,9.33563357012585,9.85021800157183,-0.0600161274901803,2.33109154706365,3.07382094607332,0.237168465021976,2.52867570422193,-1.09412205415027,0.908835142836433,6.23324131042767,8.91647526210325,2.89890281497403,2.87493374454042,-1.17037522572824,0.896894256066831,15.534360606566,1
"981",-1.58816312951499,6.99077048701433,10.2920256771961,-6.48545958354832,8.96179834873027,5.2219059489152,4.09215575496479,2.77163297316709,3.27208674250848,1.52586398854949,3.49290210250085,-0.224816260234799,2.40250662355628,5.66328778889412,10.2916438747036,1.82288059886914,3.36257181242836,-0.1777546613828,0.703814144653172,17.7809873207311,1
"982",-0.791529943571985,6.42843738248573,9.82149215442097,-5.44084982761135,7.84828343478488,7.09731219383592,2.16854829040883,2.86421627382766,2.03413072518351,1.06773556937532,2.39114676457852,0.183122520699707,3.87212733518222,5.68084109964173,13.5498426308679,1.43540835235237,4.17213021619498,0.346221110896379,-0.838569627121985,16.5659890661962,1
"983",-0.175917861959786,7.45084419757534,9.91231740187358,-6.70431072615112,7.31325834617097,6.51843910550229,3.6069556976091,1.07700378971453,0.466206578991859,2.3549554202393,4.821457765808,0.327567877033893,-4.84304250250554,4.06365184548458,11.0854627219079,10.2700419135972,2.29651315717099,-4.15790989816087,-0.269329354224932,14.0570261824827,0
"984",-1.12815388586819,7.99276911069982,9.18441948333843,-7.4833414331439,9.93194924553836,8.22554423340645,1.35490517570533,2.94085914855211,2.07560189502194,-0.151719952901119,3.00721198398121,1.36981825208872,0.713014263800442,4.64913747709555,9.41710264244645,0.904914050628916,2.95704059019775,1.27142746756215,1.44618656505004,16.781347158695,1
"985",-1.24814553395868,6.90657296076731,11.0761885767366,-8.6399993012326,8.47906788442849,5.3232518550909,4.01323124012868,2.902996194965,4.35767809447191,1.30595938488534,1.46775924067867,-2.67596855975875,2.96572767782113,7.86049546983867,10.2733900694341,5.27190819685557,2.85229196990169,-2.26235533087771,-1.47195275748962,12.1295486597817,1
"986",0.125458550366547,7.77076266173266,9.24718197399527,-5.14952092719227,6.98179853883111,7.00339062425676,3.34792885650664,0.174510462603288,0.613126586618453,2.29764884964571,2.74092537123543,-0.108689969193677,0.866501965886608,5.39445190066457,9.68924645563125,4.05957450815581,0.945594580143876,-0.507798677362494,2.10154747251061,17.774896283181,0
"987",-1.79068064611762,6.15432967778344,10.6215561436764,-8.01415696617376,6.48866006641723,6.78094071137612,2.84514212636194,2.71718025065045,2.92063473087161,0.228452428353559,2.52136558119864,0.0636365968692096,2.81523818483016,5.57725295508397,11.5261860894995,2.87564179057183,3.09378936346081,2.22653411860392,0.581066923153904,17.924702762345,0
"988",-0.614274494339406,5.94715742687661,10.239118171497,-6.59451489227438,7.74105163864616,9.31881147789653,0.951955739101406,2.68078510989362,1.58819427296814,-1.74644830294564,4.29973708500485,-0.68765659416732,-0.441516541167299,5.48225012296372,8.04668398695379,2.09133364897983,3.58606067244089,-1.12448126755532,2.76449869514752,18.0240774232272,1
"989",-1.28155065652214,5.61203676395019,10.9559229092464,-8.74938833539428,6.32393577844888,7.57745250536832,1.83162249356723,2.4827942900197,3.85188723450217,0.588278132855367,3.01535541836128,0.554195369404758,-2.23529078289658,4.64621485122765,8.37508797744043,8.34141510891496,1.93756832451814,-1.3608829256858,1.16968478282126,13.4491429643475,0
"990",-1.4314497006243,6.59475144226082,10.5089113775273,-8.47960949522027,6.69594412495399,6.15324889543679,3.99750428963622,1.71450266892231,2.51707080967634,-0.0562470625632957,3.8397825291259,0.786613916437051,1.08960148524623,4.55921878214144,12.4933198451519,3.0538038858411,4.23318914875595,0.0608869021085479,0.0601099374930015,16.8018317642051,0
"991",-1.1612809744146,6.89121327114048,11.0691241018151,-7.00290414973718,7.36475412426991,7.35947263597628,1.44570674583352,3.99558238588522,3.05584731799788,-0.187071806100501,1.45439153316224,0.0792225300077621,3.57988376272479,5.84997969896986,9.00571377043541,1.55033809693499,2.2568525386101,2.30341812324058,1.75126847227378,17.0911178552903,0
"992",-0.0173165680191441,7.40306267223975,10.6969577850862,-5.95295430868472,6.77991067782545,10.4653275372036,0.0289139395218316,1.97215647877545,0.371313113662722,-2.3227636419719,1.8833155846111,-2.48213431863144,1.54395333368077,7.74371481235822,9.88211115872041,5.58103466241195,3.25975085680056,-2.17563765810087,-2.36223269472636,10.4847310566557,1
"993",0.140061437464525,6.1806474866092,10.8628837109953,-8.17442485656953,6.34204213370016,8.65157220026822,2.3509620709708,0.396889258301089,0.924266805774643,-1.65007448326944,3.91380950650056,2.70446456228882,-0.945708934873782,3.30286312302453,6.7798015680164,-2.66687665129514,2.00399824119106,2.22444616006457,4.88256318385393,19.8761191274256,1
"994",-1.52387040173383,4.72599335659228,11.143598715274,-6.26381546983765,5.26841867042763,7.7502901770363,1.4890807632171,2.88314239826444,2.66227417416789,1.70870740407303,3.0437727724393,0.0459126521470818,2.7988936453945,5.07563985046896,11.402133731973,2.57134071031745,4.23094993792345,1.69020940609838,-0.633450905763476,19.1384837469753,0
"995",-1.57759167482371,6.97404812379466,10.3108989102127,-7.78741066467786,5.04041113910804,8.95385431459822,2.4782245954388,-0.253693955064446,-0.178772768135567,-2.63012641956388,1.59874984974322,-1.69323199347027,2.00399174892332,6.93852597624602,10.9468513699102,4.93769359145054,3.26813296658909,-1.48298492929937,-1.65086723035827,12.8540962819568,1
"996",-0.920641338376354,3.88339337685115,12.2637787597091,-6.84177808691317,6.40796358620512,8.59584372209433,1.57937709138912,1.21015818363148,0.389372549539647,0.396271562002439,2.79588616715939,0.529938415274201,2.60885809516547,5.08524669764815,10.3023030234663,1.67976115521341,3.34214258514973,1.36063378005731,0.714650171205311,16.3988866043964,0
"997",0.0729432808269437,7.23375418907314,10.4535740652822,-6.69470665411823,4.68428990408965,5.63058303216712,4.08371086224044,2.28545456696645,1.04583562422199,-0.62851629335968,2.87130197538634,-0.0669162129866072,0.92240716029463,5.78714224819517,9.3930714142966,1.23548098504308,3.08540907285373,-0.124364250360533,0.864711189925384,14.3902200706332,1
"998",-0.110121661481272,8.54312367765703,9.14481743190789,-5.33664716583674,9.50975967061357,9.65588845664372,0.413530159219944,2.36268758765005,1.70750601400025,-1.41205960471507,1.02934752662262,1.0228526382329,-0.289551143152433,5.82525127142682,4.00557614481945,5.13222668802029,-2.28129334395572,-1.0138826579068,4.81435910782249,14.0682881274765,0
"999",-0.310758228282666,6.84056754552226,9.9447551988626,-4.07414494654519,5.50911682977502,5.15010905065719,3.87992650362713,2.04585409112873,2.14001105145239,4.63132418279551,2.30104610957232,0.73458716465638,-1.66546210460652,5.04435552378581,8.0832109984835,3.63277783638358,3.07937971072744,0.495808438890926,0.62618594370295,15.1195815278704,1
"1000",-0.990126597380489,5.17209014550027,11.3326622660292,-6.5340689405733,6.81781733401417,7.38318985857082,2.52311901247975,2.19055447315755,3.30814307024673,-1.62277474551105,3.88836376798881,0.932307065315967,-0.792165137292104,4.42329661069196,8.66800779880114,4.67939852751407,2.77103980152227,-2.0231573207764,0.600183511503318,15.6453385767432,0
