"","x1","x2","x3","x4","x5","x6","x7","x8","x9","x10","x11","x12","x13","x14","x15","x16","x17","x18","x19","x20","y"
"1",-2.10613278917658,6.22305295425766,18.3208738553572,14.9454602661487,-1.91364656646477,13.8901613981474,15.9572703179041,20.882197920773,2.48346218769289,25.5106867169321,26.2097498277596,-0.746886367096157,7.19716180721183,-5.01894968138583,0.668580523176616,19.9663900340952,4.08704879262795,10.8662791529742,-8.43437228949433,12.0945035324918,0
"2",-1.94935441730458,4.86974488444521,20.5890282332351,14.8212110782664,-0.851324288616483,11.8417289599093,17.0582928044244,20.1806847177017,1.60419803540676,25.2360798552159,25.7146244577054,-6.86563427294715,9.76243298853712,-6.39052906125275,2.48888758334088,20.172392833276,3.06608705662225,13.9139310523496,-2.04494867825345,16.3099508421508,1
"3",-5.18089657192963,4.57287121803029,22.1146604032393,14.8421767114961,1.43479507793981,13.7381688152957,12.8713152771497,22.8940942038514,-0.780933713517997,24.0656839596839,24.8664611772434,-5.51532557819262,7.14251033194722,-0.616017532482724,3.25426847645507,22.1080973818927,9.08055789876788,13.7330051734615,-1.55124686151395,16.9105295095188,1
"4",-2.3048685402331,8.79353479938598,14.310839875248,16.785985840559,-0.379871123887699,10.2078482016931,11.660549746176,18.8479577593536,-2.3136071849411,26.4776622376492,26.7065584854317,-4.79376847478588,7.96389477918957,-4.6154146994337,2.91771854511336,20.6254698958367,4.86045560885657,13.3122305951169,-3.65027003972341,13.9362784207554,1
"5",0.627419775984299,-0.509267813805216,25.7024656882126,11.1135824619475,0.455996261870114,13.0634369493618,11.2844115911875,22.7169898237488,2.8572413033835,25.8383829892641,25.0432114441562,-4.84505476191787,6.50000753535124,-1.90772024032173,5.42146970441689,23.6089232245599,4.1192005502727,13.8486273090585,-0.67629404779024,16.7047862522018,1
"6",-0.483543342469827,5.62825476632048,18.9138324827765,14.2897576592781,-3.03370805790167,14.7846158533588,14.0662329473994,19.5271666354891,-2.36486158710386,26.5237920798291,27.3634825713001,-9.00275245191278,4.98103884005081,-4.22477434021196,0.779114148085604,19.8185413485412,4.87467779266137,14.6404603483014,-4.9523122030147,14.329302221997,1
"7",-2.02953454757645,7.17465940016001,20.319728882731,14.8547550804515,3.90348812258282,13.0825860628277,12.6114879369614,21.8977604938988,0.958605420977974,23.2430692285347,24.6283960101161,-4.82544751978327,4.33401422803321,-6.75995341233832,7.15746603672254,22.6862786369961,8.62365790092871,13.2853681182324,-2.22142826992644,16.7611117618488,0
"8",-3.50793492618778,5.64487511411016,19.4591813382055,14.9439750826494,2.70329099009237,12.1063104068893,12.3974303866462,18.6656839016463,1.02399642320354,23.6819053101153,24.0510562794547,-2.7778164054427,7.47531287949462,-5.11776956324775,-0.51576345624996,20.0020167780643,3.76654943702022,11.0954215888182,-4.99790831214767,13.5954796663214,0
"9",-2.35205100619773,8.10566866735036,20.9771390502727,8.9015357031725,1.02356382843624,14.9504234645325,7.76740568433323,22.0865882394983,0.736994726986142,24.4697671925233,24.2062755067587,-1.86051944171918,6.96825671863337,-5.01117509155742,1.91570810313189,22.0153769849143,7.6755541853059,12.0724667736443,-2.91195887241894,16.1477340167445,1
"10",-1.66703531300015,2.91442234369979,18.8102410209997,13.0263276382722,-5.09013174622608,10.4732026750078,14.6753497743643,20.0792851540044,0.998322647078619,25.7836101460256,23.040452677623,-3.51492282042239,7.68324951776927,-4.65442418416716,3.84649222040084,21.2549049545766,6.53417076027694,10.9170410615255,-4.11712821981699,18.2814494631634,1
"11",-1.75829039974918,5.60717269028221,21.398887272939,13.7257200945368,1.09477201039955,14.1198952990174,16.798114856674,21.4226498190269,2.5940949759196,24.0004509533857,22.459230438201,-5.46010946440085,3.87494407130764,-0.389626255132332,-0.745221011588754,21.2106378945631,4.8840766544831,15.3299807769438,-0.716409064680413,14.816175140287,1
"12",-4.19902483291632,4.04735564248577,18.8524859367066,14.6439815670355,1.17730131380397,15.6697414022661,10.9028191431745,23.9830218648916,0.83227973862293,24.4031455371252,20.6674488090861,-4.03163188182334,10.3033909861543,-4.93059555194625,-0.342464677749216,21.0285531828642,3.21538232509187,11.7337004138353,-4.94445482401878,18.5036605569086,1
"13",-1.34053311234669,2.83731701704782,22.6876761632793,12.6251087860843,0.22914937844027,10.3520161722244,15.1582247132392,21.2672864762853,3.96722447349372,24.1306041899797,27.2233456055372,-1.58128692049954,5.6898945678333,-5.9774087097385,1.78532226540345,21.3612510264155,6.97010717943528,12.3274075960937,-3.06625097815406,16.8388745959303,0
"14",-3.5131892445926,6.06863269717953,18.2217827241443,10.454308303646,-0.519252413139584,13.223636616698,12.3970248460549,27.6445105138064,5.09469443142662,23.3628002449348,21.8137335588396,-5.96537061456877,3.22889393324798,-7.89548483820347,-2.82266632405683,19.332456449884,1.15953927526251,13.7737223956644,-5.31974438188085,17.3989307918729,1
"15",-4.31180888076157,10.4949509617074,14.8666602855656,12.963870526154,-0.790874045325244,13.979551669338,9.89605052174153,21.6900916953603,-1.11388785368838,25.2501266092227,26.8151063880903,-1.92561075125061,7.57668835626564,-2.78993304314227,-1.67601057962586,16.4981579290389,2.4549598144184,9.08171147510976,-4.59469325467029,12.4268893242893,0
"16",-3.097591866503,6.72938818936006,20.5164387864441,13.3883766522616,-2.51741200374966e-05,10.7614859894615,14.0274725996107,21.086237239433,-0.00401463442722627,25.62129545147,30.1479110868479,-8.90331599960894,5.12470901787181,-5.92728659693168,4.83723973193789,18.8652480898622,6.89049839796541,13.686335032328,-1.51821096106201,10.070404925568,1
"17",-2.81051861749947,7.48814491921309,18.3417514652916,14.1219716808886,-2.66711606937707,12.5730161495122,13.7030439057145,22.9866562104436,4.42591802158365,24.6046758066483,25.059752470155,-1.82941374697437,4.10017893592864,-1.95201457743029,3.88338533031451,19.6127804233768,7.64227732971472,14.1904433284495,-5.34431424826011,15.9992507643704,0
"18",0.352149123145595,4.5295616038733,20.8735468524825,12.7945207979714,-0.0200375549013819,11.7973232413245,16.4935804295236,22.4595365293632,0.923494247465291,26.718946601666,20.7469182223165,-0.790307290831843,6.33848162336152,-7.32719096024795,7.75878961564999,19.9813799905884,8.64309484330264,12.9108888332797,-3.2047604755527,18.7006057036705,0
"19",-2.81283125995751,5.06876598249463,22.8845348281066,13.2333641419805,-0.345141069654492,11.6592583566783,17.2514937930973,20.8324948867938,-0.110743469375801,24.9090251840674,29.6402967068601,-6.41617717811704,0.472095009482662,-5.43571580026614,5.63590709106084,21.8264954557047,4.72210701544113,11.4539818248484,-3.20825421369943,11.7899940948194,0
"20",-2.52683171586739,8.1546187173328,19.3448691003847,13.450164485389,0.366384466486835,15.0355392659299,12.0291717724374,23.4352439367984,1.10336074560106,23.802496933005,27.7746970788008,-1.21322192212722,6.1518710312182,-4.21016222145617,2.67189700539686,18.6653608621431,5.30800336986648,13.6813540587683,-5.37648939198508,15.2998732527828,0
"21",-3.52312681695466,8.35513422140451,21.2210254107932,13.8036349077756,3.48937873341201,10.7233756612554,15.6691350238032,22.4338014306409,1.49870199107331,25.6772491729894,25.5505828768991,-6.24144403428744,5.81294731775697,-1.69147335036325,5.05937152416169,19.6253886645065,5.88708645357272,13.5969590166189,-2.47276453278547,13.3778292522782,0
"22",-2.39858149728464,2.00103215715705,23.7472195578751,11.3340460881156,4.09915495561058,11.5455796434828,14.8337031414643,19.90114848866,1.14687367112876,26.2604631837209,21.8679443346104,0.420886719417574,2.9288191442635,-5.84756929088682,5.07035188243717,21.8776968643788,11.1326817026466,14.0368239518465,-5.09937902384735,13.8751841143438,0
"23",-6.47645309180943,8.78172471594718,18.6301950838445,11.8790444088053,1.77066383297666,12.9241742355764,7.31675120377072,19.7578290449689,2.6803419465624,23.3231419810949,24.152604406354,-1.11192826324178,5.48260906250951,-8.48330801300721,6.60598173940331,22.1260056039321,9.62415921061246,12.8275775988996,-3.69148511907334,11.7057177515217,0
"24",-1.35365677959307,3.93912745651065,25.4498329370597,9.6983767190077,-0.195720171086538,13.8668524487812,11.0582637711252,19.9960991308821,-0.392394678218845,24.7327049475948,26.0849754737516,-11.2565122819535,4.37960135350412,-2.10083361511723,5.37351655533478,21.1197256291499,4.91201970753155,12.7430501178511,-4.97047898600571,14.723240908498,0
"25",-1.03016808429131,5.96056472201037,21.0952791985863,12.7054620122882,0.402340871920079,11.6198309379489,15.3554374029227,21.6049309208996,2.12397958542591,23.7394983717429,28.2944764627219,-3.08413483017497,7.85015285233792,-3.34275984792735,1.916950195595,18.6621432049847,3.10244589400819,10.5809354314409,-4.96854997129787,13.8450129864251,0
"26",0.129091922726366,3.89800580993954,20.8476330046886,12.6125692050598,-1.50439889933232,11.2908736712953,18.2142477893163,20.2481347625539,-2.67349063570848,27.5757872869698,23.3366302115868,-3.73989524441142,7.5935144126268,-2.23156573400654,4.3555181641142,19.7563828059143,5.30033349156296,14.964374902326,-3.7650205876821,15.2141927932995,1
"27",-3.07308991904872,5.23697055670653,17.293900946019,12.0729426658037,0.602678493488439,10.5611140706054,15.163426810173,16.8577366183401,1.85088478088881,27.5307296312771,25.4606098126666,-6.60796772806416,8.71635658791984,-9.27463963474923,5.95027770631525,18.810669829739,3.07097105127568,14.38628169264,-2.94167361185043,15.0534587208695,1
"28",0.482724463318773,5.57546345953451,18.9977993408446,13.3049156964781,2.53801403353886,11.8838789804085,12.4625468077868,23.6384018214745,0.615299709767333,25.3212328466898,24.6877323490795,-5.02067007786142,6.10922181378466,-6.76113369411211,0.924144545326307,19.1213876882153,2.45866368528224,13.3383114361486,-1.56459696009336,14.7553688475631,1
"29",-3.26671470750566,9.11880717652907,22.0933402508653,11.0011926936271,3.18287503591139,16.790994334319,5.83107939651825,26.4423343275566,3.05913109196679,21.4993216793562,29.0614304297983,-1.93817529384238,10.3984203028541,-3.76299828672984,5.55755553225692,23.3179984694714,2.70701869573014,14.8276128934239,-1.59529118783912,13.9057252449979,1
"30",0.300920481619203,4.35618509965402,22.2275506745869,9.04385161441582,-2.22944838468146,12.9212319342585,9.15476392006857,21.4994577908286,0.877989850798006,24.0388950987551,22.6731538721464,-1.64966955478879,7.57280978362523,-5.22903630619817,0.0897904312763567,21.2207229713909,7.60725167915185,13.7400290610117,-3.52394858606957,15.7018468284729,0
"31",-4.01726005664194,7.18070819270084,19.4845070344877,14.1910486258781,1.93446556560169,14.1736899062183,8.28335182758723,21.7316779470538,1.92587391601442,23.0693888176707,23.2502077449937,-3.02758929860488,3.30181539195581,-4.41492135636392,4.69852716575095,23.1809350571657,9.20204249235208,13.7080810816452,-3.69895459025851,14.6868613483783,0
"32",-3.476890278054,8.70793155112839,17.1991429777014,11.3381855348968,1.79057382596976,12.9357527735833,12.1059024559266,24.6195647594284,4.22966229762621,22.3195722734397,19.0826637833899,-1.35314435473441,8.98447686964013,-7.65512748640367,7.97655543142184,23.5880884990757,12.0769647378371,16.0832123360678,-2.88185167563238,19.4257026137209,0
"33",-0.952423687687305,5.38628474037198,20.747774337592,12.020552390467,0.551864590289585,10.8464132966538,14.4021015723714,18.1539439460818,1.19774622148623,25.1163301946247,26.9979699748992,-6.44628605290923,3.54793943345392,-4.11201281333557,2.35294845033402,19.1961280821669,5.24241811759924,12.3531746818894,0.174225674962228,12.8426889007478,0
"34",-3.43225465069402,7.80109419588467,18.3847301928345,11.6610276885449,2.74486783428567,13.5200720418642,16.5000798946572,19.6628182335734,-1.71199836449512,26.3522710905165,22.5540859927867,-8.93335402552742,2.87409054157975,-4.97754135512915,2.28149940130241,18.1063232027333,7.24616815534369,15.9582679118378,-4.73283952164631,14.5509704186462,1
"35",-1.54655880574784,5.16045406202184,20.6361646064647,12.1061071816246,1.72986257294409,13.8065500857449,14.5565641785698,21.1092025292612,0.294660371994962,25.8801826344136,23.1940038750918,-5.99027641889939,9.47376173562295,-1.67669274875183,1.37197683400668,16.916875837634,2.83914848972841,12.542210862966,-1.43443362988372,16.1205751385796,0
"36",-2.16809530290912,6.46969141575725,19.835545582571,9.98391339268522,0.399312369397103,14.5932090671603,15.7418434024015,18.8195502381128,0.626169794268115,24.7427412050229,27.3917121622925,-3.91280080324697,8.60338793880176,-4.84741106271281,2.87603889532857,20.7263865310488,6.47612019866055,12.2115035257328,-1.13331052181227,12.5393495532539,1
"37",-4.21175780409081,6.16023078916465,18.9471181793902,11.141412137757,-0.42372070953403,13.0804078312229,13.5561972796117,24.5593875244449,2.64320332737588,24.4010482416843,25.3705917484177,-1.91159990087117,10.9711460003503,-6.99765218696847,-2.53580401647103,18.9496644163022,0.832987502709678,10.1942332105949,-7.01251733212461,14.1931411164197,0
"38",0.446230253006579,3.58292879038057,15.1868550422593,16.3748973124489,-3.91043712623727,12.1434266709775,15.7034059916639,20.6066838299057,-2.13223564778716,26.3513865957796,28.2861682981578,-6.68141581435123,8.38437432480137,-1.83433796894415,-0.103722483291111,18.6795003887587,-0.638180342974534,12.1236945713321,-6.06519463854134,14.7112176879413,0
"39",-2.70196390727016,4.29996045741522,21.2897266873984,13.2593047361261,1.00970202279871,9.81727626140938,13.9493573364717,20.9378446422039,1.11285804849829,24.2083445557738,22.2892698709869,-5.41564466247543,8.77123466887109,-10.1637626361234,-1.90374864237832,19.1604301098993,4.89069774771394,10.3247792785612,-2.69409626670575,17.1872691048402,1
"40",-0.669078960013106,5.93831290197606,21.4938099262499,13.2695288911629,-1.76315442799085,13.0222884819265,9.78283751523704,20.0106570738136,-1.23256734303325,24.8642868909784,28.2725565669003,-6.30096730329309,7.13875101765418,-7.16456393336975,1.78073205581803,16.9261031602376,3.31185657123764,15.4954105429035,-2.53962234030295,13.1149997337911,1
"41",-2.81475234507389,0.117548514529068,19.1367034157944,15.3276308243341,-1.50145979006877,11.9623543218299,10.4394904024581,15.9099837458606,-1.67435986291884,26.987037876966,24.3177382375945,-3.4497396569622,3.20135419026595,-3.33098096432132,0.335080108718316,19.49375434353,5.29060947728647,15.6408216634427,-2.77111317242825,14.8193762022847,1
"42",-0.100968945575302,6.23823875265128,18.8054395263426,12.32958437982,-3.21853876111522,13.1217299406632,7.92914595782695,21.4963514045368,4.27514688272016,23.230942696416,30.2413570681578,-7.909188138341,7.4222950056403,-7.63500099863535,7.41468257494532,21.0783038549171,6.1463300995804,12.296484155562,-4.6113253761908,13.8938989328858,1
"43",-1.91454847851774,1.1335239879136,22.2023312086436,12.7040836524676,-1.14538925610223,11.9002830276549,14.7194817721807,22.0252323427425,2.10158228580565,24.3206024750347,24.4361149014855,-1.78490590857393,7.52699504056711,-7.40942291011945,3.10413936465078,19.765870592581,5.56535165440795,12.5627486675991,-2.59947660535195,14.628847404503,0
"44",-4.80084290685474,7.14678362328835,21.414093257505,12.3663221886651,0.924347617683355,10.4726187985319,16.7836164661228,20.4010225713036,-0.88224477742765,25.4243105133752,28.4707621121712,-7.76427705767522,7.72599150697351,-4.5022732342762,2.87934294938229,20.5041110763695,4.22146214885724,14.2741925630887,-2.54733522953797,11.4729726351087,1
"45",-3.27781218000486,9.66036373567789,17.4980449744558,12.9439172685937,1.14709522665879,14.1538798557572,12.0740029383613,21.601058539219,0.445587497587716,26.5088929054684,27.9845567209965,-3.75956979119748,0.778943494383054,-4.13901340435445,0.769950259773494,17.8216345955167,6.24014264754777,8.95873054232655,-0.45627683304114,10.610547676489,0
"46",-0.778685854343985,2.98738404335999,23.68143922397,14.8782295217053,0.288151237264974,11.5557782338842,9.62085596116085,18.694148929913,-1.84164171579379,24.9893429441672,21.309473104838,-5.16118813214451,4.61449636607663,-5.28144385670012,-1.6344664080179,18.5234615566493,0.927171196918561,13.0038110096844,-5.14288061457578,18.9959545037416,1
"47",-1.31794227821689,0.39384414830938,25.3848606237696,16.1332319433637,3.58700073760924,10.7781070558549,13.9274017897598,19.412453215689,-0.297531773479733,24.8290855225507,25.8660343408551,-7.19737005973171,7.31449317382629,0.252797661923079,1.79882715805385,22.5053638491931,7.19351573266577,15.2482184480761,-5.55276599013025,15.6953092715246,1
"48",1.68509628979256,3.0690237229262,22.6031636806819,11.0740456692003,-1.15858244299328,14.4682226608664,12.1318051681662,21.853480905762,-2.40424628580872,24.2765280704714,27.5498569525986,-8.87752130827062,6.66725719921676,-0.563428746002465,5.49914299744763,18.8241375385982,4.83160097938806,14.3640445920311,-1.97681387818251,15.6245060821194,0
"49",-2.4732106769818,8.16863656403018,19.2578821936732,13.8962017672413,2.26377979193466,11.7076820407332,15.1367105486838,25.7674080865125,4.22320385004609,23.5396000544577,26.4054917379308,-2.22210215119754,2.63543940017949,-6.55372182323521,5.25093519338147,19.4188079668818,10.1278162351164,12.5576253993745,0.468131551097678,15.9270808437714,0
"50",-0.795546732760678,6.74512671653007,19.0736063293671,11.3220818372959,1.24971902359269,13.4327416681623,6.85229595915886,20.5288655838743,1.80688739732842,24.769730335757,24.5682003841618,-5.7655013560108,8.34661788838262,-1.01869383426371,0.844969213450895,22.4481781431592,6.55310527409214,15.8311242472561,-3.70009182680423,13.7911550626706,1
"51",-6.73572861732566,9.65205151406292,16.2208529367955,16.4058216367929,5.50914863465297,12.3544730120934,9.69845749912825,20.1624489496925,0.498447827144877,26.5489593862816,24.31171235697,-1.25052949277964,10.320912990701,-3.7018114769813,5.06901972712033,19.9261336854883,6.22282968320863,15.2270329496393,-3.62781060753532,18.3825418540789,0
"52",0.778372164516784,0.768717638047995,24.6251931514892,10.9554210298478,-2.23948690734391,12.5807237245699,10.5998016487252,23.1837815271162,2.98796017194482,23.4320536636456,28.6584498225511,-6.12121605582312,4.29578403116985,-4.3156328397534,3.9740186912511,21.2930518473763,7.01308006645547,14.9403161292311,-1.86802167050638,16.2733984588128,0
"53",-0.590932805288287,2.51548037437949,20.4795553821624,14.5439543094002,2.80770764293876,11.5431119182524,14.4450317196283,22.1455694910065,2.47724503908061,22.9119328688264,20.1020134836779,-4.22797866329496,1.9316800413651,-4.09287721295145,-2.92181651230159,20.2636452552781,2.98730268467019,15.4207980521875,-3.94622742528781,16.7963519324735,1
"54",-4.91748152101904,10.720294958299,17.4421351605391,12.0872136503599,2.0534672873307,11.5612327882509,12.2889929315768,21.5926919064937,3.85583425296326,23.85469096034,27.4726635726122,-9.8192597858491,9.60510257159077,-6.98567876506574,2.85723325816512,21.8628656252179,2.88984320616913,14.9933682124272,-3.35908198910095,17.1959422580118,1
"55",-3.12788434839665,5.55241042677028,21.9346007898199,11.7476038223605,-1.09629197635426,13.6374043214973,10.3076664749742,19.5204684600282,-0.46108679963408,27.0649094510177,28.0754098357745,-0.97760271912313,7.25332598242409,-4.89349809654334,1.33066431686213,20.2972976797775,6.52643691911948,13.3799961518452,-5.36473929778694,15.4273318051642,0
"56",-3.24576351822224,6.74118414538543,20.8544874493784,12.3020337536123,2.26449926677651,13.0406461902141,11.879131106987,24.0539025783148,2.02369026763825,24.3479487867961,27.4527975805444,-5.39307179794844,9.58003829617838,-0.921016002272879,5.38904034376326,23.4290774374524,7.59032055142779,14.0520381620916,0.944501259661426,16.0689242465518,1
"57",-3.67673620798752,8.26239168901586,18.0187285783503,11.8994197928466,-1.39106789859435,13.3112976005505,16.4736090213459,21.477435764483,0.487075441955659,23.8865045712379,24.221368190543,-0.574228295743056,3.41725584050984,-5.11780694258583,4.72306774927699,18.7029855994225,8.70307406328291,11.6144776926106,-3.13626772454619,11.8038891166211,0
"58",-1.97097741641525,4.23406483274152,24.5768647008506,8.10069848168055,0.884317116055654,16.1588169903832,9.27316310531827,22.5050492224856,-0.59240610187604,23.7147991483178,27.7487098395426,-6.00802289192198,10.9248789556522,-4.07464988582161,8.21639213284786,22.7539703077203,6.1428421338822,10.5260306678916,-0.836602340319628,15.7598490322166,1
"59",-3.77479185988297,7.43756080912934,20.0052881556067,12.8773823903702,1.68140216094778,12.4749677782617,12.7164990773491,20.8454894430257,2.98984085695454,26.4360273657151,23.8662120120367,2.78993158693138,7.90573881122907,-7.1857802030536,0.632866269284349,20.097967953923,5.19444205579077,11.8613090452505,-7.18448819252623,15.5944619014319,0
"60",-5.5273314722206,7.29751474432145,19.0152400778091,13.8111310444553,0.913838143077152,12.6029714858445,11.9717163385063,20.8968529193189,0.408921200545156,25.0130357680582,28.121619771598,-6.29594638745413,7.90480834702366,-6.5063578734823,5.71571877221179,20.2575158699761,-0.111178820140465,13.6754749046239,-0.460410104945181,12.5459390704724,1
"61",-4.50777532654436,4.60944640868011,20.9787126374766,11.5203529475315,2.81252279587793,13.5273518651331,6.91808554652558,23.3480771872891,2.54641859944682,22.7830140168458,24.2623063790917,-5.11539182330614,1.06787258599003,-5.9281255108626,-1.95534278914746,19.3581846256614,6.93842564722541,11.8856830765136,-3.42836103958161,14.4482806284325,1
"62",-0.898792971611792,4.69076626407064,16.3888867782066,17.5057139508514,-0.174244749471595,11.804666244497,12.8247436430008,19.9329531025674,3.29155822472229,25.6928071780523,28.277076531035,-5.39337251239892,6.71507973942698,1.22185522760894,2.45284944568959,18.7072610746372,7.6025209667141,15.7568020027863,0.27809431951725,13.3700304953774,0
"63",-2.63742434465762,5.25310438780936,21.2656951421531,12.5217897649739,-0.456693011710713,11.9559996108538,13.2182261567435,22.4964249605291,2.07674554796418,23.9266719765961,26.8810116571544,-5.41283701206415,6.23065274066715,-5.23494153400603,4.10157802859471,18.9959924950951,2.2629847144549,11.0095942670284,-7.2864596750445,14.2140355500462,0
"64",-0.69463897313856,4.43697661100924,19.3474250392894,10.9384988559734,-3.44491713840084,15.210350315069,11.5407073469159,25.2432292613955,4.67637804684046,21.8138786938504,25.0800256328468,-3.7982851965173,5.02675349001197,-4.19469298719613,4.08907255341707,22.0540721415022,7.49836291079797,12.5836541189527,-8.2694764951919,15.1028880241852,0
"65",-3.58971613950643,5.34470066781306,14.4588377551859,12.2241204672683,0.50965855804519,12.0555231079945,8.75173087965685,19.4151776029585,0.489091603229282,23.388654511857,30.0880381995861,-3.27538450855216,2.83007661675309,-1.79518232059885,1.98213447569374,18.6173692882941,3.74968639315915,9.85586175122202,-3.93105162540754,10.074073046551,0
"66",-3.79717146292303,4.35252119547808,17.0419775887852,16.3680118277994,-2.58293145673499,9.69036878328665,16.8118118853036,21.8099955521478,-0.365207019935794,27.2166568236351,26.9251932553036,-7.49621999116591,7.69316561627253,-6.62664656564636,2.93715818892874,19.9737522469773,6.97076215721169,13.8640648405214,-4.29535491428441,13.8203933556582,1
"67",-3.29737074752176,4.09093110152613,20.7928826873012,14.4786436119291,-0.461404526646418,12.5734122621568,4.46284545649279,19.7074873150315,3.5925101234949,24.7741179349569,27.1144788161982,-5.5955457913868,6.54008415792426,-3.42313538821237,-0.162874165357979,19.4488012239808,6.75417970428661,13.0882535295171,-0.588075938367714,13.6537166546226,0
"68",-4.27548740236242,6.30031075458487,19.0747388266781,12.8165037914191,-1.63559272233217,13.5874812048267,10.4216626998024,24.1464309654252,0.738986063547401,24.3287896044701,25.5415505483868,-4.79476319559611,9.54866465631512,-4.90849596521611,1.45932935519826,20.5524161937301,5.20911773317324,11.3826146116888,-2.51613489714751,12.3457148022246,1
"69",-4.34887049900449,8.05140260818677,19.2746815160583,12.4983844562198,1.7805530220488,12.9381434994716,9.72556923962667,22.217929806321,3.71683392336333,23.0957627313193,27.3965143083942,-9.40917471049127,7.42531441376565,-1.41679605400788,6.16372595862882,23.8343651771754,5.79685074844914,17.8023990310194,-4.48403335515206,20.0248763049633,0
"70",-1.69479749855221,0.317874923045316,24.0096888653273,12.4568589150225,3.56084209095233,12.3456793509058,12.587345831269,20.8897774157638,3.61524254559356,23.024334715167,20.8410821282504,-3.78139976500923,5.74212424382286,-1.35710456661611,3.32303187858169,21.2835221911645,6.49659430580112,16.856620720253,-3.8941349406,15.1184684194393,1
"71",-1.28713561321251,4.36641102971364,21.1834035884815,12.0723414442714,0.177522306594133,14.2881955045936,4.55955425661683,20.6932608719059,0.0469546218590307,23.3517677006571,24.9839404310492,-4.23811975970583,5.73458877666821,-2.28696785882045,2.12839043869812,19.5941354435751,8.44268385739653,14.6289563708311,1.78594336652273,13.965898154819,0
"72",-1.61817248267232,4.58175331327165,21.857633404525,11.8704617055665,1.50770065790348,13.3423286286996,14.7761629977213,22.3687098945296,3.85061400895629,23.8893761045682,22.4243210844008,-2.22434101566818,3.85821087704477,-8.5787142214891,2.14269624605099,18.6803338595256,3.39032598159656,12.747977259656,-4.25823341264767,18.1905940238602,1
"73",-3.38547206641097,6.16494904990454,22.7656601056003,12.3720563136143,2.87655107886233,11.5960357950973,16.3709102838853,21.2781445998462,-0.883266658858295,26.4552284097092,25.7125677874134,-6.38138861916259,6.56998021615464,-2.09882782645177,2.14673547530719,19.908019263361,2.52035168975227,13.3979115494701,-8.08025423082219,15.9666386280011,0
"74",-2.56369962052964,7.96194268516988,20.636594218361,9.9925647799972,3.6581097932433,13.6394153353426,14.2919792274941,21.2522366505275,1.50011476956627,24.8654064042267,26.3227140183596,-4.7316691396082,6.95247747353109,-5.45431545914007,5.0048535227564,23.2402335428835,7.2250203090053,13.8334536337517,-2.13194055316547,13.8557756852125,1
"75",-3.58877930951527,9.46595473421697,21.4580674428517,9.44822226011117,5.11756445704571,12.3870388162857,13.3217929602506,20.9795716684367,-1.0002863404406,26.895343230995,23.6530804563262,-3.65587088269074,9.35860507452208,-5.35185269024319,2.72056177759744,21.0766399125968,7.19433498664195,13.2439512497841,-6.9497932827697,15.4762962225935,0
"76",-3.06643723514513,6.70819564632301,22.626699227289,12.9418109132414,4.5870371684495,14.8750449526863,9.57967043339749,23.9410457053344,4.70682551488839,22.3832179363184,25.5068420557295,-3.74244994805061,10.0262079632965,-5.61529968286915,2.14090942064188,20.0812866926844,3.18030179272619,11.7691188017924,-1.25337031368785,14.3271258501947,1
"77",-2.91520697885738,6.56944391688269,18.0917818075033,12.1257851432514,-3.31950552677899,13.0224309074407,11.6838369416894,18.9354171834033,-2.00004866968706,26.1527061292644,27.8121802327877,-4.76483373400137,4.00086684095285,-0.105082451575601,3.15909179005083,19.1819907663171,5.46986707185534,13.2214199544746,-0.456424871477784,15.4112943235953,0
"78",0.954240567282909,3.58298966324092,15.2985132006637,13.1873489746208,-0.891211705677618,11.4067302387165,13.0851750786133,19.8499000082524,3.41786243031515,25.8089364614956,28.1514673956755,-4.32619831684984,3.94569350662622,-3.64657201198193,6.85286332262421,18.3026911947359,5.05691901316721,10.5517853543062,-2.73224556039669,13.2204010603521,0
"79",-4.29103884530924,7.14437392738815,18.048429127452,13.5028982915394,-1.64924504474441,11.9310292014586,15.0852830009314,21.4533904505357,3.07115318750349,23.8145282385266,29.1471750817218,-5.52405767861646,4.88745518899997,-2.60850700718813,0.0897140957986018,18.983250269566,2.61991955696171,13.0254210868762,-3.28664227395408,11.9921187204053,0
"80",-1.02506851324699,6.96130037582135,20.6110362607325,11.4461310766097,-0.102230810456473,14.7350604540443,11.3346601652391,21.2780956992658,-3.21862427608065,25.941185032234,22.9771388790953,-5.83255849669313,3.58407205488086,-7.77436580458944,0.168609151835465,20.1046138481578,5.89809253329787,12.0464599580246,-5.79756992577473,15.8159954200029,1
"81",-2.38019690320927,6.31856116750433,19.1829005015894,11.4870621860714,-0.930999042677716,11.9796475120729,11.3269281997072,21.7265626506954,1.34556653090609,23.3522821578469,25.3654609794213,-6.58490478319406,4.58085470349582,-9.9299184526033,-1.91912250534931,19.6975901811218,4.85165679383,12.1417614453445,-7.46377510877345,16.9307043899453,1
"82",-2.09958844867712,2.73799324814249,20.7233570443984,11.2574046458784,0.66646417803986,13.4326738279777,10.4511639776877,21.2288591064755,1.40379475573331,25.1534256985464,25.072203109846,-4.7860537532487,6.30744800951464,-4.14689178714514,4.22579627127599,21.2255344192045,7.3108519729964,14.7991283085509,-3.8717143609351,16.4328749617193,0
"83",-1.64963541378977,1.8241043940674,22.5950555043722,13.6853684486599,1.27863234629003,12.8902511435414,15.8812548961457,19.6708744047038,-1.02854900521512,25.6511355514387,27.2018568490728,-4.06207846406821,2.13336910151961,-2.08068943653046,5.5141571644795,19.2273386179782,5.92758051057969,14.1902213896716,-2.31101723033531,15.0538517354885,0
"84",-4.2775450420426,9.65208766230879,13.3000915351185,13.0933404778121,-4.56955045209532,13.9491184049352,12.1471343849968,23.0372573744492,1.99924233439874,22.5982694211828,21.9388486169522,-1.49237880675394,5.23679880490385,-5.03701951152858,-0.728702859694124,19.172369153494,5.13788361674194,12.8652013081515,-1.2709333735695,15.8244549024892,1
"85",-2.85997459426006,8.76584025463577,21.2021023369138,8.72983499266793,3.39216887343145,11.0147280014267,15.0593905309369,23.2096714902038,2.20920756057771,25.7940885899471,26.1921816434623,-1.0010829919437,5.21910789834393,-8.47104731167432,2.31084626644037,22.1755168670662,9.87779925945472,13.1699824781772,-3.77827011282674,14.9148279951712,0
"86",-3.24946542552697,6.28262447775875,22.3641718602888,7.99361622534859,2.81391142599808,11.853795658148,10.4811158062141,19.7733958955215,1.25717820624214,25.6927609490538,25.5058919649709,-4.88955212333883,8.87892168436417,-8.81086068010975,1.62918738678847,17.5655561999175,1.82318657705003,10.6247259277336,-5.07958995358257,12.9311514576238,1
"87",-1.75840695114757,4.92252902984995,18.8467181652725,8.77032219773877,3.6718347094781,12.5040312787297,13.7144034213248,20.8361125059655,1.12780680814404,26.684640966303,24.8425620231131,-1.90034521078175,6.28430159981844,-7.95640152824076,8.34343696062423,21.0527465521007,8.12800859072863,13.713387062422,-3.53518118033988,15.5150469731827,0
"88",-1.99955572321843,7.82263128585976,19.9411093446854,10.3712939387532,0.89944516102687,14.4211041926463,15.4235249848798,24.4866684300027,0.000903247224061765,25.6977831099816,22.8723821621473,-4.43554661733327,7.8109984910943,-6.23074064653008,7.24687733475876,21.554039001322,9.31118063506527,15.759342713114,0.137692762610255,18.8210908795444,0
"89",-3.60834175564594,5.52413269127776,21.4354378732448,13.7965222337745,0.879230117255076,13.1599127288961,14.2274706442512,20.6239015671168,0.0475605822036143,25.1217076563639,25.9392504728599,-5.72705528957941,6.09742393510119,1.07168370409044,1.03367380591693,18.4782573683999,6.57881310864149,15.3765515765614,2.16869571450617,14.2731081052047,0
"90",-1.83856285778378,6.90784531649684,22.9375295531425,8.99508926069538,-0.408914872111167,14.3888263950523,10.5284921776643,25.0965971914732,4.43628927421944,23.553394615581,23.9980857414142,-9.50798655474119,2.15371970018592,-8.8065239463948,2.16918323299581,17.8641975015897,2.48725214538274,12.7314376118987,-3.76716374121566,18.7356674446948,1
"91",1.43363530451942,2.37879275150345,23.8698787226711,12.1167771916146,1.01221028154057,16.6411914061339,8.3083158660874,21.0236509083297,-0.766016818052129,22.6282666100807,24.300731410357,0.407264656761022,7.78857870726639,-6.4800249762128,4.68054707453132,17.548992021598,3.2913964939375,9.47942408827517,-7.47019784533265,13.563863373887,0
"92",-2.38043134418785,12.8554741945756,13.8962286904776,10.8451459800102,0.898638630515302,14.4185320131511,9.33618462471883,23.5451796571947,4.28100723260458,22.6444700201457,23.4419552200767,-7.52398523497088,9.33954722451101,-7.55100627107029,3.50758913984466,20.1920091455855,3.71099956393631,9.87298358858206,-1.12747722078941,18.3556569574122,1
"93",-2.16233496556891,3.83659509924073,20.6158671296636,14.4318926402005,-2.3899146804992,14.4240438797911,12.2108439025566,24.7949365747659,1.36944999763439,22.8612417810707,26.0771432325806,-5.22034600753235,8.22483137072783,1.01692632564947,0.97354479123604,17.2675154664457,3.44254824175758,13.9062005091282,-1.01352203143009,15.8771544918596,0
"94",1.74242391021851,2.80853746115918,22.8436582145056,12.9207732690301,-3.00789144592262,9.86521760007902,12.5334272657098,22.7844087769076,4.89444433770354,24.8946530911223,21.6762412173624,-8.04920611362742,7.23906556880722,-4.19320400222848,4.92515850639218,24.5267246286145,6.81852714441724,15.4935810453779,-2.44917664242579,17.2463485305794,0
"95",-2.02191438098831,5.37972185588373,20.5534072022176,12.0769957396681,0.275990779323097,10.220887826642,13.7258053907788,17.7624256865645,-1.82706412545639,26.5811508268575,23.341129974382,-4.52277064164673,12.0907732964988,-4.40198795352812,3.47908666670902,22.523531177301,7.38189090175666,17.1731655467008,-4.90280858954436,16.4087864945585,0
"96",-3.67968269367215,5.05613447626609,21.5667066476323,10.3872201507853,0.977894245006801,14.2554952712338,12.0777983903608,22.3419555000429,1.09136297648387,24.3148829233984,24.9088323513865,-7.75259879846645,4.83689746847944,-3.17857983661961,4.8467407950509,21.5678422099096,9.87313821361981,11.7018359501143,-2.41858561385588,15.9108326522568,1
"97",-3.64144582655917,8.59169574749784,17.5368644744431,12.5444070470554,-3.38401352421331,16.7617004799217,4.34565412138386,23.8072421926044,3.29810920152112,21.4356728360473,24.1527941245898,-5.31504013682839,5.19643918281586,-2.94389273744016,9.3852126087319,20.6931951902187,5.48374504893515,15.9471279141994,-2.06941507541536,17.0836906867307,0
"98",-1.93104968181474,8.21642531182547,16.414710293476,12.8462958409233,1.20579440946915,13.2208048597097,11.5724040486127,24.1146435411538,3.91027905913308,23.453093471436,24.9472621410456,-6.35169925614068,4.58517264394354,-5.13967291791483,5.83147296195937,22.3029081426243,3.71209562245391,14.6474335304197,-3.65355075939702,18.1466239462405,0
"99",-2.08576470654341,7.17993752422426,16.8811002790258,13.0242291806649,0.136864748736621,12.7423527956441,8.32372672826639,22.2671262888488,2.85575817834707,24.0372875745082,23.9507312345702,0.904227764826539,6.15187032146468,-5.35359200015786,3.21344432723718,18.0712456410546,6.59721979032968,9.65602343862929,-4.69293062823719,15.74416277109,0
"100",-3.25068218348739,3.8409156897848,20.0433762079475,13.3122808276072,1.65416797323471,14.4448001990375,8.24035263631277,21.6720799726313,-0.224790358654075,23.3307454490412,23.073636987973,-5.50458137163666,4.14774498431837,-6.30143999795419,4.41368393776936,18.7595543038598,3.0748782675966,14.4944242831096,-4.21236247823341,17.5029272213197,1
"101",-0.365703317083427,5.13074030519371,19.0954225562722,14.7059390174732,-0.82797527806163,11.4232371464553,19.199511973069,21.1942624018128,0.215542076531224,26.3975023931406,27.9401279963577,-4.93121364998983,4.87781773439064,-6.45413186992584,1.18370446906685,20.5372932939232,3.73395967919102,12.3403632203147,-2.79024965348215,14.0522035425,0
"102",-0.199283295758712,5.8399990177607,21.3156729636848,11.9349970258271,-0.248722405029751,13.3320734900075,15.6107156064876,23.1644126001044,1.91305969460481,24.4319554061039,23.7076622190284,-1.11676067599932,6.81792617587606,-4.58077962346275,0.429130348387025,20.9792042637739,4.40599726894631,12.7824903062945,-3.96359298535671,17.5314125335878,1
"103",-1.05522671753591,5.09020291464601,18.6173843293562,12.8950626424326,0.0184944528036123,13.927702904237,13.0732466470989,21.0169099864289,0.644841798493444,25.6635795451915,23.9896419051305,-4.8325839864299,7.09893298747971,-2.48914587558728,4.61900804297392,20.4190318776953,7.74098396330665,16.8563788781038,-1.7497495375402,14.9967094907345,0
"104",-0.465529710513099,4.43917256705004,22.8661970350483,12.0874090933633,2.59952480664348,13.3478140019836,9.70768903411732,21.3930534503323,1.1263323465589,23.3468450951574,17.1189961169783,-0.475407031603156,8.47812801297679,-6.63601276725547,10.7077873741025,23.8327739106569,10.3193910959464,16.9606946412476,-2.36940039422835,17.8165780439458,0
"105",-3.09613101017406,9.41515402354559,16.6689577332963,11.8585801261819,-3.74237745936277,13.0301216097828,12.1561139789543,21.7441215399453,2.77034332009735,23.6163957363574,26.5040378449105,-4.75179085717437,5.79197867999731,-5.80222125657555,0.614621403658377,17.8412461406726,4.54750071855728,8.91599944666172,-2.44154161565943,13.9410808164816,0
"106",-2.80379893414009,6.23286710032948,17.0167082866025,15.6815002721106,-1.11590769397277,15.1569664177985,12.0810249263691,23.9632880078362,0.0613751896527743,23.1322219717465,27.0862868130188,-7.02748978123113,7.93546097517874,-3.70693035822179,0.133521331442759,21.7624852243191,2.0781032768291,12.8864204916182,-4.55529146004323,15.448388934701,0
"107",-4.22894624299114,11.1056826862028,17.4469894994575,12.2668464111171,-0.44559927857793,12.8207912537333,10.4137081740339,19.8775489072241,3.48613273161037,23.906695606638,26.2399053957369,-4.05775845286282,4.53738239399724,-1.93529810552546,7.23818116500952,20.6475111799287,7.2157138907314,14.8300915116291,-5.51312741309924,17.2342947741694,0
"108",-3.10132075079771,3.73470474210693,20.8066782847412,10.5589514611088,-1.43906412986706,12.995788611443,14.6962303055507,20.5062751222727,2.3373828385124,24.4576833977144,21.4730384541322,-1.42257121621489,8.72304552309908,-6.63843647710966,2.83819918089128,22.2837217785947,7.31365015920776,13.4638316074803,-2.81544975767303,18.2478125009043,0
"109",-1.47923857426327,4.51247728909346,17.292423284035,14.1687494947997,-0.684574895046029,15.739999992924,13.9335749802416,19.9741149318145,1.02349475949317,24.8661100856417,24.6178464496722,2.65568996474344,4.79484355320891,-6.5211681174518,2.6874545685251,19.0867971878289,9.82905187647266,12.2679349926149,-1.61682664035271,14.2238462390095,0
"110",-4.96320740330193,8.03983635471084,16.1881510142563,16.1986599652819,-2.3084577221269,11.8285627868746,14.9903283248746,19.7731544845406,0.83695329207111,25.3316519453775,24.6331359366837,0.671285636806807,3.35470588366054,-4.73689913965254,1.85850474577397,20.4455862164174,9.28493692589949,10.9116311954641,-0.714507157031148,11.9278667087283,0
"111",-3.59129136393525,5.74976889222183,17.3559692976755,10.7815615909194,-1.28648974860742,9.5246062608024,10.4272726825517,19.4646025676128,2.02788288668322,24.2737923106398,28.220866360834,-10.1433603376837,7.08535127146614,-3.64467255672175,7.81944841114955,20.9609922274286,6.51809954883143,16.901988366252,-2.57702292666697,15.4834390751747,1
"112",-3.09057557044002,7.44283083346506,18.1464033461204,13.4612219486778,0.687270298649055,14.4289827566508,8.68012425597357,22.3179411687657,0.857195150997295,24.2434202434857,27.3903640329402,-0.324656118320094,4.39982562138514,-4.53916881907873,1.10484653000027,17.3144888774073,6.07546337922905,12.4231309374691,-3.15028259010606,13.6738796768536,0
"113",-3.08272395589678,5.43512461362202,19.684860984103,11.486933960274,0.332541513171327,14.5853196816431,14.2197925675363,22.1071232113861,-2.2714088580795,26.0727304378449,26.9102008437973,-8.24546030027363,6.08493746543885,-4.76656672189936,4.54141308926097,20.8196273839296,8.49853307532567,14.8258341314302,-4.48143585293598,10.1589980665644,1
"114",-2.59201485606773,6.8593773838222,17.2780662783843,12.8623891768659,-2.462624844049,10.2112998731679,16.1597301665013,18.1415010760916,-1.04115160054373,27.8757731549729,27.8215569437067,-3.85059237335536,6.18095347882767,-6.06817096741368,-1.79906503839936,18.1977115686516,1.51041538935717,10.7029468743445,-4.39479175899784,14.8052015539971,0
"115",0.0761759236621291,2.83104319405793,18.5301514140661,13.1549187785635,-1.32663053275459,11.0270743306168,12.4534097763208,22.3125706337368,0.409260890727245,26.2074291882878,23.0231496331409,-6.85730888182869,10.6062964977186,-1.84666949449625,5.51722284246098,18.5615394841352,4.77289723276089,16.0227479781801,-2.58198639727441,18.9240409757364,0
"116",-1.81506850570999,2.710906103992,22.3583293739458,12.6961482458371,-3.46363349993616,9.88101296424013,12.9710793477392,20.3471469322076,2.23851596761191,24.4313947543008,26.4895060691779,-2.84197264697538,5.95306682635844,-7.39695532745379,0.70109257236272,19.9978576865603,4.5239288410176,11.5413705264559,-5.697724437485,11.6176704661616,1
"117",-2.27498934688618,6.85359713907249,16.8229597924422,12.8471482378766,-0.240961999341138,13.9326472338745,17.6064481133232,18.5779348969198,-2.58455066160387,26.2431615485981,29.2855154279121,-6.36442591840511,5.94673809826013,-3.49604413418731,7.46835197978417,23.610578262818,9.6029457398132,13.6826473982396,-0.581350485628508,9.15040500355381,1
"118",-4.58248884347857,5.32514126092071,22.5441470742807,13.6352367954684,3.31167362612069,14.3513732655499,9.50439106940361,21.1902437586405,1.34665044188313,24.3685227496821,25.0124219631782,-4.20925212787911,10.4679720380828,-2.75081790566299,0.638221727610806,20.4933646371149,4.13599095224309,13.4193876295342,-5.64857708153273,15.2906826129375,0
"119",-3.86551610370104,10.942646354033,17.2805291736597,8.72278478274169,4.19293595415285,14.5437824712225,12.8188034475816,20.9901215555632,-0.0333835322314586,25.919790287392,28.5503615108317,-2.87972357760963,4.57342846357813,-2.37215843667184,3.96034856912819,18.4209484240198,1.3820218824421,10.6842443153631,-5.40933213901609,11.8183228485925,0
"120",-0.430723615903718,2.24335456047919,20.5576718644378,14.0127453890278,-1.9191184426214,12.9478470573421,14.6869441478497,20.2434247641773,-0.787871272020429,26.1366871480937,24.2289124187686,-5.51637581773508,5.66462609861602,-9.9834129621428,-1.55203384014043,17.8596746626881,0.613112348053201,13.2513640135423,-6.17207435645274,18.864489240355,1
"121",-1.38962102780017,5.34636141338786,19.79232894937,10.0747688162666,4.02971453646578,15.0818782485162,3.6633271774629,22.8401331254388,0.159537129595068,22.8509193542574,26.4181261138324,-4.75502612944437,7.8299492284971,-7.9053271901503,2.00746494677424,20.8211530074597,8.0659101482849,11.4002582440901,2.30775990446365,14.6219200815781,1
"122",-1.88682163800724,7.13619399402603,14.9568937360672,16.0289649656438,1.89021237448586,12.1576746627412,12.2775940258526,21.9685981435549,2.65547090816285,26.2916627242148,25.8908029469916,-2.60489737626984,9.89136628353411,-3.88141078179388,6.68197787822822,21.8923709875537,4.60938763259138,12.6645059600576,0.80547446781657,10.800870496358,1
"123",-2.75245552989372,3.45565427693906,20.8972997281575,14.7086223200082,-1.50773139452535,13.6821351476893,6.57563080230101,18.0651718227628,1.6954981249202,25.5046370085091,25.6937499884708,-0.914733069121305,7.72841496614644,-4.92811435962646,3.17383789088112,21.3175473132106,2.60605956160574,14.7209424466659,-3.39847769304064,11.4246620980987,1
"124",-1.19246725817287,5.81850166785296,18.0624677346243,13.5549932390351,-1.62920016369021,10.1801071004514,18.2883355085021,19.8532204790969,0.0770994786088837,25.7076888056556,21.8012514857058,-3.4315994714688,6.86793379007961,-1.48792323429925,0.391931559212901,19.8240384577733,4.63818003805432,12.9178931580924,-2.55068865841185,16.9953746323031,1
"125",0.0389807053189997,4.65214482256232,23.7364903499491,14.3098893641825,-1.98510926953621,15.7828250218327,9.1824660118911,22.9196230043301,2.37761295960088,22.8979192435122,25.2056091611838,-1.98503655601332,6.33259540087453,-5.9051323927769,4.17792233035863,21.3786270560378,9.25607364840062,15.4503232175892,-2.36846433743303,15.369792703378,0
"126",-2.81906534339136,5.08918719823306,21.1308660301602,13.2096377339294,3.48320120330789,16.2538398592878,13.0275369501212,24.7942948991941,2.74337507899696,23.5149954424714,25.359656927476,-5.27180944355318,8.06756391634072,-7.31627368809395,3.35534425768771,21.844447036565,6.67785020143149,12.4089500973893,-2.62132660427976,12.6811564589308,0
"127",-2.62075888109193,7.55163410941831,22.2188180536844,11.5129804838531,0.895467237138899,10.9916555643183,13.5098109328639,20.5306113654343,-1.0940943799612,26.1120659797246,22.0784809875436,-4.69986641663968,5.31046273729217,-6.34985410229573,6.60461692273849,23.9881274617313,9.57575968533064,15.1118698816341,-0.0626105629018809,16.7518635761508,0
"128",-1.45568720740546,0.813805449162686,19.5579627873098,15.3694325544745,-1.99545431964412,12.2801657527012,10.8443105256242,19.0718328690228,1.19931180180297,24.6163937839771,25.1432830944839,-2.0692283874047,6.09511310115798,-5.85464665890082,-0.0249253840440695,19.5509033056064,4.29561923447342,12.9205887164962,-3.26794969166882,13.5504474587394,1
"129",-3.30064664810855,3.55984893890793,20.2701377934271,13.3180723382356,-1.19663962488893,13.4220197033574,11.9258853973343,20.6027862032491,0.439129657352651,25.3891981161203,20.1513847484962,2.19537524727423,6.96328410591229,-6.00415215624414,0.452597914327106,19.1590125750441,6.57382427908504,10.3379127062988,-4.47448790043013,12.0197820104466,0
"130",-5.20217689260901,5.95567175553804,22.0115203264084,10.8425069923269,3.40324124151378,13.8739412692413,11.9439914529457,20.8170580294184,0.434133550133125,25.2752501828814,22.7213745666463,-0.724517926226456,3.95972453681072,-1.85387272700082,5.90431684195797,20.8081666743873,7.68878812323292,15.0809121793624,-2.88054680668785,13.5559416733042,0
"131",-2.40111255148699,4.01258574998565,19.1187532644183,17.5773838408611,-2.50462688217712,15.439807202085,5.36652772231212,26.7922701672015,2.69143583835784,23.550991062561,24.0309739413505,-9.66812458926212,5.78177464445632,-5.39675502185577,5.27312712002443,18.2165566533017,1.76308121372392,14.6962475576889,0.0905315147393089,19.4907466700257,1
"132",-2.78088924584839,6.97356956393647,19.766856403307,14.3784942794407,1.32550958311039,9.46547404730891,14.2256249594588,16.9517527397351,1.02683494550047,26.6756266577284,26.0860106069047,-6.17897560697803,8.12747919105893,-8.86886164289046,2.82817921987237,18.1358919413949,2.90573977788643,14.2118844623027,-0.522200505523018,16.0505528119523,1
"133",-2.95247048694824,2.35433900934401,21.6692957689891,12.5683592202319,0.732369299466305,11.8334219397995,11.7086508351349,21.4020232600952,2.53779315472261,24.1069056519617,22.1552251722153,-4.82876174037859,10.1095611893549,-6.32150026273876,2.83169719281186,21.638144601363,7.05473046795579,14.5566755625373,-3.67395102819073,16.6781520378774,0
"134",-1.22834811178247,4.27337007873069,17.7409788649627,13.7346990013815,-5.92378769121302,14.0074643854505,13.9965364889763,20.7551907902598,-1.46891350694299,24.1108466616145,23.052849798976,-4.94718514277537,7.32950412402598,-3.08127788164349,3.14825488420882,22.6118299480895,7.91319570189992,13.332725945765,-2.15193325156374,16.5420583422115,0
"135",0.791623442396552,1.30063930109518,23.3116944050138,13.8822540986857,-0.258098073364367,13.6154078394819,12.2858240245622,20.9598553313395,1.21996589533143,22.5360861426979,29.5425617851849,-4.53189710381112,6.23708716103649,-8.07296218596159,0.717935346574009,18.545970346323,6.5324334808481,13.7471182363402,-1.59052744051362,13.5874113930211,1
"136",-2.43566778836687,7.38852695145559,21.0637549788243,13.2115872288932,3.2168743894699,11.5280594410134,16.708616975762,23.9778456982401,1.43055640724369,23.3642764558062,23.5334432812456,-1.68099713758309,8.95005165182812,-4.0722783518001,0.76370560716012,19.7556751222111,3.39121769853611,12.3980710672311,-8.63537074113665,15.4706660249596,0
"137",-4.41143786241919,11.7560538945102,21.1209876598835,13.1004700828052,0.951540138809734,12.3544584230845,12.9278415599781,20.9018295624594,-0.0997632157023238,26.1524401712698,30.5452218216172,-4.03904648395156,12.1956690848921,-5.18024027732077,7.37204841348168,23.4176689227277,7.92048786326735,8.06646286306992,2.33277739378254,12.693212827789,1
"138",-1.76149360125466,6.09926399869629,17.7823236764419,13.57832343757,-2.06590426581577,12.5647531355541,13.5144058822355,23.0838309528771,1.98985216144198,22.6412556737211,23.0776875739606,-2.75374724981303,6.12378193110138,-2.3670173796768,-0.915728129836277,20.8196036392135,7.94033123685594,14.476603948809,-3.17063245009204,13.3885371755007,1
"139",0.596334918086115,0.932345456720813,24.4645922244106,14.8430401326929,1.83948313547945,11.7826279894393,13.6523078085676,19.6626491152877,0.218725023700071,23.6104569392578,26.2024496270641,-4.96009225750193,4.93568911755895,-10.080553470198,2.07584935503948,19.5562031576426,0.314458283319843,12.6404799430011,-3.77980549473807,20.0075743262059,1
"140",-3.77369103012356,5.5627478210372,20.0408322211693,10.5940238784631,1.04541118499997,11.7621022057316,10.1878354407003,21.2995127128844,0.0621431226487896,24.6859618961768,29.0829115580133,-8.68128841018587,7.88695148699913,-4.18692616241065,6.92466691696837,22.0981615066727,7.32063733971068,11.4509486765219,-0.867821463990292,11.8896682161487,1
"141",-2.69434229078178,9.14680671815595,15.147695276748,13.5141508389906,-0.53497517272351,10.4673787193858,14.2816939923201,18.1347388639176,1.74510797514171,25.7957123921166,25.7026833940127,-6.13512447047294,7.75080489194908,-7.41950258463245,-0.94946017668846,21.8033097828372,7.82487005967007,10.5400085090753,-3.07421590142042,17.6015503649178,1
"142",-3.20549606731483,2.33606423799153,23.9485377686005,12.325925855577,2.5780960600471,12.5118951898739,12.8930164629395,18.5697516224693,-1.99539848848507,26.0936619529961,20.7484954711199,-2.44384324133581,7.30490561020202,-7.41258109983882,-1.64264994868455,18.6150162015565,3.10795147848582,12.1897727348526,-3.8822858368148,20.056236747214,1
"143",-0.0404030864162621,0.47455136598058,25.9657055822835,10.3217516239892,3.3694570437866,11.3201474549394,13.1030954942569,21.8175859403813,1.53811270858055,25.4214043025006,20.5065869035516,-4.63702816268131,11.0613018373219,-4.6638889033552,6.45060104309031,22.8020240822389,8.52729569085314,17.5947349098115,-4.15505446836486,20.5272685912279,0
"144",-3.8586623884092,7.81592594043827,18.0451161260443,12.481003346588,-2.51241704945361,15.0031038719997,9.71961545319431,21.3981173141772,1.79964729789668,24.182317445844,24.4598728431196,0.0429709394321374,5.56935146615434,-6.82026465311885,2.57348254580859,21.2731715362421,8.74852113965611,10.3577492269439,-5.88242913837793,17.7169352357541,0
"145",-3.06363602550618,5.21721515284059,20.9161461906111,10.284044946815,-1.199389501559,12.477058696815,9.92317791150887,22.3245437223182,4.32124343217954,22.8773044594812,27.3158711932805,-6.17715334685314,7.39498988305153,-8.4724421251371,6.14000587032751,23.6518340458732,7.24461398392032,13.6387144257502,-3.63504274566447,16.9663037345709,0
"146",-2.887522595435,4.19265249941527,21.1348765518399,12.4802930981063,-1.61753087670225,11.7890549108818,14.0712411923852,20.3071341467049,-0.232664199147239,26.9656428265363,24.6747298459147,-7.54797674212963,5.68096389397078,-8.51173739920981,1.57496846811277,17.3948441593727,6.93339696258742,12.7821470189831,-2.70440208744941,17.3331336245597,1
"147",-3.77410802087915,6.52549270088854,21.4184264330353,11.3046085386175,3.38404923547614,9.47931566761402,12.5920569498867,17.3918719170294,-1.16268734283646,27.5659588036898,24.6681033661853,-7.2506370860543,4.89510440873456,-6.27988632947023,4.60815920178255,19.6741709463194,4.11459750387862,13.099843007093,-1.85700899439193,15.8175976490265,1
"148",-1.16840820511488,4.13896580976726,17.180391880792,13.099862867343,-5.74607569076909,10.193934441751,14.8319565250728,20.5278052277044,3.5973889570253,25.139692684403,24.0949931678002,-2.77219742363056,6.34256504914069,-5.49674511210314,3.27475575350147,20.1501760252441,5.47035552807375,11.6999955290096,-3.58553829528097,13.8821314770963,1
"149",-1.86201294757758,9.57687723174753,18.8453895943145,10.8212514395436,-0.229492003472811,10.5564257359205,13.1164814017449,19.9435596106804,2.43948494116961,24.9315069178514,18.1120424701248,-2.76561489116101,-0.374045150342932,-5.75471808539827,-1.42724039442047,16.9375164701101,-1.87146961760321,20.454768982874,-8.87977663896522,17.6064972873531,1
"150",-1.76546345397972,3.55326858273797,24.0316402997891,9.28414008718312,3.09602578036466,13.3386311497033,13.0247674111823,19.7222650108321,1.29677094641179,23.8013023655647,20.9420005710379,-1.9025063929263,2.41780444241461,-5.3186433525416,-5.72696060401348,14.4564967846334,0.611540702281957,14.4449403627969,-4.62292970316024,11.822480545534,1
"151",-5.70028630592256,10.2300517981425,18.6831244786716,14.6579754213504,1.92506983276377,12.6839688225538,15.4176312456682,22.6162043072799,0.0276830201527167,24.1980701934663,24.0057702151091,-4.52994405254039,6.04884232137838,-3.64390633668832,7.14682183200661,21.1247738915019,6.67819797595889,15.2362892481438,-3.70630628637122,16.3699102873974,0
"152",-2.06395201500684,5.89235637256816,21.2345556958374,12.8205586512108,-0.623702940198159,13.4014148933356,11.9776291159029,20.3525823192138,1.15770409162623,24.4967568521625,28.9473999621377,-5.46859198829376,4.89379706881496,-2.99211547947318,2.27106588422596,17.713745828387,4.2409730182874,14.2614483264112,0.690953488369122,15.6776745141234,0
"153",-3.04450601986111,2.88142733288874,21.7957198368722,13.2539461284872,2.97799101921055,10.7377662313722,12.8788628250094,18.883453868131,-1.52387378258466,26.3311258687802,27.2651012125344,0.245277520456168,4.74286638675277,-4.63178195273722,2.60128264547734,17.1413600666614,7.12307198137404,12.6699760077644,-1.67775102363234,14.3047649589396,0
"154",-0.100892242948917,0.803691160149273,26.9646983243444,13.5341439519473,5.68531962534441,13.8322270844451,9.47776598011104,19.178167238703,3.04365296274383,24.8346584315225,26.6996405394062,-1.97920088052952,12.5924327316737,-1.39061214951211,6.70377393710457,24.4762440523493,4.39310716648151,13.8413869603967,-1.95957756603623,11.4907658287012,1
"155",-4.29270430644426,11.5813486466944,14.9870838029408,13.8598734430817,1.88153357016582,11.760572575905,14.0815516312744,19.5396658413457,0.454749088625342,24.8832211532876,25.5975173541554,-7.36024287048548,6.51026610875318,-3.24410146320667,4.21427865479107,20.5385962738589,3.58046930705978,13.5569533278897,-0.198413651170823,15.7219687216243,0
"156",-1.23921237090404,4.71253947191672,18.0874225478289,14.8802823477954,-0.972694890937503,11.5598573500691,16.9365744907736,21.0745940854765,0.280297934314471,24.1050144655909,25.7424042245895,-5.32570258651095,7.15119442092851,-5.3468237629757,5.23132454704279,18.7918277653336,2.38191688706343,16.2685166960623,-1.50436614262302,15.0485628808561,1
"157",-1.00747273212237,3.14051019181063,21.1850717848204,11.9222285789163,-0.616583429871998,10.035762230162,17.4807322851079,20.2220011877587,-2.20286855484606,28.8983865415724,23.0994896956477,-3.69703058942163,5.42667338135759,-2.18961423546713,2.68271235247031,23.6833794608163,7.87748566991913,13.9627001120785,-1.55196999068158,14.9836365859322,1
"158",-1.55451694178801,7.36337784549859,24.4720261366793,9.46544272278553,-2.15699049970209,11.4360265026984,11.8899878519299,20.7039086940456,1.41669467798034,25.043976361525,26.6271172002406,-6.13194454567665,8.62760353394491,-6.78910869709562,4.0130106493417,21.0637541513218,5.53209539198115,12.4044952206136,-0.95490871294063,16.7557543648302,1
"159",-1.35702783510692,6.09169335680801,17.9945742986279,12.5405862401148,-2.73708790575392,11.0790039513699,12.0058105665173,19.6092568010173,-1.74404090146272,25.1521705627745,26.9478503799092,-3.79538168690517,8.7638949913845,-3.56744591000866,3.57042548503006,17.2768284583812,3.92724242137011,12.3908812114905,-7.13233596359421,15.384704256071,0
"160",-3.59673278940035,5.92928564172479,17.9304471675168,14.2848296334129,1.14434582728171,15.0287493804925,7.89063537616296,22.2087658732162,-1.34944454704592,25.5086788203666,26.7835792350209,-9.70782179961171,11.6502496694214,-6.5503420414733,5.81111466431488,20.8386359547235,4.48884386000368,8.81286642293776,1.57455076933806,14.7185267760812,1
"161",0.758033609275581,-0.949099177554765,24.3112083910278,14.933714276916,-1.19947413278283,14.0872941480006,14.8331913607325,18.5811854231607,-3.20657244519665,26.1420652110317,23.6730701746645,-0.747839662256462,8.95921437083098,-4.54082768650403,4.50393306264241,19.0958897280287,6.85366916418076,13.9693949135727,-4.35964174928574,17.0367799494569,0
"162",-3.11896987839624,6.25297591124849,20.4835479493271,13.4126691339779,1.44756364983704,9.97700833178123,13.7734090628124,17.3073643574992,-2.75508111346147,26.9783484530733,27.4851080130183,-4.28743635628672,7.87127084009856,-6.65489666347594,1.74315571249861,20.7247874987088,5.68735679952262,11.3389480154771,-5.44449658642412,13.3707129099637,1
"163",-3.93520140994378,8.6030302366106,18.2792651627516,10.9156893976082,3.69695675529122,12.102305882617,17.707966264909,19.5387264888716,-2.9010719470626,26.3215309122881,23.3728281166188,-2.28343574506868,8.26633647795162,-4.28626786515777,7.00450574209117,22.3372433785485,10.6614554665152,17.3061632249361,-3.99436359640319,20.0819841268152,0
"164",-1.62375131153161,8.7266757847264,17.4654436193099,15.5089648055432,-3.56897657114365,11.4100743520044,8.38443607005211,20.2437194407507,0.976291800445553,23.0000920058655,25.2904907407129,-1.72066581621123,7.42142852412729,-4.83349261459141,-0.928322748705634,17.5269220898623,1.72786488201663,10.0879131077582,-6.74633575023584,16.3799904552119,0
"165",-0.0411341337213953,6.34954644183916,21.8554427391085,12.4385107409474,-0.683758731455631,10.7203239198375,11.3107461256015,20.6189816780169,3.78164601598811,22.9115977662773,24.3740490912831,-6.97875706227525,7.59343931943836,-1.09676097944541,3.88927831549352,20.8945174128421,5.62324263618664,14.9901681367175,-3.84772745444055,14.1976689628754,0
"166",-3.2842351255375,4.99219336081946,22.3036453964064,10.865806228488,2.46780654907585,13.4800731469434,11.1689386180254,21.0369306129121,-0.0632579608364476,24.2513528013752,24.4522516426381,-5.22475669580557,4.66388769390461,-5.07448108847936,3.14160125224873,20.5590906578067,8.72206729011825,14.7098940222552,-1.42746167984858,13.5775188011315,1
"167",-2.54015831648143,5.71346008093331,17.3641623421603,14.2929891147363,-0.199721235730214,11.1080109085667,14.5549689170498,20.0952760641574,1.60421893654882,25.9013215265449,27.0901312700328,-3.54240173094551,7.61324294078299,-4.85110357157728,5.19271010054872,18.8550628127638,5.4051196200297,14.8600733397867,-3.56167652943822,17.3369405688097,0
"168",-1.83626756274899,3.00625545761037,23.5570555831515,12.2035902994499,2.50346448836725,11.7537147035159,10.3912287146327,23.0648243182148,2.89501512684034,22.1088210559818,25.8083467544958,-8.62245786268997,8.57734098095846,-2.58764279954883,0.713889307086434,21.2776864351548,3.67779719223695,15.1054615182915,-2.87719046722611,15.1002005568481,0
"169",-2.35199348947525,6.4421988518701,23.3071878519168,10.6107805140883,3.67948181062562,14.680838670866,4.50437143783463,21.215838611765,3.02294050505664,23.4214444585154,24.6192185632721,-3.71593556254443,11.6534753593637,-1.56971496416828,5.67466530146274,22.1727095314756,5.92032179368264,13.8075571010554,2.09705344585423,13.5849900440334,1
"170",-0.125379031351005,3.36529572609314,21.6559876904856,10.2447103122351,-0.661079908887583,15.6441771360185,9.66495995049799,24.9217529325054,5.27652435289961,23.4536782462667,28.5305281827845,-5.92216119255326,6.35635136902587,-2.87868439070124,2.3222875537965,20.7518365081588,3.61355663732506,13.167308939313,-5.64406787776954,12.4167981875715,0
"171",-3.20665298186618,7.99570017842107,19.9334568638188,11.5722705385025,0.271493597853426,12.3684436332519,12.9089721867814,22.4494184490517,0.624673963172655,23.7810772135413,22.9753161141248,-6.24366480479961,3.52841284125668,-0.572687340865424,3.86301387969467,20.9468626945706,8.03596928023625,15.3810235901063,-0.617462414542075,17.7041598372076,1
"172",-2.19413285213665,1.87289489360243,22.0699768239181,12.3761694138158,-0.611034223098178,12.4592451723724,12.4782728561084,22.1625157776333,1.24146512281569,24.077541111799,25.775233309738,-3.88947531312706,7.63774693398785,-1.33092690785683,0.0746575417538846,22.2666413941313,7.85203431564312,14.5388332834633,-2.9561655483612,13.3294559147898,1
"173",-4.05917220259469,9.42554986339124,16.8911422159522,12.9517803304119,3.88422412389027,9.95883904682569,14.0482158064778,20.1227849736828,1.24186533896328,24.369176939338,21.2014372265741,-4.19018252338443,7.20564292539951,-2.26885923698602,3.42363614707059,19.203974355669,3.56536303647157,13.7627850209563,2.00488634223075,14.0701961311781,1
"174",-0.660660198318601,4.65587029069241,22.3471079996922,13.7869664367296,0.241415696021068,9.83761930539348,20.3350974233704,19.5492916908008,-0.0850750454437923,26.9124455021847,22.1022896072205,0.847336399218134,7.64048363510441,-6.89596187267752,2.62143003075675,16.7406740218711,3.15001097299696,9.99622324751719,-3.80317285697761,15.2394641767279,0
"175",-1.41989115632951,7.13893925869251,16.3178567759339,15.3226744813188,-4.81542456962049,11.0032413873793,9.0286579654611,22.2532836543666,4.0024335873229,22.8062069922194,23.7000462954449,-1.98680766443004,7.49484581714796,-4.70180673039421,-1.34265449854249,18.7500517808981,2.17130479749628,10.1713801318662,-6.27939276752459,16.2935690597505,0
"176",-3.50082738867255,7.32686158918036,21.8978670433289,10.6061528016466,1.40294603976869,13.4308598968859,13.4987867594771,23.2237268017997,1.05749066406857,25.9291652897678,25.8926812961769,-3.07390744387309,10.9205484762141,0.387425542920367,1.40479139150273,22.9299564983321,5.83944674969499,16.4465163736004,-1.03507555724537,14.7911591194319,1
"177",0.617472449431669,3.69374939930282,19.4402347711574,11.7464266056531,-3.40532936516437,15.2874134244299,8.82789507043943,22.3612440280505,0.975099448088809,23.3974435869563,25.7383005582395,-4.8379840343847,4.81052216360967,-5.55122335123587,3.81278928965533,19.6548721823688,6.47492232398999,12.0664874540343,-3.36417044182497,13.8973017963699,0
"178",-2.11561722707762,1.15348113589924,19.6288888042309,14.0582695514241,-0.30536889580031,9.4524497737821,11.113984966974,18.3586077848655,3.85759730773724,22.7564473947313,25.4818734366708,-4.94576946139446,3.81367523298525,-7.02289349970403,1.6705922193303,19.4425346223982,4.48117218438021,15.012445000744,-2.4666712773806,14.3170050278423,1
"179",-3.08969080634892,5.24640796522915,21.4025250214563,13.1715795877736,1.63604710343926,13.9293976548184,9.33173895536459,19.4740068152845,-1.54284570179949,26.1591336736358,21.2015619325581,-4.89947908906491,9.20764155346707,-1.82680797498693,5.0445762023388,20.8405643044238,4.56441943226463,14.9074521937111,-4.56117021066034,14.1553837287941,0
"180",-5.433497564714,11.4310961576708,16.4316881115288,13.0981918893198,1.34389203284625,10.5799212990277,11.7683623766033,19.4633355592638,-0.646176676822538,25.3371890245463,25.0166931112497,-4.5103907743282,8.48315947498778,-4.89039501434034,2.72941997471751,20.96474701805,4.91421444317202,15.0517408416437,-4.46151057051874,16.0433363532799,0
"181",-2.36360751756501,3.94537851447728,21.6687816830807,13.15441832342,-0.575559119243974,10.5332968090065,13.0170862551625,20.0902598853388,-3.46825947149432,26.1518997645835,27.1650204702995,-5.9776864765168,6.72211109818875,-2.05270001650465,-0.658626202207921,18.112867960736,3.46064268346888,12.3051034422335,-2.42969075375493,16.7818020886806,0
"182",-2.72338972736326,7.34351389939576,22.2338902424192,14.0453735192435,4.28757556408365,14.6295821962076,14.551406644207,19.6665079604177,-2.19419897445789,25.0769547184267,21.6643247738665,-4.07182932227161,8.28518390320986,-6.31743352327602,7.17106712819595,22.511819833021,5.78910122623873,12.4557939663424,-6.78583082827186,14.4820394249454,0
"183",-2.36567520844086,4.64808728247345,20.662582306462,9.56670530690979,1.84985027331986,13.3046954770781,6.76883409440333,21.423426880015,3.43284805560011,22.5775288331261,22.751531173587,-5.81488557454757,2.22122730526496,-9.97783532278036,-0.242066302693233,18.2319177927127,4.52735486818915,13.261898123522,-7.79666853574257,17.3073120945553,1
"184",-5.9021089717816,5.69280136234091,17.3461662289423,14.1501087101026,-1.32205960900631,10.2214801020164,13.1924453542435,19.2906102189532,-0.322846136498965,22.9436094701729,24.543983587399,-3.51314054399162,2.90571232117422,-7.26688829107774,7.01213188955388,20.9142939865926,9.2036092894473,11.4148018786145,-1.74378719178204,16.4983802631311,0
"185",-1.32676021289102,3.73588511220617,17.9411543686288,13.9668646927039,-2.91915558409239,10.4765791135109,15.5262429326704,20.7931525338931,3.55539538070092,24.2110879926574,25.9180598541951,-6.424099394047,7.0852641195182,-8.12361930190124,2.85316058657046,21.5088862305494,3.67064893504929,11.2461550910994,-1.57800020309249,15.9357175449043,1
"186",-1.41389394646889,8.79151288618436,20.8577678176064,10.5377359247471,-0.372753002555445,12.4904416218894,18.3004942524002,19.9193627668944,-3.55317965481286,26.0824332790302,26.5169913074032,-2.86446462368611,2.89775008304276,-3.93145119771294,2.36104386614582,18.2066262698699,6.44233608808338,12.7078106794069,-0.452985513294747,14.4239087479905,0
"187",-3.98025350349304,5.78448579696696,20.3520707742086,13.9684320944702,0.0939476235486204,10.8389376258384,15.2706729475915,21.0991602924271,0.476083042385634,25.5279608225076,26.0590101019031,-7.38672347221547,4.69984759236664,-4.41906737064142,0.971690240286639,20.0934261385804,0.1536040442,18.3813727868809,-4.84191202541066,14.3253483306187,1
"188",-3.9296125631488,6.73207444897239,21.3477973584932,12.0692916336366,2.12851904400394,10.8301151742942,17.2618424049164,22.3418166983183,-0.792928526900523,25.7968162251559,24.9016484458588,-3.25383577141663,2.30459831689929,-8.93948447425588,-1.15780698606531,18.7838746789054,2.76640404580818,10.9164580658264,-5.14168762039812,15.5882772984972,1
"189",1.28924118158645,1.09044910496973,23.8745435399155,10.1312985963259,-2.13877092199603,8.43482808598384,15.43292026269,20.3853623132804,5.53361741673681,23.9378924615697,25.8779913935688,-4.93339763347113,4.48517487593351,-2.38629097487696,5.21215332859938,19.0959762211473,2.12926993399114,10.2061856360931,-6.29327477267897,15.6477334963867,0
"190",-6.9379687494659,8.08727421301233,19.1537936986628,13.4160809844412,0.522778173102048,12.2048666877041,12.1400208398409,19.1369185303899,-0.108278046084265,24.1710699684786,18.3884779459592,1.28426534634391,8.18984085993762,-0.883969201325755,0.82350641458072,21.2036625768461,1.61726861523635,14.7011154036939,-5.73201104847854,16.4205063063704,1
"191",-0.21714619764669,5.67543437002661,20.7819318988755,9.90164737082855,0.507266590431768,9.58905965517916,12.9679091540205,21.7448422486775,6.22007539649814,22.6937924556191,24.8371063599699,-4.7569779250128,8.78940485472451,-9.52871963905456,1.93220995237131,18.0218595944048,3.7224782282624,12.2854705552696,-1.8457563470577,17.9317489932475,1
"192",0.148348847974178,2.99715782789877,23.5738947651455,12.1548724365973,4.56084563139233,8.31977574538263,16.1899057807901,19.4114834150558,1.2170621633933,28.0305506504338,25.8624839171613,-10.5381471099779,5.92735713266156,-8.09192088403841,6.79130198472084,19.2339911056113,2.84112527464909,14.642698391482,-5.12732977308761,17.3230959110549,1
"193",-1.15877031239889,2.47836304534643,20.6335934434223,12.4256525376533,-1.06828697844358,15.5792214041871,11.9795362328424,23.0303921199609,3.65907858001537,22.6458498065494,21.4886370509576,-2.77761683938941,7.21385323897543,-7.26261984164273,5.05719122796174,23.2543238237319,10.2873405110483,15.7840067633424,-1.93146838653093,16.0098016926281,0
"194",-1.34228551307688,6.216399859975,18.9833025646759,11.9868374169568,3.8238226378781,14.658158094606,9.35216349069878,26.3127974224001,1.98560867436456,23.4916255190137,22.1539706418148,-2.28141577535701,6.55129640800258,-4.46763227724529,-2.87992985184324,20.94623154432,6.63063248775169,13.9204208247373,-2.6113798521725,12.2600357286779,1
"195",-2.49410717279952,8.22283713526922,19.4297809958515,13.0453163774656,1.88429078849123,13.4370256131333,12.493196193532,20.9042798113997,-0.454874761728152,23.7056724497071,22.1764671682941,-6.63983849683671,5.01884472026222,-5.72832185616588,0.984576220278084,19.4014630115123,2.81159520629585,16.6314929200597,-5.6533584238134,17.5724380199368,1
"196",0.645604072090355,5.24064489733937,21.932921834569,14.7626571230155,-3.40096841808874,16.0611766105296,14.1178337917906,22.2152911698858,0.573071586242102,23.593890056166,23.5794850378507,-6.14932599095856,7.61329004711983,-4.59260384713754,3.74566381075844,19.6792279885074,3.73245070840587,15.0557207344092,-4.25162433986041,16.6504162541954,1
"197",-2.41091366301114,7.87185494035541,17.0988206788796,12.5899597337059,2.86697726977859,13.2013268585006,12.1571327811334,20.3792894191593,0.240556781568656,22.9194952422799,22.3429501909371,-4.48505029451003,7.43964901829919,-5.62643448464695,2.17657035545629,20.0187676032746,8.28809608648926,9.05421689179806,1.00923687546008,18.8872575247293,1
"198",-3.76394996122721,9.51089644445252,17.8797290893246,14.4620529565433,-2.36419889557418,16.2028021784166,9.64764192655207,23.0812125277651,0.10465294900551,23.0018009937704,26.3866603908849,-7.88262111194346,8.71297288235108,-5.66396727835045,6.56954371921334,20.6930942706017,8.20346855208733,10.5775733014743,-0.597474560813416,13.0094473719455,1
"199",-1.408533463951,5.83011993000902,20.3477540855706,9.905572491868,0.889392652768225,14.8019171814356,11.0452130355473,21.0784922461307,2.03546060253852,24.4208171163907,24.2208137235374,-3.51024717483082,2.07994010487789,-3.34380131194213,1.92354921325802,22.6214510671574,8.50237914505174,11.2932325009176,-2.51254907343752,17.1545458170266,1
"200",-1.6027019875225,6.40714927728646,20.983578907543,9.79094003947104,-1.4693221786701,9.77439053236761,14.7832519040625,18.9602891619675,2.10773695725726,24.9956883455482,19.6965787624623,1.74282849442027,8.61356027430192,-4.52109459549278,-0.889874741276477,18.8299459802815,4.30325498569392,11.9442058453666,-3.70743561741963,13.1238829859176,1
"201",-0.0586385790047119,1.8037392070322,25.7092718723805,11.1428289923492,0.622780413053073,13.00659896604,11.5820015719573,20.3515022754537,1.63445642933658,24.4755059408302,22.9474418533206,-7.71129261223065,5.42979057928433,-3.2337870821563,6.10226174386236,21.2954209160332,7.43709629815542,13.876362687168,-3.07181351333967,14.552302782714,1
"202",-3.39474623840557,7.70132369259512,17.43591494539,12.528943772937,-2.69830810996929,15.5878127732751,8.399116986431,24.7257457383425,5.25826349324552,22.8629128220555,26.324646357906,-4.63781852604303,5.72204790569321,-5.95101833803518,0.741775087494194,20.0570174568559,4.63048460610264,14.458945042574,-6.36444916627623,15.0420326833327,1
"203",-4.59101486696516,5.66349140516303,17.3284315971951,18.3070518345163,-3.1499969798541,10.5892805421445,15.2140683974988,23.2098233853054,0.868959262536255,25.9463799378597,26.8724961637921,-3.28520813730058,7.47437007579894,-7.94658670330042,3.92668414832446,16.4589939782609,2.83944306738064,9.36063455298714,-5.8058092122956,14.8576618269811,0
"204",-1.45635854244773,4.78185921368477,21.4294060362563,16.2572823956289,1.46578392078871,14.3510344197588,8.78053582892409,24.5279451657091,2.45055661147433,24.8472271339593,22.8556719791638,-5.58066706508597,4.10792914895907,-5.39327053271352,-0.0435724995540197,19.8517394339293,4.34595930170529,13.3280664017847,-4.87285434719218,16.7083954983163,1
"205",-2.29126717962198,9.4144867261705,17.2873731603123,11.8435421371935,1.44953356732183,14.9513026944106,11.4939422849794,24.9078100059307,-0.758549602290622,22.2423865484944,21.807305644415,0.613421296830964,6.424126418318,0.0551809224936655,1.11181054191687,23.4291923271774,6.89896976380585,12.8480790027743,-3.50620066482349,11.743462874196,1
"206",-2.6967153391614,4.03307707437191,23.6893897422417,10.9774023408776,2.49292138571854,15.6065784087515,12.2517496751036,22.8599744370457,1.2224018519958,23.6521654562694,27.4394742806465,-8.93743860642965,5.60789274791162,-6.44072746441424,2.22797671386152,18.8376073133455,6.577737785499,14.4626124776409,-0.503283346290265,15.1555194960034,1
"207",-2.87391387211016,7.05545780281792,21.3174946482364,11.4282215488351,0.594707289296095,14.1360623369006,8.95855781220134,22.7217127994142,4.95262123819819,23.2455603220126,25.1649688145127,-4.17495798598869,3.82202865762135,-6.92284180866755,4.45408899722169,19.6207348800595,8.59730275504521,10.2345963902344,-3.8897777703026,12.1613025014648,0
"208",1.23013324055367,-1.12003382479873,21.6087873895017,14.0776896850199,-1.60967441110142,12.6983877584752,11.3078363721777,22.0963712694399,-1.35000123505632,25.8307748750267,26.6215971836246,-4.21311038191033,5.39761653206018,-2.69997234618944,2.98416371006257,20.5802960949222,6.86662910494774,14.7218636585409,-3.64011397251552,15.8210278671988,0
"209",-0.808175980111463,6.49488930859904,19.2895927635142,11.5689721922965,2.99618203560425,11.356522207374,9.99037807737007,19.9292620237448,0.31086736451346,25.1274310650457,28.4822565424211,-6.95416201293419,5.53119370559198,-2.01927949284921,-1.17672038453496,20.839052759507,2.96979985497253,14.99161008987,-4.19649194101827,11.4843695053485,0
"210",-1.93249158189471,6.73840449547943,20.0365193224028,13.4416767492443,-0.383547418782095,11.9868040660007,13.978243439019,18.7221308012255,-0.13909142612894,27.7874464621648,29.4939401723726,-10.379557742208,5.38027443645482,-8.27696030822402,1.6081290647069,20.282817806189,5.39605171046278,11.9523863286617,-4.81191908742006,16.8414989126893,1
"211",-1.01155707772868,6.5224460706843,21.0304139003009,10.9720349219106,1.18985815278648,12.707887780373,12.8673161980712,21.1561628844919,-1.44124692403174,25.2153452671664,23.3768268236055,-5.79253432913086,2.64122921116669,-5.17456790797909,-0.467176947470277,20.4390334744858,6.55133203496285,14.590164949599,-5.47378383581349,19.6854889115467,1
"212",-1.58815667301596,7.71897226186787,18.0019024171461,12.2913493200579,4.48065007032543,15.8619335362437,11.3851364651705,22.4028636095739,1.29332265806094,26.4808637219297,27.4221171393404,-0.830981261035493,9.10388854218742,-1.77278679764221,-1.32416640709145,16.9663910836511,2.15331909712509,11.3226511433582,-5.01024501299841,14.1719124169672,0
"213",-1.3014206287485,3.5240490917002,22.7874434745432,12.2887538405634,0.754609114746791,11.1259705137368,14.827170383262,19.3702915613016,0.472221078809341,24.2402212231331,25.5649012215575,-2.62610905420615,4.50397634507101,-5.38929894521054,4.37732021219978,19.5365413307658,10.2722243462538,16.3066165213112,0.851459452888083,17.7333176913953,0
"214",-3.16156229571537,6.68084483610466,18.3623754931185,13.6960225023366,-1.3827557932527,12.2558688380968,10.1544633947322,21.9195793068243,3.64674419216286,22.6913827300869,24.0980142148584,-3.16591360104979,9.33934718747246,-1.32383398018833,1.00383774995179,20.4762616346727,7.7543930610061,14.123791315004,-1.28928325238462,13.7725477707791,1
"215",-3.32502691366091,6.97376517244058,22.4254612601702,8.2687311887407,-0.830347945063657,16.4256578401736,9.59978956123117,22.2174997404859,-1.20632479648499,25.9272999837449,23.0168659021018,-6.33291785140413,0.280728297438408,-7.29874449396919,1.54909334640298,18.7887912398756,8.85297646806892,12.1840304253154,-5.38890167373863,18.5027535516199,1
"216",-1.44753901031041,9.14956069809396,21.8417659567862,11.873644051627,2.4940642351808,11.8079232621839,13.5269438905808,19.4899269468049,-1.37632021726203,27.6160566611712,25.7649600464932,-5.52562110493599,5.7681231360283,-0.176031400516044,4.40388987431482,24.0011081696691,6.4758983049314,15.8278947751402,-1.70847298555346,13.2855308584796,1
"217",-4.07204844891513,5.43269432172015,17.4560173795941,13.0946181319408,-1.58027793966713,14.0290948308387,15.9609500297416,24.883975256752,0.829326895532078,23.878301299318,25.4381880535502,-5.00977408282419,9.11212254730957,-4.6659327671968,4.02303454998957,19.1354644665539,1.78349611979172,14.0530336086404,-4.57619821407011,13.103027248372,1
"218",-4.80636237519365,8.86634865912583,18.8466953244106,10.3388689696501,-1.8030307242091,16.349181131402,10.2305759799398,24.5867412894082,2.34002167241629,22.6103351390114,26.9295093858543,-6.5983150220008,9.81586730299359,-8.98231784401449,7.04342325261569,19.0691331032619,6.32475348152391,11.0297008043402,0.180860686044547,14.3737495006033,1
"219",-3.48049867879792,6.17512562950359,19.3865426376637,13.8486038742875,-1.27025917021237,11.4293231337959,15.2552776874035,19.7198713637514,1.6894772776434,23.5342144661199,27.0164864983999,1.59764629207102,4.8784049002914,-5.68358382185397,-2.38797364307918,18.4697847378489,6.48565147372207,10.7209688594075,-4.19517332029053,14.0011612369318,0
"220",-2.66708450789767,4.23578416181081,21.3825028823211,13.3589448835049,0.280151430832844,12.6663552789218,12.0413168444741,24.3377107117073,3.87491349668896,24.3422352862556,25.149199863256,-8.54405650117088,4.58102623107754,-5.1680573840179,1.31147883630148,21.9653120961035,6.17030910577861,12.6394047749052,-1.93047723341352,17.3505575991981,1
"221",-0.135637448606139,3.66934942806291,17.0051620432013,13.7430490727994,-0.947798364683594,11.8885198093359,12.6977904020726,21.2983855024256,0.210670342694654,26.5718613591759,23.919769942838,-4.09771743962606,5.0910374403971,-3.90006198781481,4.4984910319493,21.1550710900381,7.90644019571076,14.5472734644229,-3.44908373839554,14.8035621605575,0
"222",0.377166779307538,5.37913696909391,22.8839377854159,12.8835834779697,-1.09677085866195,17.4834067210721,8.90246172056208,26.2041342109405,-1.38813341010779,21.4704796066328,22.5699039427318,-2.96871779916641,5.40479885621216,-3.60104172153724,2.55159051521442,19.1812958893422,7.05240157161497,11.8602388405625,-3.13546769524614,12.2580125684746,0
"223",0.192872063683731,3.2510260684735,23.8762744674497,12.1552532900948,4.31177774284121,12.4412596917711,12.4052107342294,22.5751690017368,3.21047791443657,23.5322836204791,26.2892195502209,-6.70691097493323,3.54894596712256,-5.4581397508174,3.28962525509113,20.0961410964496,5.87200252061225,11.015589800136,-2.42448922124223,11.1402402266585,0
"224",-1.41317502003997,6.743699659014,17.5188852010292,13.1296360252688,-2.27307563783209,13.3259609978043,12.8965713174714,22.7218602527528,0.0562593158181255,25.5061959694283,25.297088513794,0.0408667241325662,1.65360353570329,-8.77700261209846,3.01336325128987,18.8865807535771,9.44457500296958,9.2417798124046,-0.904984258999876,12.2999983600669,0
"225",-6.35111972461986,4.78737794356076,18.8936626169341,12.0694595147852,3.18824368198507,9.69095266148665,14.6384481331189,18.1150050931826,2.69946558487271,26.2157857077088,23.5346847636309,-0.618294313343255,3.36112941090359,-6.91391105008312,7.06732672222843,21.4371887531484,11.2288668732553,11.7363709679606,1.85853591468624,17.5032487337131,0
"226",-1.63576193438703,4.56576717672729,19.2199050869513,13.1057808552026,-2.45039324954284,10.464819909777,11.7476591655881,22.369450731861,0.114947969809321,24.9556350479893,22.6162060919208,-4.30533660055074,7.14215164688844,-3.88768046608842,4.95181701482287,18.1734452098822,6.7696046819278,12.9719055481949,-1.25775387976097,15.8985061711261,0
"227",-1.84443660683584,5.87396703218253,21.2414266559305,10.6477151970321,5.03125101839673,14.8747452291091,10.7769677321552,23.9005196514499,1.01322714409204,23.3995360549717,23.8602290379594,-5.93301287770631,6.18009928220552,-5.38293118160961,2.2286018534227,18.4412250950589,6.33318803717912,11.4628249597313,-0.753855642160206,11.3504271002299,1
"228",-1.9171636218053,4.00104302242234,22.5763498358249,12.5663880130411,-0.536911710545481,13.7572403243421,10.713803046852,19.6747236464431,0.886127864564485,23.0534122635391,28.8326191620173,-1.27335032845434,6.1909343854951,-0.480291375153159,-0.473244930937412,13.7101898375378,3.84145172785678,11.8660467805699,-1.54675867228229,14.455051566664,0
"229",-1.42998439151435,1.48414741424927,20.835627104646,13.1928153689264,-1.77839464151457,11.7084476253169,14.9534921159989,18.7756331728869,0.88561633492393,25.5681832879037,26.1057552489517,-7.24795340258516,6.65050965802527,-1.45895578204851,5.11034279950123,21.5031807092729,7.08210248441663,14.8735478843874,-3.2790972055146,13.2759665947533,1
"230",-0.341804357804328,1.90375027973336,22.9639994714159,14.242493116777,2.03008314512769,13.865927374874,14.0145207245786,21.5968734712904,-0.490237660691736,24.2526266285957,25.6578233057756,-4.83411356120187,5.54195622067205,-6.1300976280083,3.43611856812681,20.2085753565226,4.60422709640049,11.2060392378202,-3.68401988751885,14.9568868596858,0
"231",-2.19213495637059,7.35710014316858,22.9378884335562,10.0492604434309,5.18701009869773,12.9711070257105,15.4146749129074,22.9766022528549,3.43638239911208,25.3826364960335,22.0157434052191,-5.12772164292217,9.42243516634436,-4.62098588959816,4.35853446078901,18.358212168601,2.05245504397113,14.5468927263856,-4.18256354905851,14.9932548170953,1
"232",-5.44193335972033,8.25313726728392,17.6187801001453,11.8492412459873,-1.70172979769169,11.7058324264302,12.7402057325107,20.4935384997519,2.96502539311021,23.4205547323121,29.9212187802537,-7.60393271817967,6.17167386507914,-4.08425588986592,8.85631584974736,23.9174440206789,5.78686880212372,13.3843342342704,-5.94243749674923,13.4997203789861,1
"233",-0.866366834255402,3.8892091702826,24.3978137027111,11.3355990395593,3.46998460017913,11.55633845902,14.3650768759366,19.3266679505471,0.461822713651374,25.1632995614579,24.7660889197862,-4.39211981227483,5.68340433766869,-6.31587539845936,5.41124066943829,22.3134478929856,7.78113408793182,13.3436927300526,-2.3816757415167,15.5142940001767,0
"234",-5.33562391975352,9.41285672552638,18.7382751842972,13.9051660051441,2.8556784340367,13.4429791537005,18.2875650277814,21.3002428450224,3.22443405027852,25.4986235411725,23.4080410585683,-3.92808259194207,5.79590932152645,-4.9473061202773,4.55206673315525,22.3943540585858,8.36847951340104,14.3333893065019,-1.05578950824455,16.1298775029805,1
"235",-3.93937472724767,4.44917972178768,23.6550069306207,8.09520511441036,4.05953260446339,13.771353508247,10.0301972261771,21.525666951676,1.92125254920353,24.4980697009318,24.4201679000497,-6.69747222636573,2.64181439866822,-5.30870886736628,0.231790255643547,18.7434530333719,4.30216379390898,15.7481100255381,-6.85586134106652,15.2675686362813,1
"236",-2.58622913215759,6.2815833331138,19.0578393418268,13.2164267669934,2.93662421991677,14.7205000198342,15.4530137127021,19.8835747839753,-0.728436394004684,25.6799575582663,22.9346277986327,-6.38825034871171,7.76440805409342,-6.08025995880462,5.10948205642025,21.196548465192,5.28973738295765,13.4934167493559,-1.2416358738112,14.8936815000577,0
"237",-2.791525999726,4.69286143013788,21.3855431055839,14.736921614261,-0.0485056128078178,13.0951661964265,13.1514093826636,23.7493800035509,1.75082217060572,24.228790458357,22.8719753044676,-3.16140705058486,5.85465786712693,-4.92339912722796,-1.7479763924688,19.663600833675,3.95015278643746,13.6704430059775,-5.08854373182679,15.5603093492383,1
"238",-1.20145153501121,2.00042714487189,21.2188674813428,13.8860579217842,-0.796426042035311,10.3902042596639,10.6824268739812,18.4054513530783,1.40383207694078,25.4932309131394,26.1638709798355,-2.18220864686374,7.72169376837426,-2.67008255119908,-0.698762870127488,18.3788150744075,4.09296455218329,10.2121678988466,-6.60657204277136,15.2021045392481,0
"239",-2.94857785556178,7.87833902110105,18.8712421285746,13.7030908712395,-1.8803506877626,11.6779719168962,11.6389072208352,22.5663906764489,1.76529335151757,23.8653213192049,24.5700676215925,-4.11339206726342,6.20174892844298,-1.10660666950358,2.09433145335826,19.4954066734572,3.84109474765177,12.6970441516937,-6.48476670854519,16.7569874360334,0
"240",-2.25532332696965,7.47598273630788,18.9997666074836,16.1082321627867,-1.17300096065451,12.5836380811353,12.1336636507812,24.1049143773848,2.95567650488724,22.2041329480323,28.3937058637006,-6.84319303495733,9.9017459478121,-3.13248482630071,7.41507864634638,22.4524817254569,4.14074390391116,14.5642631705577,-3.73731062501379,15.0645354777686,1
"241",-3.52794861861843,7.0537765265121,19.0492654141792,13.7086569385054,1.81576637453004,12.1145938140115,8.39856291664015,21.6869648685734,1.78167770982835,24.169202187398,23.7346184367215,-5.6093377159491,11.2726265970266,-4.22745109373068,4.83537394020054,19.6807588989746,5.7144984290662,15.6654258947722,-2.09072874978085,17.7761094181165,0
"242",-3.71854849705544,7.35751077553912,16.7083937075853,12.1780079728562,-1.03850364693212,9.86791211605384,15.8595774421275,20.2717390397755,1.18259316445648,26.7667237430755,24.8821260947599,0.468312030386834,6.86948044012963,-5.07258819535264,1.95571244780472,17.9950217842664,6.24801433203243,12.8117199575836,-1.9646278342078,16.4593520903666,0
"243",-1.93273493823478,5.72441490410457,16.2568467658228,14.9293614084025,-2.928272864033,13.6515058746117,14.9947197730755,20.8788527378109,-1.18857620875813,24.8125491810973,28.6789566752093,-1.53827038236592,3.43430203433459,-4.71344829879056,5.16368562857782,17.6086295740011,5.79202980216598,10.981324379424,-2.33928287232792,12.8329660518534,0
"244",-2.21379339169399,5.34722976299954,19.4311515123113,14.960537636719,-2.52050652118511,14.5878361122654,13.9482180565147,24.0397846054789,-1.75745577058483,24.2624412537891,25.0184075520775,-3.07837181587312,9.28755773252555,0.0149131033741821,5.29458665574952,22.2861039802731,10.0874345172998,13.4160132373199,-0.486414511688514,8.84432497964017,1
"245",-0.400936970809921,3.01084928121316,18.1000116405031,13.6258604860667,-2.67283650324966,13.6351418933347,11.2471494316154,19.4292986501481,-0.347233564041634,24.8260218804896,27.1885124264853,-7.95317448629695,9.59950707831449,-6.32725782451822,5.11771452375106,19.8468250005536,6.75914600199425,12.9263100516344,0.956533363774098,13.0011565328651,1
"246",-3.03286697304516,5.62564105739173,22.3565445908398,11.102149532069,0.563821193713367,11.2853646677488,16.5763567199879,17.6172432901869,-3.15643535872786,25.9955835896249,28.2705343568524,-3.98606185863155,5.68340059944506,-0.685153265591171,-0.191806875255924,16.106417650568,2.32129348829342,11.1388985459085,-4.44067943557698,12.5302239967585,0
"247",-2.04977700918405,5.04477843651934,22.3634490151696,10.7073421647008,1.23573071500075,13.160208750461,8.92179008339076,20.446772405855,1.03552726760343,23.9594241294786,24.93941492015,-11.7031612912446,8.08726351106127,-8.8756578775008,2.79494331427814,19.8185838645866,3.78983783149317,11.4249663075868,-4.15577421008327,20.4455288313298,1
"248",-3.12634484369548,6.88512845845108,20.3223785239635,10.8780113606884,2.80969995858768,10.0468600804299,16.1889179563783,19.5259326197877,0.108576449399405,26.9495398357418,24.4023335769381,-4.91739742475884,6.53305015183935,-5.99305284538593,-1.45136952186878,21.0438585049885,5.62995912432483,14.2297170392981,-4.19851299312777,16.7901515415051,1
"249",-2.55842543819136,9.47593406598978,18.3935366728969,9.13479886841895,4.50269647964411,12.7077575886953,10.5279886402183,22.1739104550627,2.37705015555975,24.5696111522508,22.1862080277775,-4.06851696617843,5.80731231874824,-7.9564752225628,-0.267571719821111,18.8791356659192,5.52977686081704,11.4131574140368,-3.1640693794396,18.3854693360449,1
"250",-3.89775605540567,10.2558903833444,16.4529572361649,14.1011809183587,0.824380596403082,13.1410335177698,13.9271265968623,21.425047772152,3.70368820799962,24.2140394973083,25.2520117551773,-7.09206945970115,5.61654150777306,-6.27105381237313,3.36143820265609,18.6282150123739,7.15179758803783,10.6881881845614,-0.137549796179103,13.1892708997906,1
"251",-2.85114603667085,6.47335464087073,21.8819376650413,11.2470102631595,3.25983024343829,11.69143369409,12.7554451983054,19.8357555312022,1.18275757950208,24.7916838316694,21.5152556747391,-1.88482124119686,7.18876001138388,-4.58460014176223,1.3298887158889,17.9954877049967,3.68966768037063,18.1125116937582,-4.42099256260883,15.5786218001255,1
"252",-1.42738900430304,5.70469938857698,19.1496263314752,14.405402151547,-3.68718975258153,15.5015703231491,16.408181583662,23.2150404580777,2.30401388615498,24.2650414557171,22.827150324814,-11.7958243263675,2.38683506197925,-6.44254899910401,8.43978029505988,18.8296466501317,5.58646740128888,15.7798489376252,-4.25896097078091,19.8113617698076,1
"253",-4.47716469098886,6.49039856725334,23.1795740243104,9.64397637081973,3.57196227357515,14.1932257004473,11.9969481891985,20.7942496155158,-0.2604738285503,23.5584222579347,22.9031463828889,-1.14360670814275,4.4012207693276,-7.14684112787777,7.00466610133913,20.2660348786433,9.43320249374858,11.788923136603,-2.77156617687786,14.2175409795917,0
"254",-2.21537237804041,5.93186301517894,21.5596018666566,11.7906655656108,-2.67071812642438,13.539286117104,8.62101379562972,20.8048885153705,0.345028363338805,25.1085754654637,24.8676075850581,-4.4238112463437,6.77073218592752,-4.7871679867715,4.15757070740452,21.7924952583429,6.34376264424167,13.446895225303,-4.16255499350108,14.7223587826142,0
"255",-4.1999513398472,8.98399150767882,19.8727824777233,8.47425398216915,-3.78819927058208,13.5102874822695,10.9737719118084,19.9475280619907,1.68134090632982,24.950137978916,26.9093276966223,-4.85840536770785,4.64853435055628,-3.07361121257094,1.90905693516624,16.844550547841,4.11502439007785,11.1952403381663,0.161295784459663,12.21749589357,0
"256",-3.33144795227109,9.33412089909202,12.6955528712564,15.4233152071896,-2.68039265677128,10.7261149026868,11.7624598024814,22.2282017149246,-0.128760986498324,26.6991409912462,26.6080920695438,-5.90288739019954,7.52199412622899,-4.88314036304791,5.64827740204137,21.4599688744276,9.35027915522567,12.7797249516606,-2.03957045815378,15.6156259226428,1
"257",-2.17450051187829,5.8526659486454,20.4319114456091,10.8484255735948,2.32171425608661,9.92483793619052,7.54759654806793,20.3673398974297,4.74416659582836,22.9588320682978,25.0800205705337,-4.62468396073214,13.0475943519567,-4.60738294934168,0.693180738291411,19.7952328748744,5.50132272239613,15.8527444651556,-1.51010947081254,17.8849684273133,0
"258",-4.72130131189605,8.45133790425031,17.2638884110535,11.2292873769668,0.882354367635711,12.3506485261375,11.1245341023729,21.2273958329145,2.80318798504341,22.6765312934922,28.6985297262518,-2.89710668050062,6.48831765288861,-3.82639638483946,0.524536633427458,19.4944171611175,2.06266481053384,10.8112603468778,-6.92804810624601,11.8812397164981,0
"259",-1.75827671780544,5.05695460654533,18.000463614053,14.7157396666454,-3.5552876342756,15.6084673322239,9.38910281195461,20.6161209922471,-0.274346133293876,24.8306694271375,22.6649906299071,-3.98757870012386,6.24652238993615,-3.80729725870287,1.95098777534146,20.6144960307714,3.25272267426304,14.0124214698813,-5.51000995155856,16.7392797180262,1
"260",-4.40334097793246,8.86674234028222,17.5475870363738,14.8175828479383,0.740751832497586,10.8865614118431,10.4852841109922,19.0313689742127,1.91582418470855,24.3997575236191,24.0641307959372,-5.27017978139746,7.67876625016663,-0.91154401308253,5.70136018653047,21.8894098251962,3.68755279158355,16.2053758035644,-0.20531327036887,13.6677852996865,1
"261",-1.29583229045297,2.738993806639,20.8509275128162,13.0202353741733,-2.70207759276183,11.2244797533105,12.5204847461876,20.4151624210971,2.97057737182206,24.8626445178891,27.9588702647902,-6.23847842265944,12.5300309921075,-1.84730804872054,2.26214042820283,22.2309681864404,5.73862962062197,13.2472974476868,-3.26516608907723,14.2705522010314,1
"262",-3.00359431704823,10.504554489897,16.9779926076619,13.043529274014,-1.9962731540975,10.4085451323468,13.5565982782669,20.2780456210622,1.74154767964421,25.3063903493123,25.287865283037,-1.62822951230045,5.29990759877189,0.100303627366842,1.45246607666801,16.520507873807,3.90593585990378,12.8113472446525,-3.34546278495863,12.3617898676021,0
"263",-4.54344754293363,6.44553973514567,17.244471892633,14.4303879400799,-2.30680949786467,10.3190715166806,15.3626387570377,19.977323990563,-0.674911533257571,27.3326801309148,27.7689527476967,-3.70670458606744,10.9259081056373,-0.19323765084758,7.33451671342417,23.9087579105319,9.10439687948917,12.6626309558377,-0.0630802290310943,9.65729572126917,1
"264",-3.87223984789915,6.51841838443229,18.5990919579525,10.1000175815652,-0.831614468048899,15.4008808444296,9.66920077979726,24.7159761810854,3.5685591471963,24.9749706093363,23.4640289579141,-3.19358691569356,5.54784430028934,-5.2511042352133,4.95997626615533,23.1512362333708,9.84443796627435,16.2313410484287,0.164509735308965,18.4806796892525,0
"265",-2.52791754255338,7.63120086723135,19.9944109235253,11.9527088230969,-1.32015856861683,16.2494733209442,11.5712184119058,21.6354362461598,0.584065151047096,25.0082939824704,25.7027449459671,-2.38275925303762,5.85483689480136,-5.80274156698884,1.75011811634955,19.1495359464852,4.82946051912033,11.66973224204,-3.29037926896432,14.3721741289414,0
"266",-4.02192668552371,6.50112323129507,17.1107343962205,14.3202321339146,1.75967752531022,13.4903960733699,11.4494011050912,20.7461735264434,3.95915028403808,23.8359030821928,18.8969478146392,-0.351646936446586,5.98426855197058,-4.6461729055172,6.31082958771943,19.0341837254695,9.83503157226851,14.3410119714546,-0.958110614832678,16.1792527488128,0
"267",-2.69424614013701,8.1741975258116,21.8834477955432,13.318012375999,0.333491715550728,11.4209807747837,14.4844860933421,20.0190173245574,-0.518997047690689,25.5194830211892,23.9822975791086,-3.63176001959753,5.65344337029961,-4.83378057229462,2.47459236288392,21.3206737853341,3.10190601505187,16.6392760281921,-5.13496724413044,16.7959520724896,1
"268",-4.88259868745975,10.4358376153103,17.6429755970217,16.2508308802069,-3.31884151011405,12.2690462075132,15.1068604296043,20.9469326325121,-0.151147252148764,25.7575625557243,24.4713419325304,-3.728580887066,4.15672615206828,-6.22918849784526,7.83309867152548,22.2602039517415,10.0554612150701,14.9004458315543,-2.06694425370016,16.0973127898957,0
"269",-3.08197867432341,9.43865697770362,21.1035588299166,11.7835748854034,0.779142963607152,10.7493940555875,11.7260751306368,20.8397733241707,0.392005559574028,25.5006013852201,25.223210349934,-0.522414833754733,4.49872467138443,-6.31409916559108,4.21056560229703,18.0101201232113,6.17846642379294,12.3665087965355,-0.6481191647685,13.3939659759504,0
"270",-1.22490611632365,7.20216284869486,22.069211736355,12.9108573702327,3.73958348484129,11.9712764563693,16.5149577426516,22.3536012294498,1.96646909169091,25.7867383896856,20.4725370595774,-4.12777555525084,3.61686373551255,-5.13211444299106,0.843341560487593,17.5009006204967,2.97097324151676,17.2695800882868,-2.85702677757224,16.8552782756655,1
"271",-2.36489475498047,6.4882025591933,22.0158988802975,9.63439694326627,1.2753620647354,10.808757828915,16.2841784154874,18.772666131627,1.53083179174311,23.9894675622023,23.6202129620948,-1.41739136520237,5.60998173044278,-7.41211570308679,4.15373643139037,20.4365063186761,5.38918907279277,9.64488785011826,-4.95753998933623,14.0494794399405,0
"272",-2.00738531508177,1.63148083296612,16.8539705402151,14.6158788728791,-2.75120565652604,13.4451374801592,12.2368457508121,22.1124176231521,1.63322693049509,23.5945771110962,20.117027539167,-2.54191016931512,4.86317023612185,-2.22782708867086,-3.77317422692023,20.4260137130463,1.62124308697052,16.1217999394019,-5.34650426307087,15.0060430628634,1
"273",1.33003534575326,2.21438411006155,20.2031507941064,13.8703037960891,-2.5791121093586,9.35128333471966,10.3603141831544,20.2024991859208,0.486369247248044,24.7712641631185,26.0709341756111,-9.45011060601536,7.40326726564993,4.48528837547111,2.41366708890828,19.1909428853094,4.57656279809235,18.2981791670507,-3.01331127012148,16.9666034931722,0
"274",-2.07865573261143,10.9597116379513,22.780458916425,10.7360559099053,4.81526326273428,10.420830727972,10.9459347288913,16.8323278018261,-1.21646259782481,23.5703807625501,23.5945609156408,-4.04563240325534,5.64793661145827,-5.6538734190721,2.83242157587817,19.9717479220173,4.13705708132981,12.4176803026355,-5.21415369578282,14.8463828800298,1
"275",0.135510792171252,1.53277105613394,23.0124952440006,12.4037235598183,-1.20380743108226,16.2299133123848,6.45509227461388,20.1985273960188,-0.449532332077898,24.2582094025317,29.0037314815889,-5.57853711507526,4.99265896058997,-4.74630738572825,2.58645707584489,17.4575909078299,2.61253462154704,10.7105133942567,-3.67356935744749,12.0860967585672,0
"276",-4.63908805555729,8.5347317415038,20.3504670912005,10.72112394488,3.27772623965545,14.5237829051895,9.04918043057949,23.8427984512002,1.67473786025687,23.7345107310432,23.7967284550428,-1.48716269620248,5.16752439404175,-4.87445989222194,-2.84751886493128,22.5198577751217,8.60810037061791,12.1386843359101,-4.26699861707439,16.7556487974905,1
"277",-3.66873375228264,8.47720404741195,20.7405647476782,13.8243076242271,2.51731981882106,14.2470351263315,9.29694100081326,20.8666310092739,0.601428281447636,24.9153340474224,23.677940587557,-5.84055317017006,5.61736885008381,-4.4043853637574,3.16712334096759,18.9752784433138,7.15180382969177,14.8409117965119,-1.94365077474605,15.3320176031561,1
"278",-2.49283962757562,7.09697165456271,19.043819051786,12.1380579082418,-1.07113956096673,11.4646293261741,11.1465946207697,21.1473677223415,5.2873813060128,23.288005882576,25.7992460282004,-5.39284165497309,7.09856297891161,-6.6916295225815,0.942950780466554,21.7675056973882,4.70645492977741,12.7605069744073,-6.33251328316988,18.8998746892,1
"279",-1.29649210203749,5.3363338883137,19.1360408785976,14.5154095242227,3.73164567535497,15.3254656756953,13.7180168946847,22.528880158494,-2.6974285284879,26.1118536423344,24.0670041412224,-1.71648592190792,7.88881131324117,-6.38016714163503,-2.52476431607303,20.5692986546163,5.63410823767664,13.6254476939335,-4.97783850931545,15.0914333265939,0
"280",-0.215648271319805,2.65704103316678,25.322947206682,11.4314360918966,5.40371811134187,10.2686285694996,12.5836360632481,21.8567034823729,3.68667058918735,24.5432074512869,25.0757011356586,-6.83021697748546,4.4756532379665,-2.13437240398221,9.50115320893769,21.1619986165118,5.41501414201784,14.5187296935001,-6.44859785939856,15.1219904502526,0
"281",-4.26962280234793,10.4983705065838,24.5280164039837,8.20048001521421,4.65962114332992,15.6061638862008,11.7210061374068,24.2740071416879,0.418529660985416,23.3291556753518,27.5882897198453,-6.52980452540532,4.45583021086615,-1.88423778695122,5.3692801137429,18.483740735766,5.82252013368742,13.6669178988657,-1.27116923039339,14.1678739086009,0
"282",-3.74092646055132,3.23235276351065,18.4688636318332,14.4395912686315,-0.760039276035909,11.6800178948255,15.514734825651,19.6631915182305,-2.77909787387314,26.8785369707539,23.0147445489645,-1.94125709602234,7.86915610904504,-5.01638546555464,2.41586675810298,21.1104354122137,6.6105569591242,13.9269957201665,-1.01365429827094,15.3157454392089,0
"283",-2.96725234025185,6.27614860597763,23.341171686745,12.9727229648605,3.59252128196606,8.54734957170834,18.8983220723462,19.3889807831588,2.82059134986136,26.6539676143398,24.9659898542538,-6.13583298757953,7.00000331323694,-2.36178117253919,4.45253210563127,20.72096203661,3.58195710059744,15.00136671958,-5.71890942093031,12.2933886523195,1
"284",-5.05499126366358,5.61872237357378,18.6401077098117,14.8213136336972,3.13244125450912,10.7331911637154,10.837055524643,19.7788179358054,3.56006098463789,24.19741694982,24.7006227301355,-6.02678249489223,7.37546926724603,1.33122818623824,7.50462840005516,21.5437306591775,5.02199539148483,16.6450250168401,-2.88345536453612,13.0139873083673,1
"285",-1.23316228556517,-1.06644596859156,21.8712579512227,11.9083561978243,-1.45256695309821,14.3072717930356,14.6136664021776,20.4403153707301,1.49441793045553,24.9752438988281,26.9035139411457,-6.97358790580769,8.15971563828572,-5.15480932815374,4.3628069758344,20.743372152309,2.84729863274782,15.5049605784981,-1.82631310368426,15.4788468836374,1
"286",-4.22125471999285,9.82307872398355,15.9848284118847,12.4179363193215,-2.18371823123846,12.0969012925693,13.9790789680432,16.9849807378224,-2.50436303312552,25.6153349755814,22.1023364565932,-5.91475863333778,6.57178895478884,-3.59178043916415,1.40340106770772,22.2696636289681,5.54831138296112,13.1135749985644,-0.677989680580405,12.0166686855761,0
"287",-0.662948948868216,0.530191084325617,25.7372112687241,12.6345244262762,1.09313111398991,12.430245642296,13.4869531601468,18.3794599868096,-0.659740811679479,26.1353963651215,23.6348298016313,-7.16150032341505,11.4137439601935,-3.82831670031244,5.35878508739629,21.1244771652779,4.10106069907486,15.1854840661795,-3.13449566815801,21.527919407017,0
"288",-0.567886078216751,2.58602035626166,22.563341113003,11.5887570923398,1.16123319184428,13.6862069238964,12.8022573219691,25.0034741668544,-0.0920991635112185,24.4044171912148,24.8145444340879,-1.38113901763565,6.54787760819337,-6.09587269668865,2.33733291911542,20.6467501193927,7.91898165173635,11.8898764393504,-2.85244981219718,13.6322893032489,0
"289",-4.13837481196497,9.55298126724275,19.194781401933,12.0851996115002,0.454475443295842,11.0992498663414,10.6182381345046,19.8880977356247,0.102245145067048,25.0430091520447,23.8103599547117,-5.14989364961043,5.63555649441451,-5.35403904495693,2.49119822790344,17.0261991446402,2.53483850225487,13.4741004190714,-3.2675025258971,13.4684752484311,1
"290",-2.89498981299249,4.98881946797142,19.5109860612849,12.8515941860524,-0.893284597675999,11.6054810721193,8.85033377273731,19.5705867802383,5.5752270277927,23.8038011801132,27.5054814873753,-7.89679387249047,7.49879834020524,-3.77731952504486,5.85887469815416,21.0994539391576,9.94336835595333,13.8376185099994,0.443168109344001,14.0101297140858,1
"291",-2.59055517357751,3.0815933617709,20.4941228461176,13.088695838571,-2.44653735605434,13.8489726263353,16.7452300128709,18.9078041278569,-2.98188315903548,25.8733026981033,21.8116592699742,-10.5932465728521,2.20355349819295,-11.1742405876334,-0.701791028127698,14.9318717933802,0.605843637126278,16.5813316695508,-6.21562369071005,21.0133927811578,1
"292",-2.11283316820428,4.81092297660837,21.8270904467056,12.5056910361361,0.803464224058941,12.8798246827099,9.75113125618228,18.6642454207059,0.135529558120782,25.8087649461438,26.5698591226479,-5.01303862934021,6.02515167783948,-1.58061854903581,4.82132464344741,17.7351122336749,4.84153217700803,11.4914872247537,-1.83295688901629,18.0968816136547,0
"293",-3.62260368486629,6.01037757493419,20.7575027680503,11.5632997859839,0.59214719666087,13.8960893589431,15.171072559121,22.1125530618653,-1.64104476281255,26.5618218193155,24.4995564856156,-6.34919878875,9.77782223226999,-2.55336743243516,7.63116522016866,22.869988705192,5.78973998091176,12.655749414932,-0.116702792756187,15.6290754224148,1
"294",1.5960634182907,1.49132333314773,19.9574041404529,12.3266013118696,0.174526530082245,15.4458059887187,8.25161047976422,20.755382857457,1.46715651710254,23.3235971067653,24.0404667572775,-1.19463021740374,7.57579491087862,-4.24942541725655,3.81925942156345,20.5094460575313,8.41071383656262,14.757751913252,-5.18488186286458,16.2272256273599,0
"295",-3.70068847150025,7.03246104184508,21.494117945332,10.6284700944645,3.13946277006981,12.5193795882355,15.306578921191,21.700495504311,-0.74421037704113,26.2492135297059,25.3563233305122,-10.1282259070745,3.87089246259973,-6.45782304750212,0.92420434595931,19.0168881754675,3.64785194826258,14.7750781984328,-5.95144256289035,15.1722420091911,1
"296",-0.133928890489126,2.81521183984092,24.7918856873923,12.2159357007725,-0.0574581525108401,13.7956903970116,14.4777964329473,20.1102868222806,-0.930074330699391,25.6207825565693,26.7942965698615,-4.14069142242833,8.25652614653735,-1.93992860475516,4.89949430118735,20.0694441507097,7.32070705734187,13.1121304877617,0.121189406078029,15.2986775384296,1
"297",-5.30793514632155,7.32280125687216,16.330868613679,13.7085368219588,0.813035131898943,9.13710741110976,13.4678595691748,20.9086427917108,-0.35949930391545,25.5137351413415,22.4538706479823,-1.93625348143287,3.25890135561614,-2.69504511980841,2.92422753958214,22.0161711424604,7.72055649276688,13.3421522166701,-4.46701505668483,18.0786680777719,1
"298",-2.8938784279473,1.36821586194118,21.2722803308132,13.5689490426542,1.30601325173769,10.4598329187353,17.0834343962949,21.9144186208143,2.63304853585773,26.9985884258594,22.4531805160056,-2.78421720168122,6.21300745467306,-4.12559478597319,4.63957037648137,18.5292473373717,6.12575134318612,10.5099248573694,-3.41400390173028,13.3936040459461,0
"299",-3.71543815587507,7.89039417133469,17.4549247470266,14.6212798754343,-2.00439159012142,10.5181981297813,14.4598763027318,19.6993227598279,0.226778749072444,25.6088179796265,25.9864704341675,-5.24732387099862,8.81889587445959,-6.77527473815543,4.71735402168942,21.0351917489169,6.78030900504078,12.3740859272564,-1.76447128761058,15.4212719768342,1
"300",-0.544614412997132,3.71221261496762,21.5017023702545,10.9984695946194,-1.54171451870463,11.075587376547,13.5566068461242,20.2596329149497,2.25839181210441,24.9244392449181,21.6066957988884,3.61893104909178,7.09117011717747,-4.26443014845239,3.34874160820595,16.8819682043326,8.86979261010987,13.0349696828918,-0.812046930077156,17.4997800669793,0
"301",-0.67503797690849,4.21544203604179,22.2994743885685,13.8074361056184,1.65523343350421,8.79510187445219,15.6530407191178,15.8306367963758,-0.509850273945032,27.1608210408206,22.7936757270907,-2.37029057900109,7.13856952354842,-4.98987984397873,3.70594667239032,19.5452216775698,6.9170016308222,14.3363151309724,0.673741194613891,15.42812998543,0
"302",-2.78083384219078,3.47280803776331,17.6895274720463,13.6942420445562,-0.645848238111449,14.5075226214516,6.95017666953515,22.6517463419773,2.53751910754191,24.4814263238202,23.5099588301238,-2.41474174992168,5.35297487809328,-1.58546672697411,1.85331445271129,22.0482900871556,5.54673672493638,16.4633057311628,-2.27317786910345,13.603390720784,1
"303",-3.27427610375706,10.2084575772582,18.4447650764504,13.4122608693844,-1.15012398353124,14.034362894448,13.9214676937556,19.8506520682858,-0.93297670069098,24.5020743324152,23.2196822460814,-3.64947098239877,5.08239451944348,-5.89118519282748,-0.0967299133817008,19.604468709551,7.06233616457399,11.3225001463162,-5.98284707705327,15.4535380009447,1
"304",0.332888820985503,2.93124960723811,21.5488756041372,12.6306412061801,-0.268258023138261,14.8629279698859,7.9262492996067,22.5622409850618,1.92009037384106,22.1921674779528,23.1181013592024,-2.37291895449021,7.2581839811846,-5.53265633597091,0.821527704600596,19.4153276211339,8.50959922004908,12.430125839356,-0.118585239659276,13.9744042542405,0
"305",0.44271524491064,-0.175780238749045,24.7323652855498,12.0674770977567,-0.964339111685664,15.2283963035292,11.7913495320983,26.7940313317867,0.60764030349843,25.1211569292007,24.6424017951664,-2.42707759671438,6.02765980674112,-3.45832054854248,5.35607903699763,21.0777648449181,7.88179503505691,12.3947908028305,-0.288189186353009,12.4390190012858,1
"306",-4.31425595460807,6.29049983060352,18.7174082711064,13.8786536243609,-0.912032111796439,13.6650917343362,9.57487219122039,24.50238275442,0.949456198879722,24.1538575880875,25.8624882203396,1.03764663111789,2.7012906999997,-3.84104066558484,4.58875871937413,18.8920455476064,5.65585410507424,12.4127075912084,-6.10078277664137,11.8200478711041,0
"307",-1.41096438171742,6.59332832918125,19.0132373250692,11.0457801751928,-0.822696126019827,13.8519630484377,15.1125356244795,21.5662172038977,0.517841249203835,25.7869422789,23.1933451861481,-6.65811014645455,6.37755170082552,-3.73520256512349,4.88407232554673,19.6486006173579,7.15339968578417,11.5587730305352,-0.790812312572466,12.4539272442568,0
"308",-1.75007775242422,4.09351084856045,18.3497925032794,10.2924508203539,-2.60138350165854,13.8297132976969,13.2801208801383,20.7691606770199,-1.0077449460844,25.2537670346336,25.9874872938343,-6.47719857985115,8.19717614231349,-1.25634562860182,5.23892210450746,21.1155052110048,5.0964152433364,15.7184949849942,-2.67183515478207,14.4047686859116,1
"309",-3.71010089909229,10.289146452822,16.3199681052128,13.4816724154107,0.534391266631184,13.6935363177558,12.7544438776405,21.7197893493903,1.24401826953524,23.2000986597698,27.127997404478,-7.18123595584919,3.83176656748598,-6.75877278846328,3.14907620736744,20.5770319418209,5.77523954879483,13.2398421518708,-5.71578641958502,14.572659370331,1
"310",-0.181140741675849,4.66768063741623,19.3287541549285,17.0060222051249,-1.22779076152123,12.9636518104317,13.0166453124632,22.0118278732785,2.00752351323287,25.6946656144822,23.2643552072113,-9.5753070422896,1.79243799209055,-9.50684637483412,0.477508616436296,16.4866388807741,0.882392909701115,14.0201951856612,-10.0863804900552,18.9596693664324,1
"311",-2.75230863098433,6.83568074596332,23.1454197426804,11.6648834292997,-3.70192949671845,14.2357439352824,15.3116606961019,21.8925958540839,-1.21130926236684,26.7692922572592,27.1902903020657,-3.77847462905197,11.6924673612156,-4.68219769087419,4.71896999497393,21.7780812465198,3.48029964282044,14.1421229312059,-1.24875287503635,15.0221257883859,1
"312",-4.65101142796843,10.6208021173073,20.1987734528267,11.6605655266522,7.40477785249363,11.6584134550502,10.2285785339115,20.7863023982175,1.36343185316867,25.5615057406898,23.9472043576797,-2.22159412125107,6.26026094830184,-4.95701580767289,0.414165850723069,18.7235750984047,2.60374995856352,12.9299028797451,-3.76149164057172,16.2204619322028,1
"313",-1.58623721813877,4.87018973854582,19.7208860318165,13.3683731028044,0.251104497876177,11.9121853380638,11.6865591737628,19.6487450144477,0.657856628217717,25.6390232989335,28.8076235425297,-8.42747221240928,3.62409192027148,-0.677607388283423,5.94627974532087,18.7927653656982,4.46211902679639,13.4240029738998,-1.1255009892687,15.9573295942893,0
"314",-2.49745275399884,5.79474616719421,16.6382268566719,12.0725352984394,-1.8162773016754,13.555692243288,14.5153650155682,24.3292042592141,-0.0623856269722531,24.1210065467113,27.2288405050665,-3.45867147324901,2.35805918007106,-3.72900055337847,4.50792089916409,18.1086754329429,3.26137734488866,10.7277249938302,-5.94046084721408,12.4341516363648,0
"315",-1.60149079671778,3.84287888535657,26.7329565990163,11.134840991205,3.52860815303808,12.0461653371768,7.95157109391927,24.3368368494388,4.93071106704935,23.0173392523702,25.1753553833695,1.62986644174838,5.6231958912995,-4.62322930184544,1.82898320826608,19.2172354125234,9.5742776890177,13.0890156961567,-3.71279175695958,16.228025959492,0
"316",-6.93372927771415,10.5672550684254,19.1193720968,12.8690893889704,3.4740576164278,13.8684570020642,12.5949654544563,22.2342332395475,-0.902040119752049,23.6149877080496,25.7963742227908,-7.68799334895947,7.7836360067051,-2.40145742818813,5.2740924718513,22.4302549836468,4.34267885027887,15.0876923594342,-7.75384616584384,12.8531708234576,0
"317",-3.12714136982126,4.10495408256367,19.6820901254973,11.5860598591302,-1.25026772421599,13.6155629590127,11.2237436499879,19.2780466786063,2.61273678718301,22.9528867464617,27.5227509338091,-1.67028391975369,0.960832885453473,-4.7320044414007,3.50193355131762,18.6161247960368,7.61871823256233,11.3456240523365,-2.00607273302512,11.9251313566464,0
"318",-5.0388529812509,5.3595603689424,17.0053461599474,13.9849400680434,2.43300942766361,13.4472054247173,12.3742085366587,23.7363952306985,3.59524820993531,23.4999003712613,20.0040116431292,-2.49368640950558,9.53426842314243,-3.42509609323718,4.14367891247324,19.6032217150993,8.81335364938941,15.473589862895,-2.06920648947398,17.1976832230144,0
"319",-2.88824209361389,6.851877250395,19.6242129622567,9.64712558463242,5.19249348424684,14.3785505034512,12.3837087730838,23.5204624982095,2.35790206938846,22.829745593558,25.644626033813,-3.00443838565781,6.05047063511997,-4.15603807023557,1.98243296471881,17.2274461755806,4.62072991410891,10.7609802894405,-1.58845469801857,15.6513238003834,0
"320",-1.42468629762779,8.24817930644049,19.119999586183,10.1850397625818,0.927788965738548,12.0068096572838,9.6308258840858,22.9903512949307,0.903287907431809,23.9570794542793,23.6669745824044,-1.48910143184386,10.4265908227476,-0.711552439056931,1.1835778234409,23.1129150343119,5.65875477346718,12.5871270210494,-1.71185459573889,12.7640885401117,1
"321",-1.89814548370094,4.60268511106125,20.0355719647269,13.4496938030347,-0.464236758663916,6.55498129005452,16.3460986110619,18.9515439599505,2.14618575042633,25.4205785730988,26.2729872565033,-4.73572189105927,1.45723454601998,-2.76955304970255,8.46621092901103,19.9633295479504,6.96957102936734,15.0555851459227,0.181991423672549,13.1111712142877,0
"322",1.14979874716531,5.96651452953348,19.639290740339,13.6316926436779,-1.12244104252205,15.3484605987571,13.0951076869976,21.5028518243149,-0.0727878276371643,25.2376632005306,25.867191671023,-7.299184343519,7.00898871010903,-4.70071349144027,1.92991013248925,21.3865263387555,7.39369906957668,13.2376252530764,-4.67612162188937,15.5413431647709,1
"323",-2.60311174150223,6.79337847068389,20.1124299850132,11.314657413591,1.60645863866768,13.9984146878123,9.86152047330894,20.306143556617,2.24027543268171,23.8782986356505,23.5485597590846,-0.919527668260378,6.30386170384234,-7.95023833397827,4.36598570268436,22.9392398313545,9.03902141371889,14.1152175008215,-4.11696753555297,16.2938860750809,0
"324",-6.17124133955121,9.52084646808993,12.3072277576487,16.5073423259514,-2.16777878874259,13.775640377138,13.4882773366806,18.3442933967255,-1.81416162582785,26.0760425460534,22.8856878418074,1.16964572340155,8.3619864442772,-8.03990961305391,4.65811626326741,21.746939034095,11.9456289620927,14.5433839237725,-4.67132522823121,19.7770916420209,0
"325",-4.04979060166142,10.6668333857632,14.5398157608023,14.0838834508186,-2.31275476883997,15.3549558801259,14.1651504421913,22.8648068433344,0.916446850637764,24.9628321588668,23.881494427016,0.779477663405703,4.82623615110027,-7.2337624563168,4.06555284825842,19.0939368960526,10.1329623578406,13.6718322232601,-1.90826494693464,14.7150162909477,0
"326",-0.355804781006683,2.45808622083147,19.875651757915,13.1780999883844,0.411965034958035,9.42631020693067,17.6624136520091,20.3832038589883,0.487632915699337,27.8104865420692,21.0778294242996,-4.09701248767634,10.2353730222512,-2.25502332367585,5.25911195159189,20.013219355523,5.93872775022631,16.135038950828,-2.01616275698053,18.4169385797677,0
"327",-6.03960233495579,9.493675891582,19.5666502044133,12.1165564132877,3.77243170329541,10.7181115474287,12.2845235337151,22.2647544611585,3.01989422543903,23.8169185889496,22.9478919569152,-1.82155448920412,9.81032223235949,-9.45202778608309,3.80915213513986,22.2960579465689,7.90634117775763,13.6245936240674,-4.43827847216887,17.6256873277475,0
"328",-3.41796164050183,7.10847766201523,20.9202532084871,10.6983322717413,2.68801739626778,12.2610877703181,15.7989291923163,21.6557980700021,-0.977652335852593,24.9159677900944,26.3593441043692,-5.28830787214591,6.64255635174599,-3.1982483369092,-0.74402851692678,17.5247642455273,2.07445638850076,9.70608226398813,-3.22490850738988,11.0381323019355,0
"329",-1.05526161956904,2.79201486789827,22.8095058539039,12.8344444424886,0.270712252818868,14.3934654628536,15.7337606699324,23.8955117995259,-1.99989299402915,24.7357597833864,24.7227214276779,-5.09868435241048,8.4909196957867,-3.65215780681413,4.38183165947165,22.629201198468,3.93204324435381,11.8866093818112,-1.21056990802256,14.930337474974,1
"330",-6.225295124315,11.7893523473476,15.4729897404382,15.2699030827537,2.30643227816444,12.660678639191,12.9428962887468,22.3957123659978,2.93153809956537,24.0694805974393,23.3493774493833,-5.03389707928473,4.14679784314397,-4.51733627600718,3.26524162233988,20.4263236932298,6.0571811016458,14.7602977733208,-1.15974378381503,18.411012927881,1
"331",-2.92460868986817,0.935102014065826,22.8160013543109,11.4267706917285,-2.84919272776972,12.6844402309497,14.2732394581741,21.9688670626788,-1.54105894782611,24.5336023295395,23.6850068014205,-4.57639653270792,7.26052264748007,-0.512820060080705,7.07753008853153,23.2286722815316,8.13685251713501,16.3204708919843,0.491899841069303,16.2064548900943,1
"332",-3.98954446109984,3.83687832717602,21.2029025406962,10.8270215981796,2.0247862406137,5.48008681606764,17.7866055639605,18.8233716721153,2.98493063947813,25.6151406330852,25.7537432222787,-4.82521344572685,8.17099611491336,-4.43757959853589,6.36207088496774,19.9534997387912,5.76769284686268,13.5330936323383,-0.11456342850642,14.4867180876919,1
"333",-1.35262109534988,4.18656820290013,19.7803138874397,13.5300633561988,-1.88606488906787,13.588845780412,11.385553302947,20.0125662917677,-2.60564276953595,23.5742352663622,23.7762307296936,-6.19659151919916,3.84530522817406,-7.11093286326648,-0.725835287047774,18.4165153262328,2.72884221545733,13.5680102982675,-3.36962418155169,14.112769346842,1
"334",-2.47239551379614,2.66898511016201,21.5783790008896,12.6220703586584,-1.80095319933182,12.1048404915119,16.3785238397494,18.2374089054261,-3.75945958526253,28.8216516663483,22.3643278129657,-5.52474539882512,9.71637781827039,-3.80608999010076,5.53926814347522,20.81639833072,6.60348076450201,16.2142494802976,-4.93755097080163,18.384215942995,0
"335",-2.18778620905855,5.8711865717062,19.1434623579742,13.3310098449228,1.72654701670913,7.76934289066791,16.3611033754298,19.5037719669174,0.0323229682160384,24.8707926993051,24.5329729794412,-2.14751358835008,6.47119925754511,-3.72677140051681,0.538888780166272,18.7517093231503,3.78714046286954,10.2859276308164,-3.54087283759732,11.7713118256451,0
"336",-0.788490036966152,3.82905846740466,16.6606460097633,18.4302299483356,-2.02060882200178,11.5902319309903,16.9497482121773,20.7802880072306,-0.358538702180615,25.6573403252245,25.6946030388588,-5.18590325380546,3.45927281452694,-3.55964145182432,0.642095808610749,19.3242867814631,6.59147978339474,12.1550080883939,1.00315746842929,11.6802763003918,0
"337",-1.98400337797765,6.95617906553085,19.4693440850688,10.8035873523702,-0.0295785755109526,11.9102835213316,8.9281053349841,20.1998129230996,0.890250033380848,24.4255106078632,28.0019549243626,-3.94569052406094,4.43528100830276,-8.15328842488062,8.34756357149922,22.0198676391194,10.5913769414332,11.6835108548207,-1.41540243729739,13.2763002462854,0
"338",-1.44877325973316,6.12558386529999,25.1531226493505,9.46655644901425,5.46209100258892,14.6421372131089,11.8292153343751,22.9670365446052,0.133602181060673,25.3543743659353,22.193886034106,2.03333618352258,6.75436488359791,-7.45631097768007,3.4353987611298,21.9204012991865,8.35519659784446,11.6936086481003,-3.60335537118791,14.1610132402777,0
"339",-2.02312999930421,6.66335818073822,21.8419669138563,13.670401215791,0.676958900048954,15.7382161577015,12.1977674594792,24.1682565267686,-0.708764647050232,25.2315678605093,18.543651218553,-2.37332175674451,-0.0253432736420596,-6.17708870034725,-0.616252164222121,19.5338191725325,2.39608253609785,16.3816466752579,-5.76439724422451,21.5207889902634,1
"340",-1.68655573379778,1.58657879915556,23.2299846710319,11.3541977810457,-0.811283313686352,12.4698982647131,8.91710668264832,19.7526016291653,1.45501492448526,23.6356010323662,22.8890161797853,-1.85034368313423,5.5784706825991,-7.77560356696645,3.92169034109028,22.8380619890251,6.44681593061472,10.2255739782762,-5.09842872999597,15.0779582206248,0
"341",-4.22046537521323,7.3818749227494,20.6752409353942,9.85422287980557,1.53554237814154,12.4920749842772,12.2430404071961,21.5686699613036,0.800973444362666,23.7618164377625,22.2200717786783,-2.32980950813215,10.0958546755087,-0.973802746956383,2.5165076926055,22.6086189056812,9.67595769117353,11.2681873757786,-1.70673171987284,13.9066828003048,1
"342",-0.284738059368495,3.93625049997762,25.2110263848703,9.98239213672878,2.61318165023781,8.95288949794674,12.015273113282,21.5190931871447,-0.842962959377306,25.5142152546167,27.3129008711683,-6.09590821212849,6.06120524123112,-4.90730979712468,5.47893361907025,20.6771245724599,3.31086186258469,11.8429035659841,-5.10644048113035,15.0873217934426,0
"343",-5.81102052715869,9.65689732281009,21.087904501712,10.0500142837477,1.15743220124022,12.6838913328382,9.98035792935482,20.3527662983116,0.275719690026004,24.6053951392334,21.6268902582826,-0.256025998802138,2.98913606712512,-4.10597634604308,-0.205898403878011,17.636070220238,4.54659885161041,15.5552818075639,-3.5201025921068,14.1924855375511,1
"344",0.0330215492619783,5.79701354863142,21.9123130932467,11.053780065292,3.28263922764767,10.0934482906199,17.9509816561717,20.2099267321287,4.06235328165242,25.3713330099188,25.1638658193345,-7.30852777399949,7.90677644098336,-8.30341437366577,2.9960370151107,20.1913022570612,5.44323134237856,10.4338617301604,-3.33150278602123,17.18020895687,1
"345",0.679438192313402,2.83810422994315,24.0554088205931,11.4707159216282,-4.77281475359933,10.5947277427763,12.138317640883,23.2604597574809,2.38433910384276,24.9015861849838,22.7783682751301,-2.33476140584876,7.21007295669461,-5.22628354721402,4.20364438866722,18.5556242757203,4.86801216861496,12.3560353675113,-4.35054238032977,18.0635947554823,0
"346",-2.69568705974111,6.65397578206179,15.5654856755997,14.9537217695689,-4.84894979449033,12.3380931516884,11.1936924410745,21.4821215910901,1.48598525793722,23.1813006486882,24.6309704786778,-0.910485906152877,4.10473362648122,-6.52851457894872,0.138689555933644,18.1237382467927,6.26639119447433,8.54900476328196,-3.08255715404648,13.0057757877483,0
"347",-3.76903285993345,7.31357407119767,15.0076066323766,14.4448028687988,-3.96061668418728,13.1210769521706,13.5565788453001,21.2740793483904,2.12395188337335,24.194770516125,23.0238331533153,0.840298178328025,7.97243495262633,-5.87629394881154,0.501159421340483,16.8032332992383,8.61468762577327,12.4987358884033,-0.316256980565944,17.4586424918037,0
"348",-2.23882374172131,5.17151165360738,12.7915399097271,18.4368521842891,-3.49964017462905,7.43069502598078,16.5766803432454,18.6734543441724,1.63142646881903,25.6979970773506,26.7816104929491,-7.83348289003303,8.66389770698934,-5.68675360139805,4.93015844287854,16.490012576958,3.99177766197327,14.9024084455225,2.15658233784777,10.2896113098254,1
"349",-0.297636161429867,1.25830748749083,20.105907769504,14.9812706364837,-1.55762033069779,11.1441375258256,13.8026590781087,21.1188085466831,1.17785621525963,23.313021366727,24.4169542080256,-2.86490014660181,5.71921941515503,-5.47372996642665,2.28765582324554,21.7197337413659,7.35728692792676,11.2053837671462,-2.13392877576282,15.4971396353808,1
"350",-1.12039677570706,6.04801482548916,20.3093919509943,12.893090127585,-0.386036107414379,9.55096286243733,14.1718225958105,18.1099155374571,2.07084181500005,26.3628687519542,21.0685186282838,-7.09714800679404,10.6478515272114,-2.51571467238238,7.66957103346352,23.5502579918344,8.52341164496118,18.7196579525521,-3.27305703517225,18.4996838011409,0
"351",-2.54708468648851,6.9603501448841,19.8609593160119,12.771313240143,2.28934768032893,13.7694858859136,8.66094731561125,22.7959075061471,0.675822695082423,23.549768109213,23.8409436296346,-0.597202653197504,6.30075669426023,-6.24177419414556,5.26914320443442,17.1982023156997,6.36093636625441,11.3914007927314,-2.82861493157444,14.5501298251559,0
"352",-2.45233226225845,3.94769369485112,23.6218330535226,11.6695765983479,3.54054838087048,9.60095654738714,14.6221646740468,20.6802463691471,1.97012192232155,24.4300883737687,24.7736220138738,-3.57568568442861,7.57014737805737,-5.06943072824488,-1.44620882975424,18.8525174749327,3.02269231005687,14.5890649831017,-4.08982027420385,12.9652274487705,1
"353",-3.06066899390144,9.41981020569381,17.3658702354032,14.2983471363938,-0.714888737344632,14.9597140983142,7.8475720063042,23.175186677506,1.6634449707441,22.400627834035,21.5225484493227,-3.5028805169489,5.66207630154566,-4.9456249020664,10.9499988631158,20.7416082895743,7.04391025737469,17.3205745825662,-5.91356167155657,18.3249163454111,0
"354",-3.19798362387969,5.4341699710178,20.4232982917706,10.1249401239909,-0.0879650365638743,15.5971840553719,5.33549515556834,22.8281591741555,0.873348378501221,22.9331997840969,23.2761404756032,-1.46607746660788,8.09956173360387,-1.88789072184499,1.60715437533718,21.6568980072166,4.36560769472277,14.859136899308,-2.24276313633102,14.434267130356,1
"355",-3.29787494015109,5.55684433813948,20.4623144748738,14.2640280635571,1.49390630244252,11.7282609487133,15.2784890496006,23.6310266077081,3.44416956914095,23.9516685983161,24.049257893182,-2.46946502388348,4.71077474860878,-6.52412261073807,-2.77515551327305,19.2044152924432,1.65802172167006,14.3160252919916,-7.22854507942226,18.6864510300026,1
"356",0.822482385713537,1.99809004069159,23.1956400963003,10.0156579472928,1.79522657785059,16.7424971054207,9.30296787360125,25.4316787055621,1.42937882395472,23.8574226194267,23.6181909119221,-3.84299825653773,7.64472519735604,-3.44984472767103,6.76037299511699,22.4677841690177,5.38611513362482,11.9060751202462,1.06354947091265,16.3212686970403,1
"357",-1.43801024676304,3.78919719293074,23.2566185589492,12.8002124936942,3.07387499326029,12.8479094362621,6.91021921136177,25.0716853405375,4.16398671266909,22.4688726083307,24.420840892653,-4.92177820161699,1.60351142617668,-8.13847226226171,0.793688862135122,19.3283731603846,7.03734360862861,10.4564445639949,-4.88018028950746,14.8185454369741,1
"358",1.52496156512393,5.29481079318583,22.1407283351002,12.7578226368701,-1.18362348033996,10.1125076334872,12.1299087867075,21.7127119393413,3.89928979493679,23.2953600535762,22.9104394956213,-9.12307194456904,3.23711723860758,-2.27049792057029,5.46785548248176,21.385367969822,4.56874869283519,16.5987920247631,-6.47715906717043,17.1980025474615,1
"359",-6.27056228760452,9.98098377865539,16.4724788710234,14.2351037471717,0.345247370744534,15.7432526476601,7.37473640359193,24.4397279982874,2.97578847639983,23.550290023951,27.4955711452062,-5.464087048671,6.27902617540432,-1.674766540374,2.26692716111917,18.35435751536,4.89660140151986,12.3320648736535,-1.70786897927686,10.329157683746,0
"360",-1.46804837771131,8.36952384345116,19.4629023660007,13.5688078197099,0.533710595270738,10.723689842012,17.4496505047104,19.553772521599,1.16897659092546,26.0437562349633,25.0134840795772,-6.00918148856867,9.9237895185159,-5.66985943155096,4.23759308833361,21.4187759268996,0.818780597369526,13.2211790935907,-2.6263460324847,18.2704978423415,1
"361",-0.521778842755914,5.43716565937549,24.1281524473825,12.8454240814959,2.68352495420967,12.8261525314705,9.14168335183673,21.3630236808089,2.10449650390255,23.911920407455,24.5787205211911,-7.23373931760957,9.20899750961559,-4.80862672313577,6.28190392049251,21.3341711257411,5.45171567888007,14.0009575906658,-4.28445730243435,16.3663147589334,0
"362",-3.16508850977393,3.61713857039539,23.8825820844195,10.3451244848014,-0.549015597146077,10.3152400850906,14.8091991633009,19.5354508068658,-0.450560371190292,26.1684452315016,22.9060057299269,-4.43133842504761,2.39167889371296,-3.23402562406048,1.86579053931895,20.6112435123765,4.72415453859733,16.657865451118,-5.08002839108645,18.1337422325609,1
"363",0.0139401627313815,5.86525296502395,25.2939838647012,10.0910204056926,3.42968838493749,13.3734998253105,15.2904925831191,24.9276660067953,1.76131069166555,25.4811015820706,25.555215278435,-5.1908480805948,6.34129535779326,-4.70504141885726,5.35723556924325,20.6893037277779,9.7194626073115,14.3872302925831,-1.10193369190839,17.8981825524222,0
"364",-3.35664515240331,4.61964147422376,20.6850830086877,12.390616964577,-0.160014457391339,12.2354153357285,11.5226915101768,19.349716277591,1.41349879826024,25.4868456923119,22.437324741077,0.340148331533902,8.37715478971258,-5.39860982592464,3.19081191557875,18.4836525769262,6.59058265258025,13.2475111726175,-5.11974646933577,19.0332532070849,0
"365",-3.01048079446026,3.68003036391134,21.7265369396259,12.5347377632823,1.38972142610183,10.6920425075844,11.7309167076794,19.8359486843229,-0.489671995673152,25.5623986806797,22.9713236902537,-6.95143303539226,3.98288139451459,-7.26991811961333,-2.39174481574956,19.8067318124286,3.48883932691898,12.978843315451,-6.83178511614689,20.7426304871702,1
"366",-0.611550489120329,6.83129854680128,21.9737106414041,9.50658789846393,-0.0726316226664442,14.778151976117,11.127561894364,23.623756742377,1.34359336762451,25.2029064424374,24.7024283180232,-5.39958072119201,8.54761584263118,-2.21015109291395,4.51498810865053,19.8245456794097,2.62587199440688,14.4311615445961,-1.50969447365396,12.4563693154673,1
"367",-1.25563773084705,3.77893699438852,20.0120517874447,12.1013286121895,-1.0122022713993,13.8232688743555,16.9699820702265,21.1630337789956,0.767303511297409,26.2150323409845,21.6571673254991,-3.95861548795801,5.40519411525285,-6.83877824633316,0.673621784401593,18.6182356366153,5.14903420322859,13.4309325962931,-4.41162407017285,14.2774274210105,1
"368",-0.564297966258314,3.85385467726554,19.1343587903132,14.260304046051,-0.491103186682789,9.35857942695737,11.9788182865066,20.5357518239717,2.75069079320136,26.4462958224521,25.7167417362767,-0.712196665302816,4.13766912425102,-6.80967610660779,2.05201951673831,17.8509660896791,7.34540001028493,10.094217035768,-4.4719634857466,12.3357952375499,0
"369",-1.28372632976011,5.96170736118285,20.6488594655725,10.2408031821364,2.67458710048178,11.5862158577089,13.0660853234158,22.1484266440355,4.9369966385879,24.524161147261,23.0308201917372,-8.75546705162055,6.42785636315458,-5.39644062334933,5.42860755794915,18.9046635845963,3.00351397147012,13.3446381976508,-1.57158203534498,15.7993051756492,1
"370",1.01911532390335,1.6686907646131,23.4199149599605,12.6748700009253,-2.38384066764307,10.7657806765698,13.4195977907327,19.5409454547473,0.433866668374433,26.0844406809658,25.8627811645733,-4.78351785137586,4.26116291539737,-8.60742900621502,-1.59042759105531,18.1704516144061,2.52019016881547,14.014265497626,-7.15414176652509,16.7732809233217,1
"371",-1.83214717164909,7.77618129296416,20.2475208583083,15.5924911429833,2.60195764620454,12.9845086073341,13.867721772592,21.2588271995277,-0.638677252477498,24.7442637741816,24.343711953924,-9.77485333056448,8.86231181159493,-1.03041637050337,6.71150994725168,19.4438776235492,6.41197501880934,16.2440037025688,0.921353651241609,15.0292574817024,1
"372",-3.73141022908346,4.6651553767593,19.1611964918648,12.5461244715614,-0.0749521557696204,12.1366244191341,12.8209732434336,20.8441211836811,0.600386108447156,24.6467542030009,24.2866865871379,-4.41289520480264,4.44872186610141,-7.13794458886043,8.88634287212004,22.928839284448,10.0044037905637,14.7209419776688,-2.54504314619052,19.3216072623345,0
"373",-1.77356198781411,4.78147155352971,20.5101310296558,11.1505385808208,-0.768770174553973,13.465692621409,8.95018951719656,20.780276031027,0.652084509123044,25.428165272964,22.2078741727248,-6.85711206274445,2.45684268458395,-4.74963278883418,0.0267369757615774,17.1707363500271,4.94589051964218,14.0155117693476,-5.5621394010127,13.5264871205252,1
"374",-2.49039526457016,6.88881071395766,18.4708205729103,14.0550190739223,3.2396489308098,11.6322942780233,11.4071991893492,19.0924782954567,1.6567144736464,24.283679230327,24.8881518757055,-3.97188322527489,6.32084432718711,-3.71788641386029,3.76977051746277,17.032673896613,5.88494064737258,11.7526464752052,-3.73902606131267,14.7182543919045,0
"375",-3.8000864636979,8.12707910821591,17.3550940524769,15.5741069755519,-0.981549430500748,9.95709651983286,16.8436115537812,17.6310292628191,-0.860741453235114,25.8602466150261,23.676858328972,-5.31753623286581,8.30441244508152,-7.03703911223038,6.47802521405742,21.7948783817225,6.9357606958438,13.9915019822705,-3.58155529140747,14.9225078997153,0
"376",-1.09323878708302,6.01389349856983,19.3761708137957,12.8891548776698,-1.72152455251413,12.8785160477051,12.4841276158617,22.0702383126575,1.25240010952565,25.4634874504372,24.1670276849982,-2.72046237849377,5.69006736258906,-8.66434543582992,3.1295373635423,20.8791262388865,5.8904979472484,10.4011926527072,-5.66537680079247,14.3146616713589,0
"377",-3.26660367853516,7.04309368093121,19.332555272111,12.9284306408823,-0.215450369158332,9.67509567269262,12.4900148976753,22.8976170183667,4.92657028323928,23.0586947028369,24.9819114141397,-4.74198324451566,5.82890687664958,-9.05654469993056,2.90096882502229,19.6514641103036,4.82184949234579,11.6180493681943,-4.14196126126505,16.5578096460696,1
"378",-3.97689299201634,8.42250025622041,18.8479172296934,13.198560199472,-2.09463919939186,11.0211879165307,12.0710887792156,24.019633550056,1.48474202083092,24.807178576396,25.3604014653007,-6.18476853996915,6.70920380709444,-1.41746468968936,3.09536783849278,18.9512046988343,2.4989358972594,11.7710464776452,-1.92027581267528,13.3857661766565,0
"379",-0.205698710711453,4.19999885387143,18.6799938241897,10.9154597509832,-1.14890686386104,11.8796209717912,15.4839611640198,20.5697308168841,-0.107738086157924,24.35191421847,27.9945648783662,-2.46328560178337,4.70154529917503,-4.57309372477375,2.69210738969879,17.5513801276242,5.17905542003628,12.0412645965189,-0.0378287335284386,14.1371080036203,0
"380",-3.65931562421601,8.96102568115452,22.4842562670354,13.5486050340808,2.64483963599331,10.6065500670769,14.9670720784242,20.4479148360444,-1.08474621168399,25.3517176270808,21.1075912662422,-7.12256037425811,5.38978873847707,-2.95153494112082,0.293809570713796,19.6672473006112,4.56501639116522,13.884886515877,-5.13712754937113,15.9194313872952,1
"381",-2.00503734650326,6.49430189346402,22.0521376809339,9.79259240059483,4.07856043153149,7.66301310375016,15.9133197027124,18.6170146894678,1.37118353714535,27.2205008508539,27.6916876086023,-1.22129979697532,2.93539574626598,-4.52899782977598,1.29188314773872,17.050608498783,4.62250535211225,9.0701458073705,-2.94304530136793,9.96150466530235,0
"382",-3.67296337637018,6.70095726956276,20.0776729681871,12.2185293328094,-0.497359512820461,13.4184079975605,13.5583738869604,21.1520451527454,-0.324725802797781,24.5373882984386,25.7264240030666,-1.22009333680514,3.54485875526038,-6.8658809836612,3.50818188439611,20.4452022971586,6.10276882074236,10.7651064677568,-4.85441852438622,14.7547898345825,0
"383",-0.968213813135621,4.50766608728741,23.708713724075,8.00506982405991,1.19560350824694,8.6777429242703,20.1864785987253,16.6798921445018,-1.64231632172408,27.0406246944263,24.2152272511935,-1.26160005202146,7.77112808927371,-4.9848088468012,4.92095281667676,19.6772614857227,7.50585263540915,12.4668588608907,-2.27005957471135,17.8232127004473,0
"384",-2.58608106212084,0.690793959623302,23.4237499674006,12.8937457501694,0.527694313618593,12.6197906940327,7.51335944320941,21.9287857047649,4.64940028528763,22.7014404056812,31.0286480016552,-7.43704150227202,2.34406237527027,-0.272524295346707,1.75398462805109,16.2382843399201,0.93733286011825,9.52273033269829,-2.27133764132753,10.8892375906705,0
"385",-0.826764024230701,2.55775228905102,23.2962085504645,13.4381108783514,-2.97188661507554,13.3204398472084,8.79991478293278,20.1915989267206,0.694194597913582,24.380948317483,24.5808769760962,-7.3530432538149,4.29288381000535,-2.62402028894922,5.47984002213411,20.4243915238154,6.87303339871405,13.8802111001895,-3.64954839160397,13.5106806526091,0
"386",-3.78388185883946,8.27843045431057,16.6805356455226,10.869687520947,-3.09730587653009,12.3290038877303,15.1460613546656,20.4498945353058,-1.10432972015302,24.6131556212438,26.2907484415311,-5.32621799362092,8.35256884814782,-2.88182732741643,0.126311970176547,18.4122368586894,3.51068343795335,10.8515938873923,-3.96083195881693,15.9944655645822,0
"387",-3.35975492186737,8.125750956832,17.7095553058139,14.9523567997572,1.93885461825354,12.4488970467963,10.5705118516513,21.1127511588694,2.44900178791932,24.3036266015061,22.5921349058981,-4.72210810683524,1.15691097276767,-6.51955519970334,-0.714435788511024,18.7933311415947,5.87657790779209,15.7755509395233,-6.49611627880275,14.9028678386133,1
"388",-3.54779673476308,6.63961371289634,15.2745245426586,15.8373447080675,-0.326901634837819,11.2230548122288,10.8110907565132,19.3360359913275,2.29330157026803,25.6143094800554,24.9522332743078,-6.83111291379819,5.77336494227882,1.92258189600616,1.34825986573893,18.7698921539194,3.50049297756055,13.1205762023552,-3.29001659082617,11.9837825628142,0
"389",-0.67164415960433,2.97808041543306,21.1483413698112,10.9277158272818,0.0137104809554169,10.3382471120137,11.6670981647315,22.8577679270856,0.357331587817511,25.8764720195425,27.9150804282166,-2.79377282394171,6.24575486914966,-3.5922147080645,5.4660120766094,21.2477909030769,4.08972589013107,14.5448489371114,-3.29521355666192,12.9143398148364,1
"390",-2.9317528049258,7.85880816075896,18.6195701061516,14.7476497755367,3.18939879962462,10.8904532625308,13.6938099587756,18.4612019696744,-0.672003277950749,26.4990409122705,21.1865981041649,-5.9485390075811,3.91129032214649,-7.21923270067293,1.13272789593435,19.4459572494408,7.97489534178208,15.584530141432,-4.38906705971791,17.8085712372817,1
"391",-2.39044124314852,7.91070405647743,17.9694066591651,12.5729674771626,-0.306976343905123,9.2174383748777,14.1866502323192,20.1001459398311,4.42915382916297,24.872227428735,30.0454068794587,-8.1229889042219,10.8608955909011,-5.40402328108788,3.51731389505157,21.533061135696,4.62588004003869,12.7951174802606,-4.73497325634626,12.4841798423771,1
"392",-2.98437197337358,4.50010300607444,17.940805650816,14.0815070096174,-2.54218522796558,10.3047895250067,14.4182625413757,23.726585175846,4.60851983753648,24.798038066744,23.5390750915871,-7.48979463522236,5.58416592297347,-3.78011052559814,3.49691423749454,17.6970828528914,7.80135357456229,15.1050896451253,-1.48940997950327,14.8265856963468,1
"393",-2.7039687453485,8.82196825012353,18.2794760751008,12.8860062387608,1.6061088737311,10.1069624280613,11.5751397122558,21.2357495635885,0.313579252844264,24.4262729099422,25.6490866065426,-5.79387427223276,5.25110235776133,-6.5532825625525,3.63082445227651,18.8487668135419,8.2640349229714,14.0877321306437,-1.67979172021242,13.2784650941658,1
"394",-0.129364352886603,3.94821139991867,22.3291121181174,11.0383465146384,0.620219756068309,11.3520220131132,14.0317991969665,26.5691563779873,3.11634998164241,23.3604176762343,20.1274903509545,-0.7534723884092,5.37054370828503,-5.20355423783829,-1.71787279474079,19.7007709335877,3.74297291205637,11.8920540908066,-4.04666846581826,19.5789505326644,1
"395",-3.11964281011013,7.04946333839341,21.6305334816579,12.8914719670007,0.945924422627382,15.3485170864665,16.0475464292268,23.3276066143031,2.46782587396675,24.2380507314015,22.2865921146517,-4.21206881089581,10.8152143991161,-6.52304977582963,-0.224774444931165,18.7924364741074,4.01897812075521,11.6407037873404,-3.32589087581489,12.6649091103245,0
"396",-3.09557988922581,5.63344995964061,24.7158389428404,8.57170197551632,1.61024585510321,9.68013182120381,12.2642395679798,19.7616279295298,0.698805289698357,26.9379055051318,25.706475517839,-4.54698894103171,5.70819397349746,-2.74533488696712,4.32599986092398,21.2189105443027,6.55496163675934,14.4321167041705,-3.84159658749511,12.8010644224672,1
"397",-3.31009234608737,4.8775241812929,22.0111516184031,12.149846204381,2.83190552999937,14.2307532422735,12.9333702340691,21.6860647472772,1.2114469220733,25.362227850581,23.6523025970929,0.682291482489565,10.7017692436295,-3.81659179764246,0.763603204906461,24.0749402939837,4.51354495061293,13.5870343149991,-1.44097947694708,16.1448556320957,1
"398",-0.583813209613445,8.04981610096392,19.0999707307693,10.4375559887253,1.80495451512794,13.0699064316199,13.3256820920976,25.3498732291984,2.50124649859212,23.1669837834762,26.1274440720957,-12.2940657755743,5.93896175713825,-6.86140952309218,4.44315357050601,16.554056124498,2.85873439111372,14.1885742907307,-3.94903307029463,13.3930672944542,1
"399",-1.2476840595856,4.42300651750428,19.4846538363851,12.6019538193718,-0.914369536413807,11.1650081100227,14.9295732639771,18.6190120762482,-2.35197514719959,27.771033301089,26.9265099135301,2.73803553992713,7.48783126874001,-4.59123173576176,0.936135449669876,16.8492571188874,2.27349318518121,8.94734147302595,-8.18146588260583,14.361165698218,0
"400",-2.11188015804457,4.54672378895694,21.5596716912265,12.5111228438064,1.78274198915307,10.2838849771797,15.9195074134,21.7521798082303,1.97955553783974,24.7694478120965,24.479154750584,-6.63250246728383,9.92765765116112,3.13502448515901,4.3712591993132,18.493628084863,3.08457263393954,17.3395095517532,-2.41473748867667,17.2832308111311,0
"401",-1.78610976298923,4.80715623864172,23.222122213831,12.5439015774884,4.27850399112536,14.2907415354764,10.0183573736819,22.9519200334608,0.360316972417747,24.6499897294356,22.9363267161393,-4.27082304830697,4.85481546557016,-3.42079233768822,1.94634501543601,22.5775771863329,8.59624065940487,12.2481573496323,-4.7332140262541,17.8865093290548,1
"402",-3.72370700246816,9.83567157300677,18.0166080952747,16.3366674512087,1.40543758351661,16.7099188579364,11.0822780420476,23.9000865021691,0.980936184799921,24.1715956017379,22.9335245003831,-1.67244248279448,6.49421901490352,-6.32886859841003,4.33628425456433,21.7515517062908,10.0390636206048,13.9999749839306,-0.789015416066192,16.4926629801629,0
"403",-2.92309656512708,6.34851919410356,19.8475971739198,13.8264034873079,0.040513586505595,13.7508035642318,15.729584153404,22.4111058442525,-0.618062683221848,24.3300504366599,22.6576848827069,-3.04713371373372,3.18192767656982,-3.31057473270343,-2.35109836792242,20.8786114269049,5.78606224932699,13.7101561121483,-3.50717631370175,15.2940138637143,1
"404",-5.20626759905274,6.18985385847462,17.8241326090818,14.8054423032151,-0.695294885620025,10.9945165362335,12.3379391016957,20.3387851520832,2.65592973847288,24.9643504565814,19.5566545267375,-1.90692669150567,6.13702193837115,-4.04140541158834,3.42661184959428,20.7681338014518,3.72565583209284,15.3240409837929,-1.7015285670709,19.5375147642716,1
"405",-2.09306480586476,8.96916630132309,19.4999054826865,9.16941420045269,-2.67091453627105,10.625313676245,16.6608989779104,20.0298805755294,0.749854521984335,26.0422077703457,24.8099944005807,-4.72517330735734,5.07373163288177,-3.75455522736218,-1.32511266460767,21.332304224181,5.57308703845261,13.6554575775081,-2.04131929418451,13.481489954414,1
"406",-2.54514027168946,7.1396453318326,20.3240079168033,13.045888315451,-0.633763138503424,12.9187739002482,16.5389353894303,20.7405719140236,-0.271330891819654,25.1290573592507,23.3577287999519,-2.89239147300265,7.37987732364126,-3.80387512578358,3.32306835413043,20.081876014974,5.19007513107963,13.8885230255521,-1.83454504146267,16.2875748064677,0
"407",-5.0022120506834,4.42268794255313,19.5575732629188,14.4379604812427,3.06931249581278,13.0661755613908,13.4448091222684,22.4215270534604,0.941927011297476,24.1832969538308,29.5297311161564,-11.5364489412613,8.61745060466246,-5.68681463473303,8.40878998679128,24.0771655949139,10.2159845849377,9.87087193747613,0.232697748679082,14.5460444703323,1
"408",-2.73127007587175,5.16415117138388,20.6137895733615,11.4801975499253,1.74836859144567,13.1136894295906,16.0758498298072,20.6833290046867,1.50007282791138,23.9718710213599,25.6000646272642,-6.00533341686404,3.51849814381777,-2.1059143654192,3.66728592008617,21.3078361620285,7.32916598002389,14.3637012677165,1.0489116897441,16.79483649805,0
"409",-2.67855223994051,7.20906412187759,18.5127912497843,12.8379125156513,1.96715822983299,11.0883646170145,11.2448012274996,23.9070441264215,3.26748424923443,23.9527497874942,25.1491662156967,-7.91667300986051,6.17550389388165,-2.60379139516138,2.76108992949948,21.0822705667339,7.40069372141674,14.1170826284403,-1.75635372080533,16.2623148607915,1
"410",-4.85361427923985,4.14673663035564,14.2444981151637,16.7925239917592,-3.91514715662676,15.8139870174483,15.258143883306,21.5329986258564,-2.32228808643362,25.2430776656632,29.2658789400568,-1.33540801228121,0.441060716186903,-3.06312386176722,3.2941430779914,20.0297731769623,8.68419644408528,13.2150006492488,-1.63513854746425,12.4079554658659,0
"411",-1.01857613425283,3.56627447489381,19.7244713025929,16.0003418615451,-1.03614891782059,7.63256369785614,11.7045518044548,18.3465342088243,3.90741112317587,27.0116957544102,28.7986787751332,-5.0685545817462,9.8501996420233,-2.6210334205999,4.93348752400917,24.0747971358637,5.50901169236557,12.3053373632205,0.0784580786496729,14.3460480204528,1
"412",-3.86987341700537,6.13251326536853,19.0392882548872,14.529766126978,-1.98100842876109,11.7348767167866,10.9725329142417,22.5230421658992,3.35491347880266,22.396564645339,24.9330463515953,-6.51558168877352,5.13566165236104,-7.31485221225545,-0.0446774007253055,20.1663797059591,3.77693659343026,10.7930706268488,-5.91050303182156,17.5904775224625,1
"413",-2.47022379237976,7.89075546770776,16.4802454387098,13.5135210801272,-2.2376084686611,15.9720689952821,11.4811653478823,22.2820227905244,-1.39682479708162,24.5699894924685,23.0665622693004,-4.81364340788319,6.62676153843293,-4.10835787909226,1.78274255187401,20.9672752997076,7.20760655153684,13.7133727406391,-4.47394627033775,16.1699994553738,1
"414",-1.27020770862463,4.28831603256747,19.4643148407866,13.9338556121808,0.727073205838241,13.3410227626673,10.5965998603405,24.1382494687932,3.71150078491231,22.5239589669163,25.3090428756806,-1.97848585981302,3.48626733372973,-5.52874233060048,10.1676764413257,22.4427236303943,7.92564607053905,12.4305423886834,-7.19249622777474,14.8065319573191,0
"415",2.91211206974378,4.95679926218666,24.0586244685248,11.0677021181917,2.76946283536301,11.9997041522744,9.02570477702119,20.4435628370514,1.03032370595365,22.8822208410949,23.9917263662728,-8.47788774668481,6.53726862495939,-4.32129540517618,6.19022609779078,18.3964172354443,9.06747807632368,14.0507494582831,-0.544058374948806,15.7947853984498,1
"416",-2.66025086934506,2.70643726745017,25.0570521432088,10.6286396803043,2.65717975310121,11.9486269458788,13.2383240446262,20.7462485554354,2.15966566025371,24.333817237439,27.5077839242789,-3.90966093735361,1.87786840709106,-1.94253041135388,0.20879502166291,19.3622631991286,7.29021161421327,11.9601090536759,-1.29676996451652,13.6220483735461,0
"417",-4.30991446499578,5.42570648621779,16.1553179003214,17.0033885884739,-2.46868717768281,12.2086131183505,11.8392527966939,23.1898115348408,5.54342850253135,23.7694137814588,27.8435076334975,-8.27439823701472,5.86120175973089,-5.85718939890778,5.51461285233468,19.9881009350777,6.09202561268555,13.3491153615016,1.14808797764847,14.7367991118353,1
"418",-0.790431031546952,3.85787629254103,20.7266357933089,13.1780091070715,-0.431003535340666,13.2912754270016,15.2142429783642,22.3426584348908,1.19983457424185,26.526399763058,24.9496107822619,-2.63338670628484,1.30783708994838,-4.78932897721666,2.3298807177857,20.7355356429386,7.77643029057108,13.6893927997076,-5.67180945716588,12.6867290223006,1
"419",-4.14354163325827,10.7215693308158,18.4789449728715,13.045061844449,-1.28348863770372,14.1035074913179,12.0719580539698,21.6560483111922,3.83826063918847,24.1944439695934,23.4461836959367,-6.77758406684756,5.69917873597911,-2.13647620806969,5.10204635421769,20.9488453878349,9.34491721170625,15.6877863681275,0.573963368251991,16.5493976635599,0
"420",0.0780119812227458,1.94878516334885,22.9647032959062,14.5875566592216,-2.13657838890143,15.2877023979446,10.7620824439601,22.6034776948018,1.32532256683072,24.4420837355713,29.8543733494068,-3.99026766714627,4.36295259864772,1.57544483268338,2.29065044140581,14.7561426671446,3.54522207573471,10.6577420090687,-2.46370967101741,11.676618020596,0
"421",-1.9399558886789,5.63395997486581,22.807164732612,12.7913953982103,0.686927909671915,15.4457212763389,12.1842843304367,22.7844977123958,-0.193256053254453,25.1139743717829,23.3613425778299,-1.83323637335182,7.12755629015293,-5.98602753641788,3.55736924064178,19.5837686155482,3.06088546117594,12.9074496834098,-2.4008173363253,14.3124291839742,1
"422",-0.958569218806358,4.81620477092983,23.4668988913292,13.1136703648684,3.26968323561495,12.7409665920816,12.4553915709661,19.6050807223345,-0.071038764838194,24.1807994668128,28.0576360683141,-5.2598884404834,7.77336594438491,-3.62058226937865,5.96031135790475,21.5068915813745,11.1114271609556,13.287940946609,1.87919907350017,9.949823382568,1
"423",-3.03656831092855,5.44490609127182,23.789483943826,10.9211054284965,2.39996956121445,10.2268858309115,12.480357227504,20.5489251000638,2.3140513492221,26.4431665899641,28.0242340469132,-10.5093761794671,2.35278697586647,-0.168947385381965,3.50524523979578,16.7780856422924,2.90807648319017,10.9965019059644,0.598992594286933,9.07284440764734,0
"424",-2.3258133488237,4.43657192657843,22.4735871470942,12.2321573981133,4.82249443251826,11.2510792588442,15.6541730357989,20.4856149680981,1.13997916234143,26.5981970041264,20.1751573291236,1.52669003200195,6.50983272741453,-7.3222490982107,1.45504028264996,19.6136491014383,8.89328343814853,11.3140158184049,-0.803668108783516,13.7894607000423,0
"425",-0.413754542813692,3.327092431254,22.6110876558853,14.6906037315096,-3.52723707087005,11.7048121197067,10.2739001136077,19.6751921538012,0.223309679738936,25.2438295574102,24.9293404501675,-4.93916134671875,6.15155467222788,-10.3100802823279,-0.575598664385782,19.0489768405455,3.05039810030971,13.010383600003,-2.69881229478048,19.4627723610772,1
"426",-1.46575438476002,1.88453108243338,22.7008898226094,12.297196539606,0.714303142274224,11.5738858832406,10.7284641063309,19.0544963061573,2.16645378142098,23.9710231631676,26.0575301114342,-2.37052146135055,8.16492894980254,-4.20809044516658,1.63054743622097,21.891258921761,4.16202058070948,13.8573077014836,-6.54156826287886,15.5114620433731,0
"427",-0.485356627673583,5.10950621966632,19.5968103584806,13.2511851089926,-2.13681000270033,9.56623598155138,12.8444653736126,20.9009552232146,2.88846976146636,25.7591083154934,28.6941519308985,-7.76891660153563,1.14058650760858,-3.55922827540649,4.42172227499178,22.7401272554319,8.41882048651802,16.526013182222,-0.322469530800927,12.1710713736512,0
"428",-2.56584272813254,8.69280040530874,21.9666370916376,10.9427039383264,4.67532068454274,14.5960787968117,7.5861848022152,20.3034463376986,3.09343489988898,23.2353901613062,22.8812764868205,-8.23104001994898,9.59917066857839,-0.552460830829962,4.8017734762295,20.7039259522092,5.74560421429142,17.4099638119694,-0.276159859454009,19.5262584904911,0
"429",-6.80112317071381,5.32693050422611,17.7048064508489,15.8872850924069,0.503102734883674,9.71037198536598,13.1240818502421,19.2424197299487,3.41475987303445,25.5577016041601,19.5271410646688,-3.37529244843651,10.7484747365482,-5.77362171644961,7.40472389647376,23.6288782030911,9.43431577333412,18.2671749531276,-1.44290498128689,20.7501995944216,0
"430",0.0282646092297085,2.01723984163584,19.7012522865867,13.8468335511155,-4.162007766446,12.2255503184227,11.7650150400134,20.820883385796,0.365389165525302,27.5119179829202,21.7876068128049,-4.50547677489753,8.86303372470398,-2.81988522210888,2.75853121324119,19.4653737731786,4.42222295802464,12.8156775199483,-3.48794713195565,14.4979325381675,0
"431",-1.14343916320748,8.05291570196461,17.9976165310488,14.5831361172595,0.254582945149681,9.55230861643316,10.3612274624759,19.9188937476037,0.0117993830703973,24.1740732646557,26.0632112519877,-2.53253122548199,9.70445588145455,-3.2008098170775,2.36281626431667,23.8409271760764,6.59075882167943,13.2859922133066,-2.54599354699141,15.2103372135114,1
"432",-3.1116490570915,3.14282063019554,20.7863521688091,12.4336046313607,1.17123204377206,12.5620634058383,9.48325317583303,24.759136214948,5.47277521325265,23.5007274766951,23.6101167561111,-7.150429376248,5.61776863075787,-5.2613432510837,4.89801601856399,21.7552782094793,6.57982792112398,12.0620715581509,-1.99546889255776,17.6933810230453,1
"433",0.320133998157914,5.33398995395493,24.2693967801714,10.3484024478958,-1.84971934896205,13.4099771594434,13.4457435024395,25.3350819060121,3.84259938186127,23.3202544597088,27.7588849882112,-7.82277695160841,5.14142052665809,-2.34028542230034,3.84609253411055,21.0800530237246,4.67156612992018,13.9862370510224,-2.25079037864694,16.496006204202,0
"434",-0.0497914233848582,0.767058686395168,24.8067112395506,5.41230347227549,-0.0212078146359087,10.007149327246,13.5288135964908,20.7173054731282,-1.73241260018789,26.3909589884659,22.8619971081709,-6.36393591404691,5.00233933767547,-6.15520337387573,0.294181339737326,18.1959136771538,4.15411012149807,14.9790436522693,-5.28488184102626,16.4262369517444,1
"435",0.231720110206243,3.61414930855011,18.3652512543025,13.2959174339977,0.0349389572039908,10.8759373626345,12.7970441753955,18.5365677955308,0.983266008539312,25.4250620794905,25.6999956208243,2.8209044223619,4.27729245866794,-8.73947549655117,-0.906895321278796,18.0941654346505,3.63939653604236,8.40061691892947,-6.25767002662517,8.94926767438828,0
"436",-2.12754938340113,2.29141576183897,24.3170850548643,13.8063676708033,2.17231296374211,13.4861687245759,9.83825944488203,20.9332377263937,4.83359094937002,22.1014432737379,26.2861119237052,-6.65211087955903,7.04932508933426,-4.58321833126132,3.24309673550348,21.1948559828925,6.70414972078272,14.0968033128005,-1.95143895890156,12.3380251760249,1
"437",-2.22212008246251,4.74420853907502,24.1102753202963,10.2676833916741,-1.11440724216769,11.6525318645399,11.7749146173408,21.783046884014,0.00987006479543107,24.4764735468558,21.8409525893082,-0.885920618048925,6.86927463305444,-7.87107428128636,7.04486788233739,22.2545936091387,10.1034705183237,14.4842651045463,-1.9205719055119,19.9650665123218,0
"438",-4.95702060187107,8.35577647098256,15.8448522878568,13.9870354418859,1.18408788908514,18.6804340043412,4.7187093588034,21.024306753234,-0.912439674511688,22.0472224302867,21.0579571174588,-5.22751873353783,3.50106511745805,-4.3463310234067,-2.43940073528357,19.07594765254,4.6098034329625,13.002084363548,-5.57690760167256,18.8341469669288,1
"439",-1.84252641516072,4.9273614741761,23.6922292719308,14.4227483678464,4.16877776811433,12.8933840483705,10.2901622308234,22.5909296722561,-0.296415450528004,24.3256314900198,24.0849714584999,-3.60546575018392,6.50009449466813,-5.3354142485849,1.64325579259188,18.0743673725218,5.18812216199876,12.2081974591131,-1.50576113894108,11.5721553720941,1
"440",-2.91625911669435,4.54999682600154,22.5200905455405,13.1276718553119,2.79741450328688,8.87518410252007,16.2434281878211,17.9398783104206,0.240524769239593,26.0578326538038,25.7006082998638,-7.17123690691532,6.75589112581672,-2.25937382388994,2.28464988970437,20.6563868460307,5.12710664119578,17.529203133642,-1.12443064972938,14.8283967952229,1
"441",-5.53320853032146,8.47704943112618,20.0343024333529,11.4553828801974,0.922169000840162,15.8397024295002,11.8648897833811,21.6403530359116,-0.119838358456811,24.1887041945699,26.7684464782841,-7.26350883434857,7.80063322074258,-6.1305586346494,4.4101118328759,23.3974228103389,9.81444576201358,10.7347843343718,2.74919894066478,20.0188138510777,1
"442",-3.38093341892629,7.69377790456916,17.6736897955118,14.3081884007151,0.925341196736695,14.0150804341701,12.3426905565178,22.329945280328,1.16548133498834,25.4043033869143,22.6603178538147,-3.97466995108802,7.56040518207583,-3.23700002564326,1.74237084872877,23.2804742143715,4.06816947310547,11.5955526724569,-1.63612426950762,17.1921185501534,1
"443",-0.680736930385639,6.54179570090369,18.6770208899537,14.137566973193,-0.0718833504584631,13.8907197981499,9.29450139671563,20.5223663959067,0.741256453313616,23.7741786035364,26.1523024227816,-4.38154551911362,9.38075263624221,-4.5585811859364,2.85481569889094,20.8431678368276,3.67383158584477,13.4087669743441,0.756891503539352,13.00896299438,1
"444",0.0336185607243329,4.68777738896745,22.346388226679,13.6751288170908,0.411631290492986,14.1478125761113,13.7130331243742,19.1481699008562,0.88558332289836,24.9063939084296,20.046215296563,-5.63356636450466,5.76056740398347,-4.84638322979762,-5.56392086323029,19.0575770452048,4.27108835073556,12.105958099515,-4.72261309637712,18.3619904227271,1
"445",-4.69087615050566,6.41347613116024,19.4252487860449,13.3383686843895,-0.720246307666974,12.2139746744775,9.43494438344024,22.3665730535702,1.29992279039695,23.0208552668595,20.0284794390224,-4.11279431255494,3.07092629466206,-2.6589651343458,0.554466943122878,21.3417017394344,6.87642334605421,14.3426323637203,-5.64556935416969,20.0924303657763,1
"446",-0.113772582816995,4.16015875292098,20.9221574249483,12.7101017479812,-4.54345234500579,12.3981991488279,10.6621620441686,23.9892690563398,1.09818065268275,24.8095425267572,24.850232125419,-7.99148977915709,5.58418987289216,-3.93128524801747,3.0094566060749,22.1447286325439,5.18075178222842,14.9311535228157,-1.72622995715571,14.6139895698701,1
"447",-3.56904908702699,7.84107429436853,19.5521771009087,12.098492669568,2.98360659094035,11.5037347363333,14.5838946664238,18.9834844037689,1.60066544593541,27.0252652964763,21.8758342657382,-0.940550421796578,7.8100026034739,-1.40513569234231,2.28396796043238,20.9008481645715,6.99852056836827,14.1650604443689,-3.32621125316675,14.6203818443301,1
"448",-1.61588494911968,-2.04210925506475,20.0365547540917,14.9116480711195,-1.89100395302716,15.0035290873566,6.19480560993584,22.0955722514825,4.32699900171577,23.3703658974984,26.7782246061441,-5.57619306061833,7.08458184021565,-4.29594479662292,4.69225057522882,21.9259621947819,5.69091221867577,13.5628532535825,-3.72121564538075,13.7810591462795,1
"449",-1.49306648959746,5.08593192126495,23.8199647683928,11.678573511017,1.83234583406288,12.3642500621287,13.3741702010118,19.5455017027875,0.622292040233499,26.0453760196614,22.0938346740907,-4.83671454465406,6.94237785865605,-5.5461238849494,0.0210484764563446,20.4295483153367,1.44431024053881,12.7249915771357,-5.07713388857577,18.0169217288423,1
"450",-4.15788893988464,3.71631886831437,23.7207683368191,10.5713448139528,1.6795769701758,12.1730843670716,9.93391996746582,22.9217448845955,-0.23921144465692,24.9165665851951,22.5481344641308,-6.11366327883361,8.28347346831012,1.42774978125624,5.32921847396835,18.0727261729224,6.72935005441527,15.0418294571816,-1.67577343996593,17.5626523270749,0
"451",-3.64568771434149,9.64704554688886,16.6241643491124,8.09229061553556,1.04709250786933,12.606335814481,13.3439517495966,20.6114516041275,0.243307552414397,24.7105785729291,28.5953348420767,-0.480610406846224,3.11158821312923,-5.71365953007166,2.10150292308299,20.4307488303264,5.40678675080654,10.1781569208101,-3.15030129347683,11.6695187148706,0
"452",-2.43477375496633,5.06957220492564,20.1862632874383,13.03863191776,0.270146269824661,14.1075332229562,10.7756313956488,21.1885704873052,1.44599431899573,25.0996625348933,21.3019438646728,-2.82476481998135,5.42235756039181,-6.10445706760288,0.637315711868309,19.6867500958919,4.08453329278637,14.0664217931056,-4.87116075802712,16.1666661389357,1
"453",-1.75686363833287,0.377394152502633,25.2560251537097,12.1709870564284,0.918868631281766,13.6691446616405,12.4288468532764,22.6409679473737,0.67615790789173,25.8374989381985,22.5902620906742,0.709266365166834,11.2378389633277,-4.60192312445295,2.12099145809832,22.8133524996223,2.76545773482252,10.955367587505,0.364749697494513,13.2882873173674,1
"454",-2.79191554688198,9.20679092617012,14.2690291287715,14.299301636729,1.17704353202011,7.144541652308,14.3854567510544,19.2066720454986,0.407671564231395,26.059720686064,27.4943210845088,-2.13252042371314,6.72385297155702,-1.40929538304673,4.61019044506029,22.9112125660135,7.12633646157668,14.2880102620943,-1.14066686047076,10.9189972404988,1
"455",-2.34750540086094,4.17992524592702,17.1701145098516,15.5024830776081,-3.05132990164128,13.4880844935424,8.47231172744617,18.8099232215755,-1.82561112104434,25.5753209225135,26.6032457469581,-3.16053202458034,10.6523443553237,-6.76389567677211,3.80461942060947,21.1785720037477,1.47537199509462,12.1501963121421,-0.608525794125144,16.8448103069608,1
"456",-5.35432316291422,5.45922557898493,22.7104590135773,12.1685775155431,1.59362150398774,14.7771240787973,11.5443554510889,21.1679394018285,-2.77458721406347,26.0307237563559,23.7012494960542,1.1694600835386,7.32905257920627,-7.76021995047332,-0.566452658455397,19.4902882156361,3.95216023040743,9.85251481046575,-1.87423801267362,14.703388145101,1
"457",-2.02351726888906,5.80175021486148,20.6558339220377,11.4039314417567,2.32577148724611,11.7819415782612,12.9002865094629,17.4558076260825,-2.08457269983608,27.2372149649448,25.1719894757739,-2.01766547620348,6.27815666768408,-7.59316788292455,0.158658114613358,20.4841981249018,6.69364616120071,10.3027999353782,-1.07341210382041,13.0177172803749,0
"458",-1.70961983778106,6.67290220826074,18.3235446870569,11.2691792903464,-0.789973490019175,10.79397423265,12.1117089002673,20.5985978287433,-0.37583495667698,24.4672809472014,21.8512594697491,-0.941145610706226,4.66435401728885,-4.9971111089242,-0.404712387091401,19.3998687251184,1.9030070599205,14.0014320953002,-5.30373101316099,15.0339677737615,1
"459",-1.9855415309666,8.92346563754571,19.9756582083392,10.395527690134,0.725021148663691,15.6564372698455,6.44984659131209,21.4862275832764,4.49174527190945,22.8179504851153,27.5376367031528,-7.66023960925646,7.75765389466421,-4.89267013339502,2.99040844637848,18.8086687084855,1.50837543289238,14.4032375931031,-2.69791571558867,13.5357512614488,1
"460",-2.22987278693883,10.0345496259142,20.401633826379,10.2754039722762,1.91009274254268,13.6149705533378,11.4139403709264,19.4252313164115,2.9111812405389,24.1196525992082,26.4371167169642,-2.41928597287713,4.73144649954868,-4.84581522660849,2.5520281714519,18.7417659341067,8.21277374820502,12.9986712166426,-0.836007631348369,12.7066047790837,0
"461",-2.88991609568217,6.52920022691005,19.8627226482626,10.584062885566,-0.834234844806361,11.3821499510683,11.8338194935427,19.0701904969729,1.46412072088987,25.2603908220625,23.0837246649813,-3.54782035833181,4.43814694558916,-5.31161380969674,4.65681151548382,22.4013381253725,7.57325180915576,12.0766198906103,-5.08444446527904,15.4988977792436,0
"462",-1.59276507296657,3.93418540056597,19.8106095421644,13.3703890346843,-4.7483344570996,15.3134328141114,10.6677087897235,25.5354807593365,4.05306053420439,22.1885663841084,21.6910726929495,-5.92080934641247,3.09544407311832,-6.07155868521249,-2.75878031720799,19.0044713550537,5.57290742603393,11.8069391790375,-2.84314812602072,13.9860276578445,1
"463",-2.36745976800671,8.65764334735556,21.369678027717,12.6782610905723,1.63626044899948,8.38337190395132,19.1832370081917,20.3427348815401,1.9700521292435,25.7560924473169,29.5129516202049,-1.47576296437936,3.36955126830881,-2.54723796087934,4.3676584493629,17.8519250253738,6.87960162078368,13.7932002449255,-1.80688026730621,15.8888287199368,0
"464",-1.84408575813463,7.54927353631636,18.202509250452,11.915049964102,0.775539254708695,11.8916885332661,11.7713409422012,19.7819957260122,3.02844584535506,25.0659051164253,27.4731352024895,-11.0641155496641,4.3303810201313,-5.96465214782924,2.18758890497299,22.3205225418584,5.86847354947629,12.4182539345082,-0.790737632848397,17.7065087001946,1
"465",-1.29049756019517,9.66257591753889,18.2547014058459,11.5766158376668,-2.70652965644339,13.2233604583671,11.3764553627014,22.5893778387785,-0.453948545511544,24.3247576390565,25.6033237038696,-2.76520070425118,3.19055305300077,-6.00879064303506,5.85116166614097,20.542473017226,6.81940473898261,11.8299111392053,-4.42368776850553,14.4638523612998,0
"466",-0.0773791573929494,5.27781913709113,22.249481882792,12.2249397334025,2.91797890917993,13.5580647081521,13.4214789442534,22.9367300312482,1.40242456617515,23.8033134776666,25.9762819693398,-7.33480844150784,5.62489788533705,-2.32571262887004,2.44632463790178,21.3014478572929,5.40541536021808,12.8467440385481,-2.02576916435862,14.6510055532525,0
"467",-0.151961873965192,1.8892733655336,24.8483460127459,13.216037324202,0.394734839025157,13.2131642107433,10.5483875006215,20.3189128597246,-1.31140805339641,24.9373481616232,26.4935894457168,-8.35663236118363,8.05919137989657,-5.7240257158913,2.55974234727581,22.1837407071413,8.48282143509199,13.6267388021243,-4.28717323225759,15.0706705048189,1
"468",-5.68571700365516,8.268801224576,19.8655053020036,16.0483456017634,1.45540774516808,13.2497398527681,17.0657658048863,19.7542171247656,-1.43295239044717,27.3758289890606,27.526081203181,-6.31545564295267,5.54426996500186,-5.71230373839617,6.37733143490695,21.2987453541438,5.91011571441139,13.3826918388403,-2.95498025047318,17.2793417913742,0
"469",-1.10195612885719,5.7836942276203,17.5190380008455,16.4686646909484,-0.0210904845911945,11.6094391228112,10.1909027252763,24.8066382674861,3.64587819152707,23.8130045586947,26.4305712797584,-14.4874461277241,7.49987180335092,-8.26167095033296,2.58736857153231,18.4663516910395,0.36775445641223,14.5191607576243,-3.18059980644759,18.2299370578047,1
"470",-0.711268399582384,2.95776754046279,17.732641136193,12.9650161902868,-3.87565046124703,13.9815929413129,8.65531952152386,22.8811003837332,4.94817027483059,22.0786522168047,23.3385038705627,-4.66852481388164,7.41607582845526,-2.89920789632348,0.482429488212422,22.4721216906078,3.86645490803266,13.9705783391623,-0.441382234925469,14.1839489895984,1
"471",-0.545100726217651,5.60617024126605,22.0383794545344,12.6810050038604,-2.47387990951126,13.7808588231157,15.3334079331817,22.4975888706558,-0.57543920879696,23.8116704307421,23.6679297889856,-4.56698280373467,9.273965378802,-0.795640271227424,0.284032583678986,18.4694563807754,0.450074236093542,11.9268854977345,-7.54785851099975,13.3174561919253,0
"472",-4.11649432055513,8.58841913091658,15.5621061493474,11.2658029886043,-3.57041688992973,12.1970004574225,11.4393155606269,21.0983052782578,-1.23630720928914,25.279446848406,25.8979944926254,-3.39569660702676,5.75470370039937,-2.73289969932942,1.47319972883174,17.7278519235109,2.93307922910095,11.2120538175393,-3.44945681515206,12.749944950904,0
"473",-0.902890309109925,3.17425310047342,17.2868679678594,14.6447991964908,-4.34601560764444,12.4417346587598,12.7278713265534,17.5993693011791,0.122057516574343,23.843400686779,25.1202536914116,-3.49410420176567,5.11235788601388,-4.65680214370278,3.5055035740503,17.3242363189498,0.811258326706694,8.57950451373406,-7.2491178085863,12.2595392130492,0
"474",-3.33789987006665,9.73776737199515,17.8869967533588,13.8121179462384,0.147315050394029,12.9299337897912,10.0834894430528,24.1548360729505,1.78059184460734,24.5475705300744,20.6583169189273,-4.42495006371021,3.72437133957131,-5.30778320072202,-0.180050386768416,16.2287606470402,-0.451750837708198,13.5852601140622,-9.60925276573849,16.0047636991536,1
"475",-3.34619172495281,6.45195017296468,19.8605341599853,10.53771494505,-1.22634130470339,10.3530543658328,11.19143885079,21.0055411417692,5.24116733323102,23.3846498268574,25.0547466738549,0.379240317861508,7.74977124275136,-5.0677008069321,2.94195847867469,20.0734620179874,6.35039308736173,13.6919730978563,-7.54233302598289,18.545339881563,0
"476",-4.84626824008408,9.73706941499624,16.5141087694186,11.5492492664695,0.463532717228227,10.1792955119501,16.5878408845167,18.702351137123,-0.831329602078837,27.315688643972,23.1481774169893,-3.33064522877995,2.56091538534382,-7.41820395768628,-3.04807851355232,16.1703356713986,6.20008182306786,13.6109349727461,-5.63238613984385,13.2190712033104,1
"477",-2.71599799484818,3.52849604467089,20.4820406335463,12.4669979978652,-4.97770955303394,8.67334535986929,11.7224273303367,20.6066241510866,2.58374128187208,24.8241995286923,21.0269964715006,-5.22234204723887,4.17926117316957,-5.2898023951788,1.44556910079255,19.1218390508384,6.22549164806536,13.3527886250047,-1.23417263575182,17.8133411351884,1
"478",-3.89616237052993,9.79056582564987,19.9090973960469,11.6590092418673,3.8040625457549,10.2280678958465,16.8513157240609,19.16371788866,1.29045780285361,26.1310528694906,23.1918077309348,-3.2158174304753,6.11544900342102,-6.15624056803414,3.49406966152816,19.0886663571071,7.50091718958516,12.1253916204275,-0.987070680161293,14.0817261722186,0
"479",-2.09582036758069,2.77588544415132,22.7013348590637,12.9681995446709,1.77903720842155,10.563634903466,15.0303862457778,20.3834630959689,1.3230329486649,26.6975226728258,24.2617693088111,-4.36509704965265,4.15910251152784,-6.07270179163942,-2.97886172430036,21.3846737358983,3.7468859797332,11.7315636228554,-4.07284778709072,18.9669800263753,1
"480",-2.8860699946533,6.62876835919019,18.8203571651488,9.39327410319782,2.4860140049846,11.0989564479224,14.0795158547463,17.5245793589189,1.9815758114228,25.6439353070697,25.9705835835616,0.666826452004182,4.17206086045364,-8.90728135223422,5.84172193160827,18.8643631432276,6.20849802014867,11.3063879008449,-0.414868989685385,16.2655140281907,0
"481",-3.39961310496403,4.67425313071956,20.7413791162013,9.11408695216643,1.73827059392055,13.5291529409088,8.22300540294732,21.2572529129976,3.50002053615981,23.5039176935346,26.6341609137933,-8.62376691225862,7.82871300589171,-6.56908772639387,0.940145892328549,19.7376961194237,8.99328600945143,11.9610283260435,-1.2095677419361,13.4465674543005,1
"482",-4.43951575141349,6.54121294510132,22.1999509350918,10.4355747794039,1.19635638567639,12.1377695340155,9.72694610837162,22.3961671904268,6.35210759169973,24.1361233902835,23.7450677651432,-4.00534861765712,6.51038062696473,-5.29981079502172,-0.830258719772167,19.3510802443553,10.7783587070632,12.5690035910988,-0.0615821673744787,14.1051249912591,1
"483",-2.66103050793115,4.73342288388574,18.6881177560597,15.1321466907995,-1.4008725489881,13.3495126552847,10.4441592860526,21.7988322280612,4.55941279690105,25.2784648230926,26.3964191338947,-8.47765529865733,5.70400317264247,-3.80287161112722,4.06022583318899,21.9841872431278,4.76685938820247,15.6897023036817,-2.81224386288917,18.2942241561687,1
"484",-1.75326010422296,3.42512787668945,22.7547777105131,12.2215273521984,-1.26424965340724,13.7032549239538,13.6766069053749,21.6259420224006,-0.284561861388538,26.1579312562402,28.7463346908986,-0.288625327381936,4.33662173470245,-3.45474734588019,2.98248102481577,15.9485936795383,3.21940419213586,11.012208174541,-3.49313841637749,11.5558369671802,0
"485",-0.843416392701987,5.46412403751735,21.3314175641393,10.9408349651562,0.555425734053409,10.5602368741904,8.37176700263614,22.5899753433455,4.868760494992,22.1358710114607,24.4163887442788,-0.412738060439972,5.72284128214191,-8.8825714973287,4.45461616676977,20.0178124235352,5.82515216328212,10.3317597650713,-5.56426838751327,17.4064413829221,0
"486",-0.848897571538089,6.87650805157052,17.6563199592884,13.5274029857515,-2.26198516759018,10.4071544241729,13.7971923205411,21.3243582391998,4.46561822427931,24.4120219520866,27.2190982096668,-1.47226286764364,4.89850538985887,-7.57620314210712,3.90447800715782,20.8585106201669,7.17798739380134,11.0020390568001,-5.20373883045488,13.4762191384129,0
"487",-7.56493896670294,12.933174222364,18.382720210257,9.16593991041491,8.39016349159678,12.8156403019687,12.5616165278237,21.5151143230544,0.533857724196098,24.6015839651417,23.2740693123606,-2.03684662931855,5.0857271121604,-5.31906612725671,-0.0533225439210385,19.6019870535059,7.08784183491739,13.6249896259345,-4.50919205320946,14.34603431521,1
"488",-4.60820782322161,8.8547779348634,18.4588643014652,15.7105379394112,5.44972642328778,14.5455793029554,12.1629838346899,24.2244470209483,3.39092537930616,23.3821170872359,25.0226170699446,-8.80979214329787,10.204026012455,-4.40770988048633,8.21781658586788,20.0744154424854,3.75534366505624,15.6895350261983,1.26734650854221,15.7884442590421,1
"489",-4.7553208078076,5.41137070356282,23.3376531504882,11.9206891143714,1.65306594295456,15.1618745400612,14.2562138363172,22.8598666352922,-0.789048889463384,24.7406617426135,23.474082006455,-5.08173492300343,4.81815918654309,-6.64418776906965,1.93038021735558,21.448315193878,5.67322505874635,13.5477762663762,-3.91794441662031,15.8840422902201,1
"490",-2.16433818806073,4.56142440679159,18.6860218096774,13.4378056907123,-1.70530734634822,13.1296659878473,14.3776129508163,18.5574592089702,-0.933130999074391,25.6279608346606,27.7967822522488,-6.11485269950092,5.76641422735463,-5.37825893354058,4.77074098045078,19.7980804914891,3.44908466526044,12.2146831904058,-4.90949864868153,14.1545239484249,0
"491",-1.74861153759108,0.641628224438351,24.0397134512564,11.8331000809635,2.98003377916461,11.5317407651361,11.0159869676475,19.0436771183594,-0.935487283566118,26.0165474269215,24.0141480123602,-2.96432202083247,4.836808093325,-6.09943530587175,0.164786311080877,18.9322626768772,3.08991219004898,15.5105127692485,-5.53921250048478,16.8114566122379,1
"492",-3.75950017785844,4.36456566384241,16.2044734750745,13.2947106466397,0.437977495447262,13.6088166835949,12.0559533460301,21.2481198028853,1.36086789802898,24.8241386240406,24.8485428862094,-2.03710970496456,6.65863927817291,-4.90051259904124,0.396416758421878,23.0030717371,7.69249755746546,10.7941229891821,-4.45659767265051,14.0868689207809,1
"493",-1.71514301820597,2.48674093969075,20.2853705660799,13.1094012739634,-0.474036124734846,12.0075609145864,19.8143917624181,21.7965306386456,-0.153650047799899,24.7867105465118,19.96292399859,-2.22021555815854,4.47271278364444,-6.74331398502727,1.75420244150278,18.9098811825865,3.2746834002511,15.7482148119445,-7.42796809061268,16.4292047131268,1
"494",-1.32289561892181,4.10259287381606,19.6293372078003,14.4160179748194,-5.45522028017759,14.5143717748997,9.91021945016521,24.9321414108864,3.36641097406701,22.5265517744562,29.3585177100924,-3.96182923278061,0.722780013711136,-7.09808172921424,4.67633332067987,20.2990346419076,5.71076082177884,9.88403447087813,-4.71842944230805,12.0111767651525,0
"495",-2.40080279792727,4.25716544632197,22.5232062166044,13.0114310081533,0.809080930214466,13.7206462789567,11.8111224842209,21.9222099066168,2.66277837776776,22.8247347356793,26.0510650632988,-3.72072955771301,7.6021723858307,-3.23189229584458,3.75104959800105,22.4890533923482,7.45539366829337,11.8084196674283,1.01183276736458,15.2507588704117,1
"496",-0.868598159391333,5.62097531265748,18.034099117931,15.1863113214074,1.45748909223295,11.9625120411777,11.9910622205419,19.5043510805828,1.44020578202287,25.4392419728425,21.8251043281349,-2.54665719129366,7.496693980847,-5.73397955308721,2.16979035721423,20.8489772043977,5.98743445366798,11.5981684043114,-4.45839044157813,15.6759691863222,0
"497",-1.4620713590908,8.480018765644,18.5165878587639,13.3196329113906,0.0721708771849096,11.3755471683726,11.1915344966949,21.1083666007288,2.4947677824911,24.6201408204275,25.3340220397435,-3.57015440766362,7.89806029703064,-4.12411779155804,4.29672641498776,23.6356402979743,6.06510691731424,10.6590500636628,-0.881639016743043,15.8704158290875,1
"498",-2.48386085241967,6.10149782033716,19.2957239902841,10.3759234912324,-0.142775796906952,15.2682316597752,9.91834120026487,22.4629938017747,-2.12036780712214,24.7283624912641,29.398302866572,-3.61931858759218,3.19895090375596,-3.87832760028491,0.843035508411788,13.9414131192268,0.17415824107752,7.28018254565214,-2.98379331358408,11.9547637076571,0
"499",-2.22366908476653,5.80661461058575,20.1920956539284,12.2500396870123,1.90501196692484,14.789187826318,13.1920285210086,21.2451362962064,-0.19801507572953,24.304546142666,23.1053221418915,-5.34467234533295,4.14929715165659,-5.72388942408736,2.49367528199851,20.3893554659813,1.04036217628143,15.1657916512019,-5.62733276545912,18.02605286898,1
"500",-4.06406181620279,4.77946112153616,18.5158149748824,14.8723327002223,0.766104354720702,17.5998456845095,8.29720074323824,24.1937401768485,3.32200221243077,23.9178031793936,27.1712711887925,-6.70938923235035,9.10348066739816,-3.5083281722264,1.35716910235792,22.1959218032022,8.21255149679249,11.5141166936486,-1.2647146083989,11.9587611090622,1
"501",-1.21220180138909,6.87101737649352,17.1963766165956,15.5372551280529,-2.3490799754681,12.5759799612816,15.970206005752,22.6563937664859,2.88200001674386,22.8480312879195,25.316817497769,-3.80144984910901,4.9618240165282,-1.33235370116018,2.63845168293591,20.5507766912762,7.0268682386036,14.4874840142202,-3.64957565424559,13.8735928651497,1
"502",-2.14609386632233,2.18332150477303,20.940483505715,11.057173400368,-2.40751688738213,13.7927904700284,9.50263286944793,20.6409640264162,1.34863648445295,24.6871136048312,27.0659726272307,-5.55714077042476,11.053874962974,-3.5553263250159,5.73767749435847,21.783335500675,6.13431223104008,12.1882809981839,1.63503054861857,13.7214377103167,1
"503",-1.9773697468518,2.72523052317955,21.4666161347652,12.2236007709563,2.67227269392935,11.5828502088302,17.0456233200648,19.4460926409328,-2.36158392008691,27.1980601904089,27.2865482083403,-4.59967389795641,8.18558290728885,-3.96772291213415,4.76443181770515,23.3244913214123,8.49086752750793,14.0657402387217,-2.28828698696786,11.963304417859,1
"504",-3.058841182167,7.19423041252669,19.2678608402029,8.89086849398795,0.0607306880886269,11.5940681839611,8.77016832005956,22.6146500399619,3.06703095545249,23.7070311832232,25.8340283046114,-5.57011361615384,8.4498791028132,-4.97666257738435,5.97548658180189,23.144502668806,5.47095334596067,15.4388723434642,-4.223484654169,17.1849285187783,0
"505",-2.57323102230243,7.93995397424753,18.4483473969456,10.5280913968774,-0.641088003275036,16.363904366161,15.4849653478405,20.121383618543,-2.07945899353136,25.6601675534988,23.6796421346322,0.612199040263086,8.02889565497125,-4.12561337335928,-3.56105923509518,21.2444082629246,6.34453310163578,13.3803726278989,-1.15093100103567,13.4811860422903,1
"506",-2.01734408951738,4.45517775268482,21.3790238045458,13.1814878010708,1.79309760144001,16.3865425545697,11.4957586119291,26.1038523353726,3.37524043140457,24.2468214427283,26.1065244146262,-7.24094013119896,3.92004809634859,-3.93191929260348,1.72285502371863,19.1436725346036,3.48870141238387,16.4310634296259,-3.17897904606687,15.3014665334323,1
"507",-1.99140491272078,3.88039539700452,19.0334478130041,12.8303469086155,1.29882185544262,13.524300710058,12.1496582106577,23.067135291101,-1.59805011232621,25.1254210163304,27.9162718776945,-6.42507935387245,12.8082422268665,-1.16229148867174,6.32119057057714,21.3238483635069,6.83863073339375,12.522736882433,-0.473921801298613,9.27498940321637,1
"508",-3.90914650757176,8.06793469084544,21.8069211169755,10.4810494050976,1.38633632729371,11.9716522574695,12.1216851949099,21.3326569656832,1.97733624609602,23.5512693470461,22.4790415862825,-3.36881543030719,7.13475495193402,-2.92129844343587,1.79916078944345,21.8405000763776,6.1742305713851,12.8519638585804,-5.40151640183925,16.8098526261207,1
"509",-1.10650868641036,1.95633577035165,26.0067380687073,13.8925483024446,1.45109029185558,13.3626055437587,10.9172377631862,23.3947698030481,-0.437224114610248,25.0516291109336,22.7051290637453,-1.89867097672665,5.17823726896591,-6.36255464147742,8.52917463690479,20.6042948424476,8.71542854381574,14.2087390633874,-3.71000141125932,17.2928119112518,0
"510",0.180443843785188,3.52136220126193,21.1885052946732,13.1002008002858,-0.084053264887911,16.3000029399136,13.1854166640031,22.6193920890639,-1.97212752466457,25.1234027137372,30.4590218828741,-9.28906346264342,10.9559882234716,-5.08005558795879,9.29417149739689,23.7785564489969,6.55606223805075,12.0864761221918,-1.08264972377078,14.5068284527616,1
"511",-2.11895832017516,4.43386222568751,20.1473632948613,11.9137223573532,-0.534690677325468,13.3552133507185,10.3418411475521,23.9494047426283,4.01409219851965,22.4646668839008,25.5351890521256,-3.28580496035112,8.20038252800991,-5.61795510814864,1.34148603994844,20.8559732447957,5.59357254506794,12.4150384326231,-5.89671297148,16.2542569108319,0
"512",-4.19311369935794,8.165388620326,15.4557045728414,14.4364010156442,4.43560558909313,12.6165551286037,11.060350248602,19.7521182359793,-0.237882866991785,24.0174009135447,26.0892260504206,-7.96148309501222,11.1392961792322,-8.46621716912827,6.21628500806288,19.0747692971976,5.97759937489295,12.2939577730078,-0.884919698215427,13.522328912469,1
"513",0.863327659666796,7.02679907790732,20.1447987287285,12.966280510172,0.64238074871674,14.2299332711801,11.4549407151955,19.8773699319285,-1.89397023825646,25.8495728776476,24.6891746544456,-7.934643894808,7.34814759132742,-5.09669718959671,4.36481771936305,20.1863826572604,2.24334423059781,14.1264683752745,-5.05324735222353,14.9158179812886,1
"514",-1.64216796371828,4.20628095217594,19.2944181117013,13.4218856958689,-2.30109246966973,11.1187592614842,14.0649391315859,18.9255960395543,0.423214223014551,26.7865673972532,21.8864884592595,-6.92243213017793,1.83659880524981,-5.18322001243826,-1.79872230738563,18.9442255195788,5.15540114505677,14.0138803369703,-7.84056219257955,16.1979895072005,1
"515",1.76229540110697,2.75389742392089,19.4656506064902,15.6301181497876,-0.866574874089677,12.5342948088324,15.4851128035033,19.9009101958052,1.93600760370791,24.784518013039,27.8926464820427,-4.86119269517338,8.06093085367214,-4.34080404668253,-2.62328851389671,18.039417186905,1.35458307539016,9.21223490001845,-3.60548518505177,13.0937777492745,0
"516",-3.15341567509864,2.70604446612957,20.4297964002753,13.5974442383092,-0.0123444792947376,13.0869775174486,7.56826864177811,23.1396733919775,0.534598248374501,24.9553287948506,23.1800821801798,-5.29732559489225,3.69134087740243,-4.30211434197246,2.93902197239355,20.5950460530245,7.19226914092888,13.2691741606358,-3.53047349865528,15.9443869897714,1
"517",1.33724057114116,2.77852717450765,22.2842515595636,14.8786460242296,-0.794285122849581,12.166767714596,13.4619654847245,21.8380444926801,0.565067112396111,25.2750336902883,28.0454327733119,-5.77741102484524,5.04612787420903,-4.76437281496724,2.82305094670119,23.3437176090553,9.49741555594524,13.6525493312768,-2.77021747012559,15.3669348815877,1
"518",-1.50090628081269,5.29788222341825,17.1271680481306,14.1627840665993,0.280342097860585,13.3614109534167,7.61924377215598,22.6771128166304,3.56955880002022,23.6852666574623,21.7399662390187,-1.52550740303919,8.59987379976777,-8.00017632255384,2.49013698238093,20.689699028386,4.32994147837663,9.76193708256517,-5.7000410173133,14.3791982154431,0
"519",-3.89225196940832,4.50745625125136,20.7841913240696,14.5088738996964,-2.39274824186911,15.0274998603326,5.93919392274596,23.984884236316,3.71864916814551,23.0446083661077,21.5056719449622,-4.19317689010665,6.97295025674807,-2.57932903475282,5.4265809293959,20.5893125311823,7.96842402965854,15.1936688004603,-2.72734741101892,19.8713458543409,1
"520",-4.26873668275165,7.0911783048535,22.3834546285505,13.565475421368,3.61911547774279,11.1681239066492,18.37991231275,19.4663966701962,0.795582226312474,25.9005331320961,23.8248950378011,-1.70538594991558,4.82956677080224,-6.64041435883339,2.2548904346418,20.7393066367811,6.41430655651079,11.4866127796989,-4.2715506265717,12.9108176447614,0
"521",-5.10553372350848,6.26487008298558,21.3727022334844,12.7606127111786,5.61115914455517,13.0500303964131,13.9777711767438,22.0207420374609,2.37872092992332,22.9211676361191,23.2587627685982,0.656858533685059,5.20123305497997,-3.32539405772562,-1.4911082314156,21.3395515801318,4.2557207438182,15.2610574610547,-3.43265280534487,13.9363863585232,1
"522",-3.88816651234493,7.70574277829559,23.2891513051242,14.1246482953958,2.76579917237621,9.87850158574294,15.3313127689548,21.3430551618801,0.260333264278043,24.3604604805542,24.7662670000755,-2.23042338205548,3.72294217051924,-5.58646782309204,1.85479884125763,19.9515109773008,4.43794122019578,9.46459472556738,-4.86917799804999,11.2762524375136,0
"523",-4.98410170793098,6.67128981502688,22.4373453618842,11.3978649648619,3.65583230482162,11.488685789816,13.678981028712,21.2504045953304,1.06950948582214,26.5186005433069,25.5129182785749,-11.3838042687993,8.66171666167562,-1.72138060582596,3.27504990427766,20.5503272911576,2.10641051765981,14.4681427647994,-1.52657460092055,17.7619387729279,0
"524",-2.57182124236394,8.35556114164364,19.0844282196836,11.3628564362016,3.16702859881057,12.5678284660209,14.0237984484967,22.9161425031995,0.478824189532261,24.4189836694486,21.4757633460668,-5.30812502932612,3.12525300750526,-7.25616316267325,-0.674858046946192,18.5883198554648,4.73219930914208,14.1366166623126,-4.50759707964637,16.9386189656262,1
"525",-1.48234260468718,6.75374835111005,14.1236559367571,16.455621322082,-0.796867845308151,9.90005844466291,16.5532584713813,21.462193196681,3.28406219114532,25.8690230612107,22.2469590139544,-2.84956162589585,5.30584234680191,-1.1460875173992,0.425237517815165,24.2476236502974,6.2454266539166,16.8433807076781,-4.47263735107171,17.2721311855961,1
"526",-2.76471550884577,8.3913768979027,17.2055138501598,15.016063691853,-3.09064068312802,17.2130806684708,10.8192725519719,21.0047881616942,1.79938196330698,23.9004338412476,21.3729355137732,-1.22578376941427,3.70985990963992,-7.29204166259711,-1.53292550928642,19.7583814776156,3.94082456547055,12.596345797627,-5.47084012573332,19.7817267042491,1
"527",-2.00811176436861,4.0145608519022,19.7596144785006,12.0195848651065,-2.45188776555152,13.1045571950273,10.4391345183851,20.7627427530939,-0.615518575643737,24.425639422659,22.5561609659977,-6.70811945377629,7.89707418259599,-4.63045740892328,1.76497661431442,19.5534239880167,2.88433279792987,13.4082277892563,-2.85264811327703,15.0683374506272,0
"528",-1.80555514201043,4.1532673836641,26.0901901100365,11.7101046139159,4.65406480542779,14.554362069583,14.5237778565549,20.6097499338499,-0.0198329892100693,24.2765174576388,28.365609148306,-0.199106464263438,3.81421326992323,-3.60383241476259,1.51745857505612,16.2801848087056,5.47820527172683,9.23980662802834,-2.26461679214277,13.4031384971115,0
"529",-3.43871042114313,5.035742621791,20.1059593915862,14.6476683625299,2.81886479570064,13.9571552135889,11.120236797373,19.2432557874835,-2.0554820530901,26.9347969689982,26.1900072640404,-3.05160018070242,7.36365730633734,-2.05892016024046,1.86489781601793,23.8372747378961,4.43959233788247,12.6743360947165,-0.838401676198761,15.0804740575744,1
"530",-3.58761688547779,11.5827022489299,16.7275869944695,12.966539815258,-0.290783611449988,13.9795945013027,9.08842374781061,19.1948622306007,0.436577472910091,23.9988731430023,25.511060228674,-8.31249228216536,5.85518300409189,-4.53312790626605,2.50544615758147,23.5761416699667,6.07216844658543,13.4369590574252,-2.53403948536885,9.89036466076293,0
"531",-1.3713797639456,6.69693345267533,21.8503419327554,11.9052217010408,3.8077739732102,13.4035499243586,9.30112801458902,17.7405370842266,1.71685135934844,24.3734262715986,23.0866956171666,-2.38572398595079,6.66568691376172,-5.15692203563995,2.83891109481562,20.0024451204757,8.64473615855579,13.6371070907114,-1.09837200753519,16.8678533717892,0
"532",-1.4375118473714,2.64912822682161,16.8313326374575,16.1580113052054,-5.6793178472938,13.8429279269573,13.155167027401,20.529429009969,2.8164483038058,23.411596350531,20.0462510909823,-4.42061413741365,1.34616027686254,-5.8395863507425,0.362759481878646,17.8451037376621,5.24709909765868,13.6578294619343,-6.14049837898312,17.1899149599814,1
"533",-0.561347554539534,3.58295505014083,20.9027317990468,14.8100287859758,-1.57080363274229,13.168115477636,10.2870266673239,21.0582087842958,2.42024380212447,23.8236373969387,24.8595193589085,-5.36375453987081,4.28562269668558,-4.74602720683885,1.67720809107886,19.7617833444018,6.92803385975421,11.1211728158183,2.20676840848433,10.4885076584645,0
"534",-2.23805793466885,3.53313315711968,22.5191591590831,13.6479091307036,0.164393520954725,14.0638339295533,8.69381301461871,21.4215923781987,2.3047246185085,24.1934789038317,25.4557881597435,-3.33206108683313,8.66621843559549,-6.27130910700058,0.0695522482528226,19.33449544034,3.08735502626447,12.5504810495478,-2.68902150913834,17.0619646772144,1
"535",-1.81432261410438,5.34550473120327,17.6863416236889,14.8034093060199,-3.310878790783,13.6946598062436,6.61364559506759,21.8160581165646,1.46490856058808,24.2365730961384,19.7366622723348,-2.44782047404217,7.99857926869209,-9.93069378461518,3.08862115239423,23.1149461229823,8.03550442856482,12.8112152786766,-5.29408458889205,14.9390816333968,0
"536",-5.41579803396496,11.852734325503,18.3612822960136,12.3309929582123,3.12236390104906,12.915782961278,9.40648980163896,23.5790641658842,2.87754287196255,24.4925985089721,25.2633744555301,-1.89823329630169,6.11966951654741,-3.21634745791239,-0.569233741733543,21.116061329913,11.3034340614062,14.1411825255945,-0.0248136159574961,14.8365827876559,1
"537",-0.45124085294756,4.67106828383155,21.2590292423372,12.5991991903203,-4.6439773135981,15.2227069780815,7.3841811527509,22.133517158405,0.649024233702297,23.3621778331466,25.7982462260247,-8.59052643396018,7.83041388597177,-8.04266692986578,-0.128209285956681,19.3196869222754,3.12393842534391,11.3866034359982,-3.17091912752157,14.2336003944189,1
"538",-3.1827017805909,5.29413862453916,19.4996838292003,11.8187900014555,0.254598656118013,13.2159815597841,13.7520807782242,20.5969213989351,-0.901000951779946,25.6042932107966,28.1651916374292,-10.7879816123557,5.79546117477572,-10.0907133942525,3.13738199513378,17.2041154995731,4.54933158266181,15.3317750527648,-0.335401974275769,14.2464522244315,1
"539",-3.13224341129984,3.56923588850186,22.7809691733959,10.0785754847183,-1.53004239079071,11.5410636106378,16.2630922502756,19.4762436363972,0.190905942859914,25.5143733076258,22.708060543464,-3.92528300071405,4.07245357177153,-3.5372292901696,4.07214038422392,21.9897152854759,6.696254562621,13.3421037700602,-5.28214305570988,18.2846977729805,1
"540",-3.26922744421148,8.38958751317703,21.08796882073,11.3741818934412,0.308232466898754,11.5613415805114,11.0146511558116,17.1077076075735,-0.728331395037019,24.9952057644395,24.7075773432268,-5.52065418364048,3.2525636185584,-5.05500811543765,-2.35999686145738,17.7156965763308,4.42944075819977,16.6649447309129,-6.71264762384187,13.2751857671818,1
"541",-3.38431446730415,4.11492833811354,20.0563496088739,14.2227253100151,-1.13143801029259,9.14260118665522,16.1955168511464,20.7287125398789,-0.259009215644928,25.1160462591134,22.6163717738049,-5.52028032569975,7.54606116672964,-2.85363437315409,5.0015979869962,20.2820539379568,10.2003610113043,17.3146945035401,3.27117762825828,15.7673886620016,0
"542",-2.18460660217637,5.24605035557781,21.465123911065,13.4333350873542,0.953515618780971,12.1824487905857,7.78186405183203,21.5951208503521,3.99833894817826,23.0844751091607,30.5837636461107,-9.44697581836391,10.9250163182092,-7.27012953711973,4.21906613522883,22.4219137449232,5.40830579417389,10.5017859411197,-2.60335542549966,16.7074461118342,1
"543",-5.12708401862126,7.87824519560946,21.4319587850416,11.7944598869294,4.61678028177694,12.2885228694863,12.4512717096383,22.8268850497818,0.870419102399191,25.8141168450715,26.3574694506835,-5.60441669040444,5.27724428554651,-5.87531242177407,0.630173313206238,21.2255234253567,5.08051385844845,12.4732875846968,-5.17202377457894,15.2686552184274,1
"544",-3.87968640323348,8.21597903779856,18.2145637558817,13.6040443029555,2.81544249298389,15.5758099405855,12.1361911083791,23.7863432478289,2.93023462141946,22.5435990932782,27.0445234807576,-3.93678083336606,4.67166725859355,-4.72318455231194,5.80528180433999,20.1072217011928,5.85666621633307,12.3088118063503,-3.0690788378168,15.2202775739673,0
"545",-0.0126361024063866,4.48005613145394,19.3168933920141,11.6227567189917,-0.353206827059786,13.5027142545988,8.3972234084581,19.8769950697952,-1.79309980228973,24.3339337260979,21.9547712966241,-1.07884580260799,8.73305611357034,-3.39868855083724,-1.22356582826432,23.9081867111001,6.09560424759085,11.1240638974455,-2.74917862639986,20.198694389227,1
"546",-4.13124984812446,7.57399963422139,19.2699932850294,14.7737007285715,0.888383751250348,13.7365858791136,11.5333125567944,20.9573835277353,-2.89075410328654,25.5145071113681,20.8218203537736,-1.90598605496947,8.78047028134458,-5.40935966106905,4.28831923131168,20.3368956131695,7.85765287709401,13.8682644900752,-0.68653625287176,16.8164858472354,0
"547",-4.50367566481661,7.66242579319051,15.9109899802072,15.2908801810578,-1.75093752456127,12.4782701274912,11.8884786503382,20.7103042934054,0.532681637750636,23.3325338511027,20.9590414891385,-0.482929734019344,1.06772902920776,-1.57491700827068,0.44600834774758,19.413432904159,2.63360278142376,18.2184053819139,-7.70778888387491,15.4132417267577,1
"548",-4.03213686940229,5.63764110995501,20.8444946070039,14.7845602743246,0.929214219241323,12.6973738578157,12.327167944418,19.3299747706815,0.00814365542272011,25.9417292383533,20.7560388870207,2.30079342360034,4.30516627490797,0.880774110066992,-0.313690797683952,21.1822357253574,8.92842060545177,13.7828762048261,-0.931450979609375,12.5710051371792,1
"549",-1.3673706669422,5.63711439181083,23.2696071356848,8.12697208300213,0.997464053321562,11.1890903175168,13.4826454113322,20.8095074610467,-0.714441697998775,24.5804605030553,26.3137922592205,-6.30340391782391,4.59873244335859,-3.34445920182084,5.53431459547433,22.3052795665962,7.72631996911486,15.0767170728611,-0.668374502145603,15.3240039812673,1
"550",-3.78287935067861,8.79066787797665,18.9994750637427,12.6524366259167,5.96205655272578,13.5989574236955,11.8333516705538,21.6152197922416,4.31484640831389,24.7568886887627,26.9047864158193,-8.81528108764383,5.26851901406683,-8.96306829471349,0.698112939758536,20.1993691923023,8.85224754589881,9.09430814835378,-2.63061042986861,15.5951237586599,1
"551",-4.75042213230549,8.37601483936803,13.8797721351563,14.7947454408143,-0.216823483163756,8.94215536329671,14.3883939204052,20.2786252673706,2.90020380912424,25.5285988161211,26.5630814793288,-1.11846521569917,3.03346489699807,-7.33265087385796,3.2075177148747,19.1835024932633,5.69705447653622,10.0139806912203,-4.65474633087841,12.7059709966299,0
"552",-0.23993677397879,2.98908869075306,22.6099259109198,14.0517053277761,1.83491641202583,9.12501708780981,18.0222907400559,20.1220703873462,0.83010331739645,25.0540337707452,25.9419546223786,-4.71614943909379,5.69713633503587,-5.78780574702782,5.99719531525796,18.7847907179099,5.22264723101656,13.0565447450804,-1.92468799523298,14.2643040424253,0
"553",-2.01908228874979,2.57203552014289,22.1569290133704,12.1481743457421,0.22498766349521,13.3520531589778,10.362456392451,17.6277187224412,-0.818850347080617,26.2030435906753,26.0197510277629,-7.53598525139594,5.07336112428442,-7.01417307722865,4.19866557003036,19.3701366328291,5.370263725896,11.830016658656,-5.51046717907306,16.0849594497724,1
"554",-2.71506239879025,9.11222761682927,19.9188658645869,12.5184099284664,2.56624856615947,8.74576838288722,13.0553497905991,17.6346191193738,2.90670703537347,25.7943628428542,25.1617633266336,-6.81605988334788,3.72920537931044,-8.77775705370636,2.39941171218777,23.165288332942,9.43133442262875,13.2093616482495,-0.353678359960502,14.5994830572731,0
"555",-1.35689931362333,-0.400021976656801,25.1942628396103,11.78291857463,0.478359965796149,13.5439839068874,9.30520705220527,22.3298078497978,1.76744084436074,25.0107627953867,26.5894604717036,-3.46238762338009,7.07615680200174,-6.49996926592816,0.171500179676561,22.4019046899672,9.7861296199669,12.4913627894245,-5.31101418949744,15.222335995827,1
"556",-2.28830511905654,5.07649802133968,22.1292252775503,14.4167724238562,2.02801407666817,13.8528812053477,11.2996309704744,20.2727684695179,0.783669091961744,24.2637156716934,26.7244980559663,-4.99601392892068,6.63397144938711,-10.520382606186,-0.239608055759182,18.2125893336117,6.19527778591627,11.8271297877759,-3.67685011395447,13.9725013474163,1
"557",0.12760854156759,7.03513127625263,22.4543539385748,10.7365051914691,-0.132491561751215,11.342617694636,11.8426357208639,17.6261990416174,3.0640864726906,25.4728965435154,27.9360269554662,-8.0134889046039,3.43342871953453,-1.87967408220148,0.00992539947061033,18.8104992890102,-0.413263897087283,10.3081537055511,-3.60842262997241,14.3225822268141,0
"558",-0.60558437048465,4.81965096118199,18.5139035518799,15.3429618878416,-1.70208963976435,13.4750705381675,18.3670695498206,22.4403130783783,-3.9091472988151,27.799119108562,24.0300630826356,-0.967408886307124,8.71678693532056,-6.11648506827438,3.73310262901421,19.4265408091086,5.84809002972605,12.5992695446828,-4.27315538413453,13.9090305364277,0
"559",-3.56189975382569,9.96874962667028,18.4681854564528,9.3239141241703,0.00512494251073847,12.8928307648517,13.4199500801766,18.7772015608501,0.326364973439457,25.9222797137398,22.4032710550241,-2.03100939759574,6.08641582068364,-5.354377097192,-0.938420698075802,19.5221455381629,8.08284984843664,14.0061334603291,-0.0840322684540742,16.590124653526,1
"560",-3.16730806914015,8.55645749952474,19.5572570779588,11.5121388253861,4.92292229994361,10.4101732994735,11.1892140683577,16.8574829926664,-1.83241758426057,26.4085725977967,19.9676717120869,-6.22639920565868,5.93518660892515,-6.16588500964025,-2.45188062581304,18.9928363143357,1.71880144964272,14.6614977831041,-4.33441936616635,20.5609784320534,1
"561",-1.66849752265405,3.21565223373326,25.4230320674362,10.8514310231967,3.83642734581586,12.1695853720667,12.7814588436044,19.5257641750956,0.462056054288917,24.0536176467133,24.5177639416164,-2.53817679485638,4.9435651913567,-3.46626222235913,-0.403291676467764,16.6361446558471,1.51736071626688,9.14482958706852,-2.90952752506698,13.9209333141327,0
"562",-3.02113841494167,4.14692524441337,20.0728783123706,12.3132549988037,-3.34479478155977,14.0690436850409,17.7259372416617,24.8810132681161,-4.4708276119797,26.4434317097503,24.4882546970577,-3.89945519210793,5.96863105697454,-4.47501570318955,2.73934072176476,21.6578903805552,7.92006533354167,13.8382611555452,-1.15127847257053,15.3430934741566,1
"563",-2.14465806339629,5.64784329958245,18.0661466701509,14.2470283017856,0.501649907393945,12.0616228178535,13.8428282106441,19.5695336095625,3.48729867785187,23.9023444037807,22.5095201213161,-2.28445129988179,5.78292136419491,-4.39592322356604,-1.64304080504887,21.7694964325999,8.29052538177389,13.4029468672557,-2.6981352366925,12.721598358611,1
"564",-0.355011137768814,7.90299343354173,17.3009951967436,11.9765204741893,-5.66999480500534,12.6030158480775,12.4114530860296,19.230364882864,-0.0164577007029232,25.9805415835016,26.7366078970277,-4.59674000137202,6.06897201934349,-3.81582873519674,3.84890281747977,22.9992398763032,7.12658633389367,12.7410329188919,-3.33642278437198,16.2531801891419,1
"565",-0.566635524222727,5.19704234988769,20.0244102028211,10.4094687940447,-2.37706919501021,12.6197630990008,11.0462869746625,21.2566293777976,2.79425295529225,23.9672463290673,26.4665179547161,0.364319046193818,6.084716887482,-3.15757244688547,1.87351499206611,18.5780336577131,8.28024561403176,13.6508182790959,-4.030921167616,17.4468026894058,0
"566",2.23842314038841,0.793343422946308,25.1104526738571,13.9777418523884,-0.416246422820032,11.04061784177,13.3463082943509,16.9542886054315,1.60445392611942,26.4448696419109,24.0777635020945,-4.30604144537903,4.39832659307183,-3.16127470290533,6.20361635964055,21.6020210861418,6.84622871999781,13.545380949232,-3.3883042814079,16.032475216969,1
"567",0.910760920739294,4.08519353828855,16.4171076923874,16.069446715801,-8.52699869504388,14.7278297381199,9.34447706129935,22.2479362347721,-0.122565254051375,26.1320138808723,24.7050655369339,-6.00010701585116,10.0873497320136,-4.98883476560818,2.70517795771065,21.6098304540464,7.14367735721198,12.3553492446323,-2.7724336845927,18.0460086762251,1
"568",-2.14051194286623,6.26264232887944,16.4831489503563,15.4756509012282,0.335553188300537,9.30585247926909,15.7381229853914,15.9369379728337,0.543365505678185,25.6085019404339,25.1221606682523,-4.43260057518058,11.0509846970327,-8.06474789047909,2.77296912433322,20.8117633972751,2.2358304968083,9.26945643160219,1.24822008449713,20.2524725181797,1
"569",0.162114432875777,1.8241929184696,24.6745272462648,10.9805657480017,3.03941960041819,10.9227007615798,17.0894570350606,21.8818340548334,-0.0387473420868774,25.0297357590169,24.569414696438,-4.64094634052692,2.29516007071117,-1.31286267619291,4.99131211195698,21.1751261265275,6.85143933421536,13.8650781906126,-3.51308798760445,15.1269790717851,0
"570",-2.70457332122436,5.02455867547839,20.0740068965781,10.924160516946,-0.66554218787506,14.0412314982841,14.0858631342428,20.3803180225861,4.11354966004071,24.1488697458349,24.7808842778023,3.57350869139142,4.2605127398878,-5.61476734944062,1.84379236810701,18.0247846097066,5.45727469192406,12.4662068119937,-4.404294086755,14.8646077934974,0
"571",-0.672050431092302,3.33725253332479,20.2258731412654,12.7256605925919,-2.71823634258964,12.3660189064915,12.6182206459463,21.1149383488169,0.554212177343545,23.1382273626992,22.3172944655554,-2.13465423025458,5.02352200083946,-4.18374086007555,0.176998498105709,19.6528973493292,3.25300515014454,14.844891693329,-4.09661739983273,15.8360267658104,1
"572",-1.62926777746101,4.97633182206967,21.1478428207709,15.303932717064,-2.16177097286998,14.6424224192332,11.347185948439,19.8373153409988,0.222448584598994,24.2075415064222,26.0663308234075,-9.08282282043041,3.22326095145483,-8.20713676944071,0.955402832705772,19.968374252514,5.8329924882327,11.7764486485404,-6.6200048783947,15.1502068855815,1
"573",-0.16019492287499,2.4236412545296,22.6166202329091,10.6644644778412,-0.533812917667281,9.42989294736947,13.6356260880903,16.8553553905273,-0.0695531298431276,26.1352780662956,24.2387100392132,-3.83721281043551,8.00070826703061,-3.75393265641401,0.357349496747633,18.7154898246764,2.60061673685555,10.39248656215,-5.79540557448832,12.8186418290445,0
"574",-1.11663095180049,8.47665387053045,15.416198393129,16.8989239912563,-0.246721153671042,14.3941192071111,13.2988717003469,22.9547647288304,3.05561091970721,22.7178169618211,25.7054283093021,-4.36309912881987,4.68888639524817,-1.10259656770936,3.03190986963542,22.1172868040648,7.58459384879084,16.3092537245661,-0.945514583132619,12.9703095842436,1
"575",-1.55356684621604,3.92410681725702,18.7721264350548,14.6319769512732,2.41134339679561,15.6350900281948,13.3025027596634,22.8192035485025,-1.69467180158211,24.4838460353094,29.8218265464982,-2.08366006400629,4.45526372708155,-1.67150781849308,-2.02121797134907,14.6002380873102,0.640427003145999,9.60196675637214,-2.16761983019493,8.55263501350387,0
"576",-3.002243123599,2.44288062120671,20.3749764175379,14.9589167725233,-2.67850448311998,12.8543888095232,9.45002861236336,22.0125213345259,1.42362248509576,23.1888537694016,23.2294686595831,-2.381604257647,5.06082383167863,-1.36050379982645,6.85029467019749,19.6991323683732,9.02124224272982,15.1534727840535,0.197175823672853,15.7650088931091,0
"577",-4.28450773857866,7.88369703329592,20.6617904994975,12.8739403902602,3.79217881269678,10.3504564184839,16.2762572768472,18.2290029733378,-1.818291534174,29.5383909551786,25.8972755673707,-3.22144329083582,2.39172087303322,-4.49010537422624,5.04338266134434,22.9359205310036,10.130035038559,12.580510349783,-1.97548842274405,8.31815538594913,0
"578",-2.37995233008437,5.59412433764293,20.5245577538439,12.3433367583815,-0.75157201319958,13.9799386876059,4.6518097196802,21.7355959444899,3.68316398531663,22.6687567621834,27.5457145154269,-6.81667771503351,4.90330103798142,-3.05823789828796,2.96579936552717,20.277532056266,2.64869164041796,11.7442479953133,-4.59245451981383,9.92905875503281,0
"579",-2.36334270733139,7.4817339154327,20.2419996043404,11.4974236918445,-1.68015987572934,12.1561030844912,12.2172088356331,19.974063366893,0.0241980890666698,25.1966302605734,24.8388578232574,-4.9053264469056,6.87556144785267,-6.05011881550423,5.42716039278887,22.265827746751,2.52572305679195,11.7594229239412,-4.1583124834985,16.6601179986613,1
"580",-1.28104450070152,8.54213355367375,24.5580963622708,11.5900252505677,4.43275569952377,11.3304658734355,9.20618453269513,19.1574392919302,1.19273732052063,23.9870668121796,21.1244066139345,-1.40229271030307,3.79313250384164,-5.08334525598593,-3.40743769572485,17.3884653357514,2.09572494086077,13.4056905425174,-5.9189373012727,15.7207344980664,1
"581",-2.54191880556398,4.37254331588905,20.2963318964923,12.7985493529823,-0.521158733659113,13.3024718155666,12.4342732352886,19.0375361439254,-2.93669974372521,26.3590764988352,23.0203883976272,-2.06935779855861,5.45191679822397,-2.59917407171202,-1.27835488893155,21.5437959901423,5.35643082835038,13.1454583171044,-3.56328831966636,14.8328916567334,1
"582",-3.0405306920357,3.15472848778936,21.3202546634258,10.5234145330437,-1.93992996452904,12.2288770724553,12.4694506759988,16.891530745994,-3.01482755767095,26.4765752572291,27.7879132921746,-3.05218836460546,6.06747779813826,-6.43987090896656,1.7554361064085,20.6063988924106,4.65750606223177,12.7353482607857,-3.14320013170727,14.6145108741832,0
"583",-4.90242862906428,9.10799435401821,18.4714370392235,13.676484158736,4.32358705393111,13.0589990213654,7.5063328965232,21.236407399922,1.58627471253014,23.220114702623,21.2648521743425,-3.50919370002586,3.79228528972441,-7.45653225095195,-1.29113417824803,19.7606187677386,5.52748955095007,10.5202134450145,-3.86792061820298,16.0252445459558,1
"584",-3.57157608509962,5.25182506727254,22.183351705036,11.5346903938274,-0.610129769843227,14.4980117862999,10.1909083142598,22.0273187128492,2.48350725178598,23.7926096590943,25.1113852563608,-2.56900386563225,5.24526308800114,-5.55709042503971,2.15457293507642,20.9669005296783,7.7755858660105,12.4943026974393,-2.5745569345892,14.7305650504969,0
"585",-3.2634721478691,10.1720489073837,16.4482958819646,12.2496985094207,0.825867168027612,15.836879140958,8.71036033034757,23.8629416784659,6.05064290179302,22.588734089022,24.0529009683373,-4.80692770844871,9.5051707752112,-2.80549017394173,6.29801185113989,21.9529043427894,5.66470221268443,17.1056168747568,-3.63024889831983,19.4853014941276,0
"586",-3.1742922081485,-0.630516819628215,22.036682298863,16.4555129237551,-2.1529801418308,11.1296773624294,12.1894566672166,18.2403273942667,-1.72162727129095,26.743827805098,25.1012857908756,-4.49515895998731,1.18885069660011,-3.74113041899837,8.92847506359686,20.9590585746524,6.94677167626542,10.7664877561562,-2.15221776553408,12.150244044149,0
"587",-2.01452631251982,6.23016657141447,17.6541773591453,12.7636899725366,-2.52612267029534,12.7640764562115,12.0917795690664,17.516115349547,-0.0681437102383555,26.6871585029126,24.9395066586968,-4.35701248929631,9.29703013058809,-2.73219632780898,1.85064937534326,20.5766592687107,6.70324239547275,14.8133948853174,-3.73558073327975,14.6669177413373,0
"588",-2.0445260890822,4.44522735338449,17.9747153411851,14.3412682522925,-0.728706940829521,14.690161062684,12.6482871770526,22.8270337476339,1.60610751577531,23.0630348630111,21.863491419371,-4.77861940085109,2.76710183785746,-4.36909123981472,-1.95822957644517,19.8283653431205,6.96801441657962,12.3201197922031,-4.34529587349217,14.6943961495616,1
"589",-4.4550290145536,7.867098488461,19.68321400104,10.2722163212445,0.62733134935367,10.2120269490693,14.3615896729371,20.6408385315089,-0.42351519507999,26.0642711268704,22.2217667242046,2.46293955759082,7.58487448436598,-3.3608221075163,2.18373597022559,23.4988930083777,5.68547169564197,11.2615546213445,-2.07132679475772,15.0135840016905,1
"590",-1.73330124233012,8.59818200135357,22.336287708329,12.0370773024981,3.32423464878982,13.8447016924743,11.3779816841708,21.3159350692179,-0.146940954597188,24.2165824025078,22.6790146322123,-2.80618627904026,3.27411019874685,-2.74249379034569,5.03853328219259,18.7411791610064,1.58583534748135,16.9890600974361,-4.10093716966014,16.2845251195288,1
"591",-3.44739905112429,2.99298443813041,21.5550606641739,13.2770720234373,0.342812179448728,11.8601113302144,11.5794747022657,22.3645809060613,2.7464903114045,23.9467759907376,27.9361280414131,-6.08847020128445,11.3340485124533,-3.85459354557249,10.0978123870728,21.5998859911969,6.10666857643411,14.3039425967131,0.697285401154604,14.924511372052,1
"592",-5.78202455003508,9.82793869622471,17.3349145561075,12.1547527279922,-0.0438877951784984,11.7855503017679,9.82687827349112,18.3559019474631,3.78855026000856,24.6742413935289,19.8447207486888,0.975446685017737,9.58410720259648,-5.432676943891,-2.21492078164265,18.9976825470935,3.02013963642135,10.6786332498678,-2.42162563166452,13.5659846139566,1
"593",0.123384261067816,2.0543128540097,20.6845096276845,13.9849175290546,-0.126324758037008,13.0001199480242,10.4817813815988,24.8958901495613,2.69597097241917,24.4805925807321,23.0919321317817,1.16848587726801,3.74072161962534,-4.99329180090682,4.69757497807646,18.7521316253596,7.23494569020401,11.3503731288202,-4.0727014759453,13.8277098562822,0
"594",-3.17576021858353,1.86866373258861,21.5437912389036,16.0379640235143,1.06076525565648,14.9621957252997,10.8663453411577,24.6713428155315,-0.643627840484196,23.0067816389141,22.2402169237874,-4.17246847795923,4.56065848966574,-5.71189357264808,-2.55536699247873,19.0183222851998,3.81654409670598,14.7290001894886,-1.37711162364063,17.3658012182852,1
"595",-2.91739560047358,7.2808379059849,20.3389670757842,13.4913360864602,3.79005530008948,9.97779534827249,14.6848949517982,21.595727786804,1.0838751005948,25.5489182778633,27.6911698230387,-3.51095344705442,5.47236295856437,-6.12017541410142,-0.607230058981507,19.0996702159677,4.20259842762911,9.12468650540104,-1.41008614097392,7.34568905362441,0
"596",-3.01928629064502,11.6497743444204,18.9871901517549,11.3081256828541,1.38833889271394,12.2507103737351,10.0190458394532,19.4851962901697,2.30749665310081,23.4326203252042,21.9433607575245,-1.87314399076921,8.36525263963526,-4.73720743478204,0.912810629242981,21.3698804981685,5.48384413574797,12.1118017644475,-1.81017621385868,18.391944412269,1
"597",-2.54914203928687,7.57928993190785,19.191954751253,13.1607647221494,3.3203773848424,13.0080206322027,14.1729688513552,24.9051706085912,2.61784365312304,24.7214352446958,25.0667085233785,-8.71175872743506,9.25246858224213,-5.18687772459249,3.89435934594769,22.2821333933358,4.48646308158313,11.4501430685463,-4.22331091323723,16.8689247379816,1
"598",-2.47138779751576,5.99609865305583,22.0693452097583,10.216210443502,4.17138607897438,9.10182588761007,11.115357475719,16.9643684464126,-0.110803531610933,26.5472160889196,24.1069352631659,-6.22398662727247,3.65051403367847,-4.98138141494442,2.94100799939499,21.0698517863626,6.74197898639501,13.9213321241225,-3.88636459836918,12.9314722082991,1
"599",-4.25256341136529,8.35227157225259,20.6408430961027,10.4957296130803,3.22351716556137,12.8154472305431,12.4689535163783,22.7746340809775,-0.441366179084947,24.8946682035706,25.7669785700164,2.35431245705222,11.4674380398974,-0.829182200757556,6.28403014564353,21.6585853281616,5.21255518544944,10.677368815017,2.481279653929,8.31483523792305,1
"600",-2.85523119624951,6.68888700204576,21.3783527449383,14.176582856229,1.59848283517689,13.3954876343958,14.9787414208815,20.6441051641545,-1.17328982273088,26.0367696283675,25.6036351885878,-8.03773492676707,10.9499223159592,-3.80882589976226,0.231268785598464,23.0848349209629,4.58647901842808,16.6453853223617,-4.58262498399807,17.9802924259626,0
"601",-2.43145078406984,7.64093098549399,22.5022378067588,11.9041472258368,5.59741440586815,12.7617508064782,7.74938547776786,21.7805613664353,5.21213652317451,23.743381200972,25.3187884316611,-3.84067879069138,4.73999857551456,-9.45202328343503,6.08937303558091,23.978376233614,12.152614289374,14.7828707468817,-3.52682118797102,15.0816253157604,0
"602",-2.21385282002095,7.09997134432455,16.9694028716282,10.7489865795109,-1.37056375652737,14.3450485709709,7.34318290198758,22.8501448800041,3.2383674807704,23.3314831638585,30.8726824386315,-2.59074795266486,5.55970560422553,-5.24409846276078,0.81651725859528,22.2116429591597,6.07056927724625,12.8371695822901,-4.33527969982681,14.5829099633669,0
"603",-2.38382506556892,7.90161443887385,20.0921927083935,11.5481883032267,5.13587682567708,9.15931628662833,11.4246750654533,19.6826373943365,3.14716395249676,26.1264383400041,25.3186024706193,-3.79479551584441,6.99428743042048,-2.5851070389947,5.52520188460993,18.3777808019921,5.02116208349718,14.1908977899615,-4.36067295116806,15.3412413395718,0
"604",-3.38991886474806,4.29908994244283,18.4780647807452,15.5474960549672,-0.309708836846432,7.27499470685744,14.4273647644027,16.940481962987,1.40723551577023,27.5530365040952,23.3222418883438,-7.40143268454554,3.00392124506098,-3.05054449193248,1.80791816142466,21.7604645623545,6.46924221768958,14.7644093743011,-6.60803502704553,16.4948466905215,1
"605",-6.0247365168718,10.4155060557231,20.80628627265,8.89939978268675,1.92881549202348,11.9954965414442,7.64623942053484,25.4823601026291,7.08544571679654,22.266946269205,25.619311134878,-4.30677775743801,8.04773859037116,-2.73738158029075,2.98226321089428,20.2360134086331,7.92369187539312,14.010437738882,0.496096631594131,12.816583463468,0
"606",-2.84437073967204,3.66218802315159,21.6057094662225,11.3923195280863,-1.41717448338427,13.5524512490064,7.6687994055511,22.2232375692245,5.76908384879644,22.3794598127745,21.9046288106904,-7.57713334704801,7.00110374915235,-1.44174678724564,1.56193973623874,18.8429720948645,2.21477137624219,13.2011154617414,-3.40744133607309,11.8900928744809,0
"607",-1.6096563058762,1.49806708064993,18.6700894606529,16.2040317256794,-5.59395961670199,11.5049235090606,17.705531999644,19.5489442924184,-1.29660449036053,25.7676668704085,29.1372956325186,-5.2108778130086,7.06083832925908,-6.97283963861861,4.90632901452363,23.3087291167171,7.56963785788999,10.5000575064679,-2.32448280864918,11.6047511002382,1
"608",-3.12108949725481,7.34606350668291,22.0555590701934,12.0705763293385,4.20547306987322,11.2831886157626,11.3209681584528,20.5804704783071,0.648312863210491,25.0065335609331,16.1129374626618,-2.41931140818564,10.3449235900614,-8.65139928414959,7.13887907266096,24.2195321778516,9.48641847482571,15.5618424156937,-4.35056646861867,22.7119629811578,0
"609",-3.37008051414655,4.92836794115114,22.4861111020179,10.3726971407115,1.25567180845063,9.50559629200671,14.4245166095181,17.9421254842165,0.11684420229888,26.4446234212399,24.161937723811,-3.37894717213062,4.58318137959117,-4.1512010243951,0.931407702910109,18.8461216052623,4.7420123123315,15.2453987192402,-1.49605672611224,14.3264248465367,1
"610",-3.12015778474762,9.17035956108931,17.044723739662,14.7223933385175,1.39140215510441,12.368182223688,15.4820476961154,20.5130422868115,1.48795378318228,25.1171206783772,25.8292138525699,-7.8650210122487,5.93733607977134,-1.47606357699039,6.39694007608613,21.2625465545496,4.98527310959012,15.5710088772857,-2.68748873360299,16.1040853342528,0
"611",-2.27500003578325,6.91270699094596,20.1640866087016,13.6219274188347,-1.27631956033284,12.8293895354035,12.8850385008115,19.9149627641225,-1.82417700778676,25.7551585325751,23.4868151766017,-4.00969018537049,6.78996553375444,-3.22823022587055,1.11415466177768,19.8985173950115,7.26684163465163,13.472676263058,-2.72680044261949,15.3174967758148,0
"612",-3.75557763600717,6.23826346294602,19.5775025168659,12.5158735514253,3.58367743982216,12.4834248906087,8.04795788435399,22.2892478448882,0.979952550204529,22.5847836606097,24.5143186504235,-2.55894804651411,5.04059646431992,-1.52502685751092,3.00111224078195,22.7677463730384,10.668526371521,12.7097563239752,-1.48699259289224,14.3124061423352,1
"613",-3.31963904836903,6.61444630315477,18.4182927156357,12.8324439672904,0.52440644965905,14.2693115710041,10.5896824514987,22.8080685620702,6.00116057670201,22.5467436208349,29.8636067612933,-2.89031939732752,2.16574087636963,-4.90918877784137,1.30155071731937,20.9707848020185,6.24184308228786,11.4105772835476,-0.208201165722929,13.9175943891887,0
"614",-3.09320319863335,8.7502162087092,20.6136529212055,10.8337759283212,-5.13219041343745,9.56452771251579,10.8816279131382,22.2234614909585,3.3270609263136,22.7696324894792,24.5800202900931,-1.81190507584764,7.30582263032303,-4.11758290839494,2.12654003886295,19.0273518649419,6.4433321589839,15.1352862293589,-4.09397925712277,16.5493835587321,0
"615",-3.59818068266128,7.83573491009714,18.0252740485988,15.8452991257899,-0.995895711261626,14.4801375951385,11.7022491798795,20.8281602942438,0.562461628581083,25.2266336457581,26.1303187638544,-6.65737515861,9.23483903910544,-3.21526676310562,3.66093879238434,18.8104722141912,4.51061828547939,15.5962772763377,-3.83533156669499,14.7628692025937,1
"616",-3.75100199410602,6.71444375991542,21.2096441000502,14.3466420536142,2.8074758282253,13.3516351379652,10.7032486370623,22.7290283737043,1.24096720412191,24.1117097137235,24.7121218852613,-0.915930708235678,3.73919567445666,-4.73451122502108,4.1438367406924,21.0810051761552,10.9207375728284,15.0778265940641,-1.96066492216307,16.1196320983453,0
"617",-3.14322357179043,11.1972521229126,16.8486139435768,12.3223639455803,-0.728158772467661,13.218180286335,12.8108828958775,21.2328806269451,2.05019058920406,25.1631972432996,26.7033670272207,-5.11613589021005,3.85142388174887,-6.43566905904346,3.33393635338378,19.3068036870701,4.60493223058326,11.2852212144383,-3.79353288900016,14.7401504578078,0
"618",-2.91421690412209,7.66708215931306,17.6834773042309,11.9728153196195,-0.665926602410334,15.3443846215704,11.1156008242497,20.8973651616329,0.95389990516067,24.9988491829809,24.2580731972385,-4.17040559520943,10.4486496380095,-1.33575587030643,5.08589807033356,20.303268824099,7.34314667723759,12.032726831876,-1.8830341599494,11.236229797323,1
"619",-2.81573473345843,4.24713696061146,19.8532176891888,12.0024091148499,0.542248839192657,11.6054358728397,14.2577535893241,21.5507507275075,-1.35048400609955,26.1874367499513,28.9946820386051,-3.63411539970992,11.6700965078376,-8.02699976903489,3.1329387954537,23.7272734231772,6.28839739818856,8.47128258249048,2.9299794502205,17.7341607914829,1
"620",0.868619049890306,3.06685899632597,23.0895721205016,9.47428432426119,5.82079050526485,13.4140144072569,12.3307783785797,23.1529381349343,0.425502205851301,24.8735433315506,26.4499808593039,1.29191403061331,4.87872297593221,-10.0005715872862,1.18431102961665,21.8345844236621,9.69588779960776,10.1150800776211,-5.24865065598918,13.0178400784344,0
"621",-1.39303957986578,2.54137804387829,20.433122267629,14.3194038559614,1.5730263263474,10.6301591133032,13.7731122792586,17.3003770695454,-0.494437352142846,25.6267334586907,21.607692544657,-6.56736747430802,6.83826362425151,-6.68571089912367,-2.04123898989642,19.0788634281659,5.07697305381848,14.0027402863807,-4.61531346573102,17.2441900588403,1
"622",-3.54062164440268,7.19436439262277,22.0155313907309,6.94840040912918,1.67529490133739,12.7873441145623,12.6458714748878,20.4565385286727,-1.08244772596014,25.7853717281017,23.7098306028174,-7.64902297111163,10.1514478550126,-5.88213087001406,1.57405119315537,21.2591778047584,3.66468217234802,11.1712283289067,-3.8108903167265,14.9735914246696,0
"623",-1.96708307967652,9.18464006194646,20.0039095750316,11.278285695957,0.618280250935431,9.35009898717778,13.2259072669821,22.2404446942926,2.23425742601283,26.9969622008198,22.5535141756056,-5.90006500514633,6.45161366031371,-3.73736402463516,1.81553863349068,18.079861784516,5.58276719113217,15.3271425912307,-3.25644557782824,14.5080991736877,1
"624",0.430783898470608,0.587002828611909,25.072553007029,11.07553626469,-0.0677629683629883,11.6366942950985,16.7393585048535,23.1249119596227,-0.984651194887671,24.5257776716121,25.3503590606301,-4.24173613069619,9.34413049326746,-4.43986130968561,4.4819688406044,21.0201160886168,5.38423019836405,9.90282258866233,-5.30788005872767,13.6576115501904,1
"625",-3.16470371872538,10.3411269695689,15.9921578281192,13.5473803111997,-0.956530726554633,12.6751957370483,11.367760808053,23.5753584186783,4.37818196703398,21.0717188437808,26.1247290958463,1.05656370598997,4.33929186271921,-5.8772323607893,2.5128615941706,14.5336597283688,4.92582793410082,8.14032001709199,-2.56324931277452,13.0713519385321,0
"626",-1.53701702106199,5.64308321347805,17.9924920933517,12.7058156186845,-0.598321538891904,10.2992231673579,13.7348965518966,20.820503566956,1.45050958213397,26.1426607277665,24.0016086721831,-5.30507147602057,4.08210265391448,-7.40970753034461,3.93276319772861,17.784839639341,5.60186788125263,13.6211226242235,-4.58193806250234,17.9072203769182,1
"627",-2.16787135965996,9.14191649981585,18.790756369173,13.4216483775245,0.586628850170216,15.4742609920894,13.5653588579695,20.78682699103,-0.364446973238152,25.7204776440417,25.8122734383416,-5.9583142319244,10.100325434486,-1.6881437046189,2.37979657833665,21.7547837764666,4.8382576850016,17.1575773437832,-5.04957404676762,18.526167428092,0
"628",1.93078844693098,4.23099438855733,20.9597885774555,9.99361950420235,-2.06524377860309,14.3142441928789,11.2626583759143,20.2379610970283,-0.84719317221265,22.6922057496549,27.7841843589278,-4.33990889998015,8.23835836768133,-4.77083328415478,5.94107622081326,19.9236027679854,4.48111721379664,16.0400319961204,0.844706227544219,11.3798199863608,1
"629",-1.8455486199974,3.6462384546301,19.7329981663877,11.8190119998495,-0.544290780611431,14.8213479864215,10.1262994223134,26.296544965265,6.06044006101342,22.1240115028432,20.6350783527883,-8.1042943341498,8.81179089041238,-6.09380659940341,5.76472351102538,21.8288245943989,4.99544936158989,12.9952101274715,-1.59111979001379,19.0709968092512,0
"630",-2.36294637378891,6.76189680254542,21.5696294396268,12.4028480993074,0.793035313008527,15.6946158651518,10.5038282722454,24.7379002196946,1.86088926971264,22.7344716703044,25.0107894512361,-6.59199632387959,5.47486534440484,-5.86022210629297,2.45356419123702,19.7253688842497,5.47949099190386,13.3819761780911,-5.43997990522468,13.8378171177791,1
"631",-0.0642097045281989,0.551776497862592,22.6846139198198,12.1830328096432,1.28533918550873,16.1121350649729,9.82493377747723,22.7712218384165,0.298664761181258,24.3498638718815,21.8665411272663,-7.84576493839613,5.6923870667514,-6.35560653870692,-1.29200674692717,17.1642676993945,2.19349585615992,16.4560030051657,-3.86141175656282,18.0792644118995,1
"632",-1.87775016160461,9.2820385006675,16.5665542815885,12.707503285805,2.23802397312924,9.92355024097047,8.73903392957131,19.0507692465157,2.99053263964311,25.4498351821859,30.5498470829084,-12.6770468874849,8.26768212262555,-6.62588170228542,7.43319162608508,21.3288781502508,5.94660288672209,16.723780284601,0.203485705684142,17.231169193956,1
"633",-4.26070598845265,12.3811832487675,15.5690996495763,11.2710237134616,0.498975995840701,14.1974607898993,9.18536309002173,20.0139027476149,-0.670608961398445,23.6808509918258,24.6937485768515,-5.9743899864971,9.5464118424784,-5.94178823229479,5.96715691091342,22.6471480840259,6.48120440632999,16.3684068480846,-4.45785581178296,17.9707649677606,0
"634",-1.68771453857882,7.77794725037455,22.0350062716345,13.5359216221971,1.38514608448273,13.0945181280641,11.0779829433214,22.795528788091,2.79519085928386,22.313458385593,20.6549785528671,-1.92958267250742,5.52598550828075,-2.08656169093799,1.46206111674435,22.2494030284734,7.12937666450052,11.5044311990408,-2.59078612058648,16.5423425669179,1
"635",-0.483867528056184,5.65221887262604,20.8732332613083,12.7508913691346,-0.696739806845702,14.1814379705192,11.0337653571633,21.5497506680041,-0.618580675879546,25.2639154118047,29.0234780394929,-3.05919892695065,7.57682207111905,-1.2607227073755,4.5216955454127,24.0523121995683,7.32964091728025,13.3372885129969,-3.91097033309427,8.63025892444177,1
"636",-2.84806058095059,8.78325140745809,21.6659623839081,14.3432346383953,2.34759131195215,14.0974043386478,11.7223483975034,22.7349996951732,2.24162599392514,22.5047193192557,26.3713830915588,-8.12554208061189,8.03633113644739,-4.97627104021533,7.49437607463222,20.6108639294914,3.94259821505545,13.7141469531094,0.159783630469142,13.7221525883655,1
"637",-3.80466434975777,7.40793430030955,19.6399014175928,12.9594696361958,1.23600712371272,13.3305591081133,9.30184877377472,22.0343567026389,1.37576243118716,22.9712724194409,23.4491317217216,-9.12510868590127,5.52004934890116,-2.79077046626986,8.16477345361069,21.2946747023164,5.98133891437889,14.5817294634385,0.332567294640302,15.634983542825,0
"638",-4.48359116938647,6.43174015228465,23.6912519398908,14.4628456943543,-0.143367053925014,12.880235739372,13.426899786769,20.3542377446995,0.920435541721482,24.5055751102971,26.0761093471631,-7.23627670662121,9.99896873108425,-4.49836445782038,7.23711867634426,22.6233580230499,7.26341948204856,12.5821152435767,3.32552507071692,15.3914361886973,1
"639",-0.212701862939302,3.63775341755022,18.8045969867795,12.8957664262958,-5.52697761199187,14.8319615166631,8.93081280822563,24.0904441432992,2.21860990563743,23.5394421841526,23.1395806592632,3.03709356609727,8.23020419119716,-8.23360177898051,3.1600153518649,22.1993568765839,8.89057924036328,16.347936416991,-4.71914099609271,18.8025672554091,0
"640",-1.67457611755115,2.96426599683201,22.490240883941,8.94379121522571,-0.95207586583257,13.5562266155334,11.8740603528198,20.8361146587615,0.310370432805774,25.6476114966929,24.5766624511961,1.57836814511232,9.04164394779854,-4.60881109810973,1.65438177379344,17.9574178688899,7.39501756550036,11.3365673660817,0.30427156299925,16.2792908547149,0
"641",-3.59337608302068,3.56915731128972,18.8201355148651,15.037910798897,-0.176989629397521,12.0503698020364,10.013702335274,20.5589309544371,0.623708891185454,24.4315797810481,24.5956697851733,-5.70891216769708,8.3100304763086,-4.53382117377031,5.65060831624964,20.9293719264725,1.82483385312155,14.3453863851202,-3.16236131918601,16.4940708523837,1
"642",-2.66143346050416,1.18839135693729,23.6524975891218,11.5224567373061,-0.0486084106018199,9.18501288643173,17.2246577033139,22.6547339688576,-1.99076111538462,26.8176590782285,24.871813487638,1.03384927511389,7.67748182994246,-5.04198731173503,-1.61589263868984,16.1084200454837,2.94085343797174,6.75724577859957,-4.95502591015193,11.5398948175601,0
"643",-4.44080939771689,6.12783906710302,16.7588502044967,15.0936961459259,1.53637154609141,12.6017968781474,11.0485810776772,22.2922740757638,1.00650398724985,25.2347671883695,23.4665361367261,-4.52147283638912,4.53635034475953,-0.855063276571618,4.71378417279453,20.5764365479485,6.47537148874143,15.9291586900043,-3.02676199969116,14.2404343171118,1
"644",-3.37448184724924,12.5701545032919,17.1217203319378,12.0310943870258,0.853257187801042,11.0575482716296,17.847734346199,21.591427194746,0.0740605471134772,25.8568553709505,29.2924590584099,-3.795719691805,7.12010009534386,-5.73946992176866,2.23065914746355,20.9620284492101,5.50381344983763,12.8345054115462,-5.5227512363823,12.8180624409339,1
"645",-3.33149551979398,4.89072937814765,24.5545620188761,10.3213353800452,2.18846964509755,12.6075583910306,13.3172641623221,19.5093810063976,0.429477263375686,25.8838525214248,26.8437692324824,-4.34754742247203,6.71482935238839,-1.44847763825412,4.29731545082238,19.1494899416951,7.12317101410893,13.4119623278113,-2.29585963925723,15.5382474953567,0
"646",-0.410194941711527,-0.279449807866923,21.9913579664025,14.1065033447574,-2.66442169597225,11.7839869266352,10.6651587647233,21.6449305352405,3.24147527531044,24.1283210139066,26.0208931681313,-3.95281492036827,5.86045172658236,-4.27089920071067,2.83813360942555,20.0861913161363,4.1714459396859,10.7602295186242,-2.68395136336038,10.3659858376831,0
"647",-0.472519842620708,4.46736854918532,16.8995569478914,15.7145694120539,-0.0789919595763773,11.737785353349,8.86058270547258,23.7272854489955,3.20452892181575,24.2708773855796,25.0761023132296,-0.982636839575813,1.30149763544478,-6.35350240255539,7.82072750476542,19.763517915084,10.1062361118652,13.7781237902044,-0.507930785547392,16.127044551614,0
"648",-1.16529608972991,6.63780498571168,22.0848136851423,12.2914297866834,1.23802485999462,14.3308705088452,7.59115040198446,22.8388617066767,1.98085727577129,24.6944157483221,23.0375158019902,-6.42942502654659,7.12330786422309,-6.33724868393128,-0.329671266588711,21.53101009268,4.10561743620569,9.31277697749894,-3.42150916145982,20.9803080533289,1
"649",0.0601718300067464,2.90894367625893,19.4041851789448,12.7326209941691,-2.84855311433874,8.59585478321398,17.479829744763,18.791709628597,1.33219821006028,27.0990585534238,28.0539278044069,-6.28362143402502,9.97914867059896,-5.04828140102809,5.47445448665482,21.9098420916635,7.83871186355924,11.4008008827137,-1.3328341972488,16.7167608507581,1
"650",-3.46238839756553,7.63742489176565,18.138607208529,12.5581715685044,-2.46432743192942,13.447179131759,16.8629267856543,20.6429312367675,-3.97216809583384,27.2790765669372,27.5946973858179,-6.00772104200117,11.582753557661,-3.57258017666445,7.1612644359069,23.7195496351189,7.79410502919508,11.7475467878546,-0.752490062022633,13.5342782726991,1
"651",1.13899214435389,1.81348601807525,20.9095824174044,12.2746705786256,-1.71464587503143,10.8964384222034,12.2874178171659,20.9615484196941,4.32769195802783,23.9514757377881,24.5505289019915,-1.7771825625849,7.26291762981861,-9.98391027200948,2.80409851109039,20.0434189867051,5.78447947359995,10.6191025479053,-3.25059839642117,16.4986893450006,0
"652",-2.44238053152106,7.5326213704451,17.9010052881028,15.3999582525323,-2.38102899425822,14.3682249937921,10.3863334923076,27.1825257514715,3.89213669798027,22.007264548683,27.3035867941411,-5.8664491484253,4.74495018508253,-8.23146830902726,3.73904845192118,23.3150405972093,8.52401521227651,13.1171353877565,-0.397650874414353,18.0756627215785,1
"653",-0.904385627018907,7.95588034912775,21.7980595902012,11.7203076416035,2.08082715653362,11.2077014069764,11.5282116550268,19.9453744555531,2.19636277799837,24.3736995526876,25.5043816444975,-6.68378213009848,6.75125584637775,-3.32042738414878,3.58986218334924,21.0301136026179,5.19588386482833,11.9970000755193,-3.06342488806605,15.8994683208447,1
"654",-1.47838832346938,5.33497012215519,20.4065742329507,14.5759322002989,-1.37533152862169,12.012155190625,10.7254627350441,22.3460428142836,3.90061111969564,23.1378314785921,28.1614126949592,-2.56765906160942,3.19623477519317,-4.53138368801845,4.19260426581921,19.0281212553963,6.51072731729298,11.7401455360549,-1.08996303992611,10.6643973257015,0
"655",-0.261807099843677,4.17815700660869,25.6691059770423,11.2102285924343,0.242692018910331,12.5839814170215,8.25844298298861,21.033880034408,0.897886446856616,23.4501169161463,26.8499556218536,-2.41565282533469,4.32921248880408,-4.52881218769187,4.07415017329164,19.0164754975552,7.11390725888573,13.8630588671509,-1.75302048364113,17.7516517651677,0
"656",1.79369607433216,1.85281001845577,21.5285612723301,13.4255540957607,-5.18081057879767,13.0441834483248,16.5304252839162,21.3987468188509,0.341263087848438,24.3948067395361,27.4745791513122,-2.55338985053055,9.20464813563314,0.544407742178276,5.59359602567408,25.3318768050544,9.75278585184192,12.6811132975102,1.02771516775909,13.7653554047725,1
"657",-4.62810939674759,12.6325623063564,17.4840730465295,12.1157266759929,3.46743830193717,12.7521993274749,12.9750300758347,22.7415331714769,2.47922799538691,22.4172124873235,25.9712506109197,-9.03088373319376,2.91709759288338,-5.32085701367573,3.1549988551299,20.7290010815052,5.85857937923808,15.3266837064503,-3.01258010219355,18.6164034331529,1
"658",-3.70786864670406,5.55946130643426,21.0919459925944,10.3122348121104,1.08233706743351,10.7588601489824,9.93473603112841,21.6759081449682,4.96664234928987,22.1104508458697,24.9301788686841,-6.88293543440907,7.74235042446536,-1.22969828427118,0.285276345772946,17.4674585446654,3.94614535909834,13.2089525512458,1.39026360033511,11.9729316589348,0
"659",-4.71219461232255,5.10432580791219,23.0521149442517,13.1902291366323,2.53892625475175,16.6194607206866,11.5448080053989,22.9139734948894,0.141418610635047,23.1744580674365,23.7718895144698,-3.04492400340052,3.44394651723349,-1.48259045794717,2.44785672463427,17.9078085974837,6.25288721677763,10.2875182984768,-1.77749901129258,11.5650620217207,0
"660",-2.91900466446087,5.41511328810262,23.4050460907446,12.5729604827467,0.0993700909492705,9.81420158579832,15.8454446940243,15.1252273720977,0.19119477445833,26.882626227655,23.4550032132647,-3.63269002157252,4.18563868587166,-0.456842121216023,5.59900790961076,20.8283135927955,5.06295239746385,15.3998408953235,-3.98250540257654,18.1897207064077,1
"661",-3.98188776858488,7.91472971911708,19.8994039218275,11.7991352443235,1.20433120240835,14.6628411784737,12.2698150645983,23.3839621963579,0.849783448170972,24.3456060257541,26.543536837287,-2.74621631790171,6.56923456709974,-4.69811582299502,-0.469466646699207,21.9722726753601,6.57327859145723,12.3045186556014,-4.93402592303536,16.5903844477995,1
"662",-0.979942825721065,5.03012501735368,19.5947644710665,10.7955521380487,-1.60626915975078,12.9429338486103,13.318102843899,23.6524906501561,3.83346457073784,23.0977750053347,19.9837799750386,-4.64599852620318,0.126241510237989,-5.86452003064669,-4.3295715648,16.8546088510385,2.71955032583144,16.823191476444,-6.27972485215334,20.1555076940755,1
"663",-3.07485178706759,4.52277343451363,20.0386935838555,13.6805913831314,2.23350254299962,10.4305278634034,7.69670564540749,22.393847483361,3.49080580749752,24.8722594144096,23.5375523789119,-3.30240987825099,6.75736626156893,-6.19554753762495,-1.94835451832556,18.8730390218561,7.9271738419567,12.1424350755077,-4.34452060576896,16.3959987138507,1
"664",-1.93943920424119,3.73213346539096,20.2102605026867,14.4158821958187,0.933965098328141,13.045903225669,15.2929470118821,22.2672500182973,3.21415365033987,23.57692633406,24.856293637326,-3.44826579199011,8.01381895657244,-4.91926379792561,2.82494847452054,21.2428813081827,7.21123773669336,15.4370180733335,-6.00440080888048,17.0798231676218,0
"665",-2.2043148957618,5.32757496421641,22.494576244934,10.9303372612574,1.72448702425679,14.4418196336464,10.0483691194551,22.8506063391338,2.00203388936968,23.6179330398698,22.3979504832576,-5.34327922229955,7.41985641523692,-3.72854760910924,4.94958134143528,21.2657524635878,5.63371567680204,13.0015658468788,-0.75888321862241,17.1563358236675,0
"666",-3.6710300285025,6.26543485209213,19.0502383247817,10.3785082990971,-1.02087212865927,12.6789357978531,13.3911023339817,21.1911216709016,-0.129100161032364,25.0052031394559,24.4644298020208,-6.86925012071241,3.49033693752627,-8.0197118222238,1.41484128322933,18.3662633238691,3.73208203700486,15.1264742051965,-2.91214991126035,18.2978841707944,1
"667",-1.5957704057832,6.41418691282557,19.3859828949624,16.1439811316687,0.809081400394675,15.9049971930021,10.34268958339,23.3382850982285,3.93177704847955,23.640455131148,19.8462947508699,-0.785868429914641,3.67415319998314,-6.37779985878669,-3.01616336288862,18.1791791684806,7.23522672928071,12.0757792591122,-4.67270077545051,14.6232890946851,1
"668",-2.01359619137768,5.22729313624454,21.6301435783475,14.4832137266123,0.328090458886754,12.6665098186439,11.0934257205493,19.0206912369964,-2.46328036155416,26.2204332891954,30.8697415359277,1.40037542573321,5.48737860671154,-6.54889695230454,-3.54248110349878,16.7265366435582,3.06463912167014,7.9402969950467,-6.54022656720061,11.3366200878384,0
"669",-3.91144272318852,5.82106766874523,18.7881486033197,12.702812293155,-0.176270801437471,12.7142782052388,13.5294155982872,23.4671364637841,3.56493395458276,23.4593487343181,27.6553789876453,-6.27261210886565,3.34851816966654,-2.06230453133023,4.74895975854855,17.0705051841547,8.42697829023741,14.0906157612935,3.54350403656501,15.1911579863163,0
"670",-5.2061573363489,9.15222260946198,19.106357693524,13.4907874747832,5.09599948905912,10.5701718963409,17.9986525616004,21.959404331124,0.987741287509862,25.6528217802179,24.5121575175137,-2.50909677905697,9.01813845886972,-8.7923690350503,0.77794928932351,17.3402251725244,1.1162207448886,11.4592407758511,-4.31096332242345,12.3388272470209,1
"671",-3.74168035461034,3.3694812440566,18.9767543184167,11.9005412886884,-0.14124279628938,12.3036753992429,15.1826204019164,21.9738714759921,1.92542929647615,24.7409442032541,24.5196530059778,-1.31408315001716,7.67432896891458,-4.59939165073903,3.40255446187768,18.8968451994876,5.15477794944086,14.5544045372386,-5.14120625684719,14.0154195815566,0
"672",-1.70214837051944,4.38231577156315,25.7935280916865,12.4285610241157,3.24880213457009,11.4835262132771,9.43902390615304,18.4655820036802,-0.423430704167013,25.0447990596708,25.6167027351943,-6.75798365414183,3.80771783165632,-8.20621875887928,-0.188466936930094,20.3845828554033,4.48263265335793,13.6741093012762,-4.25025588413427,16.5667078041707,1
"673",-0.342409555449299,0.49373195292735,27.3755895508232,12.406439775667,2.91957649794829,13.5084334627028,10.9437022487375,21.9701514760039,2.2791168828124,25.7526841965828,23.8347655435156,-3.01771505503431,4.65998056222351,-5.45843861987853,2.2488024081178,19.8888612148298,6.81763982024122,11.9360701513866,-2.68857939294499,14.762145299303,0
"674",-1.75454320550563,7.90224447765386,17.3278691731926,14.7756686282897,0.155082519627076,12.7916573627932,11.4063042955091,22.9139453379295,1.52818826340076,23.9610609166346,24.8669960528565,0.0251910575277461,4.18546645190084,-5.68370651130546,5.19066686889793,19.2138088602479,8.74354168647384,14.7504484463658,-3.27826642283536,14.2981884798017,0
"675",-1.05006887712113,1.17148302498453,21.6596825777466,12.7586344349817,2.31348941164962,12.8826445994301,14.6282583858113,23.5066118618939,2.60934986330238,23.9997010346782,27.9409891154367,-8.61494407381602,6.9658729607374,-5.97777911654156,5.00893540780258,22.086402865844,7.36349546370228,9.0722673109227,-2.86151467776629,16.4462967574921,1
"676",-3.16511382806193,4.51603556968703,22.724033454338,12.3224128572786,-0.203230753833038,13.0126334467129,11.5622909580538,23.3395345306732,3.55733155608538,23.9131626341727,25.6474134000452,-1.86918648870506,8.47736173746037,-2.04648356657696,0.73204925849835,22.3275482411635,4.19929715169185,12.5841700192734,-0.985841626058913,15.1973900661174,1
"677",-0.645105496497264,6.11984030409676,20.633943390081,9.48286797031565,2.42674979687946,13.4037119670685,13.8192635447986,22.706351123426,0.435215562030174,23.895320552928,20.8542531292347,-2.09006301774387,10.7722033415362,-5.97031610318911,3.22793487479451,21.7997716544222,7.59922455756596,13.1318738333833,-7.82589345725455,17.1575122584815,0
"678",-3.01716936061937,7.57916606744878,19.7212387392327,16.4942372546542,-0.263408058448888,13.8128993429396,8.99387499740891,19.1136957018507,0.314708497693093,24.9742273082529,24.7987809604551,-4.77024801536307,9.25853577106126,-1.3822787170174,3.38918702652837,20.3478339513962,2.15870342477818,13.9856590408142,-1.60921325829246,14.7304785935603,1
"679",-3.61031304984967,6.98791426801907,22.5980188568119,10.2617427664735,1.07360358871529,14.2398129825956,13.3337027809448,21.916439340551,1.48819476375361,24.6868428896517,21.5396674326319,1.45583941999791,2.92923077418299,-7.59764341119884,6.85536196771331,21.8320678471541,9.89085500419928,11.5568382198604,-2.36564870429152,14.7279892233312,0
"680",-1.30582830499824,6.42818523086833,20.0026096937708,14.0171461469198,-1.05797862848611,12.8397181070256,11.9528812024226,18.8116479202394,-0.266197665057072,24.567580547887,23.9513870128021,-2.58900992657441,4.87317970902378,-5.11298390697519,-1.38661425315636,19.6891033616906,1.24198687923579,18.3651019560062,-7.26868784102645,14.9154103669833,1
"681",-0.806600738528151,4.58528631606521,22.8480504657084,14.2658922721016,2.58485242951763,14.8411559519324,12.9163739558005,22.3675592969595,2.20842745355094,23.2240407694573,23.8673690957395,-0.4949957879334,8.69093221686681,-4.41743290825607,-0.475908887904295,17.346906503695,3.14698788137591,13.1036524560576,-7.36895601628391,13.0158299552361,0
"682",-3.71828736717466,10.7555439743894,13.8771423027265,13.0283801839021,2.54173724403532,12.1659724362812,13.0497951107368,18.087478655715,-2.00712812938851,27.2476695867967,23.3374841001761,-6.31069095159881,6.13292203433962,-5.21446603942233,7.76068799071718,23.7037459811232,6.55876104914778,13.7295005863607,-4.98911962732995,14.084914532313,0
"683",-4.04357358507258,8.87796240324415,20.6976914181243,9.36405618799106,0.357202515341636,12.0533966847695,10.0361477743177,21.6873532277889,2.43569887567171,23.8583946931687,26.4834685590673,-3.30904880034789,6.54461039395656,-5.84500570330222,-0.579076574432874,20.7073031273138,5.90178925549053,13.2225917608541,-2.29044447348768,14.4004671391636,1
"684",-4.4774918632037,8.07869063493497,17.9537874740877,14.7429168216325,-1.05489559991753,12.1783921598889,8.10059384120512,21.1248232714341,1.92159771714318,23.8619404645595,26.8752396434045,-1.9549416880473,10.9094963905939,-6.44279854808401,-0.293215937715698,18.8355405014561,2.98453698857883,11.5382916540447,-3.95495140173427,16.0740352613754,0
"685",-2.21491802091151,6.28774112310422,14.1014765886663,15.5838355415333,-3.9532321585551,13.2334677171408,9.66066359229375,19.6114473951076,1.80272931010604,23.0215087083729,23.7480861174766,-1.37986111907582,8.63853925472263,-1.83612057210632,3.59678019312888,20.2072387106751,2.47986846859728,17.5049294938094,-4.19162812521097,12.1631345900553,1
"686",-1.29926777563074,3.28216689770252,18.911708423527,12.4991265544867,-3.08909525257534,12.7776509373225,10.9014136200724,21.772915972537,0.150785980166984,24.7141704230086,26.3474532418619,-1.68315708463573,5.60818861788741,-5.28959707470098,0.338076774669688,17.3192341165451,2.58617255119947,8.48726128933293,-5.72066695625092,13.5231668619104,0
"687",-2.26781081266845,6.18094161619258,18.0295743970445,13.2435355675095,2.05022165264997,12.877903530571,12.9588065878077,23.1053808004347,0.991792746413982,24.8353013385042,25.7244707604866,-9.45322396040634,5.23901732866754,-10.0610375400493,3.80498434137627,17.506519742953,3.22992253979005,10.5048565625316,-5.74357231823691,15.5483347120969,1
"688",-2.99561465668118,10.4922940888607,20.4845097284509,11.910918035893,-2.47289427006775,12.0556872589481,10.0254057757107,20.6096032551748,3.03262937314101,24.9177191015577,27.0706715823424,-9.0449615359637,6.94518210336871,0.782838963689926,1.05011066779602,18.8239280049153,0.723440208287065,13.8124477930343,-2.7272655252364,12.9147743057852,0
"689",-1.12728635149599,6.52355220248355,18.5555964614626,11.5334666662862,-1.42515405153979,9.41457483753357,13.2972911239546,20.0562604517924,0.708507060446694,28.0643712744224,23.9707724543835,-0.510401110477892,8.270606984294,-5.13259763839282,1.12247749260251,22.1285050863897,5.39217506061775,13.8365122889952,-3.73476867992846,14.243912262114,1
"690",-1.73797077719022,6.4980279338271,19.1346091781396,14.5601286230851,-0.422924154397077,14.5196110280622,13.8951318843699,21.5784728905166,0.284014408170628,23.9682779270065,26.8709143559718,-1.95982524601098,6.94379648924077,-3.36994617656319,1.98118740237987,18.7150236292787,6.99135856418905,15.9770303219198,-5.47750997950945,17.0412353379442,0
"691",0.852179506224098,2.37311297385356,24.3741342604949,11.5491963481274,0.0298030423734028,11.946374884224,12.0654124344151,18.0808893935632,1.68867270649051,24.8985756940825,22.2002861897652,-6.39430502792464,3.27882935983885,-4.5871111845355,-0.224421536603544,18.0324823783938,5.44561154019642,13.5812354657978,-5.06935820299084,16.3080135827198,1
"692",-0.779823887241647,6.39116008383359,22.1368884226459,11.3203363151604,2.47580623602129,11.5694797446849,17.5108988868088,20.1595834071463,-3.12668970483191,25.3521813328236,22.6934061212574,-2.4365875035987,7.21377565072127,-4.63155424480349,4.2509071554255,20.8437893838708,5.19711697010403,12.6448518090103,-6.06259839310573,18.2762746671768,0
"693",-3.70337184925752,2.79610814967901,18.2896417202876,13.4677572524911,-0.262870727034781,12.874792669342,10.8587182694996,21.4556694942883,4.1192680572589,23.8332644992612,24.9282539895851,-6.32621475647914,2.23681328889913,-5.11709455926001,7.41487909213746,21.0641300536765,8.79937369831923,13.6043863825119,0.214009500201669,16.4376173972154,0
"694",-0.275105033234551,6.56225399680824,14.4733759515742,17.5506487801802,-2.72728386610378,13.4705128461162,13.1934360323079,25.7458845867546,2.93219948044684,24.4867881347199,25.5001459968452,-7.21939676881349,3.65045330693802,-1.64379999591518,3.628591758945,23.1878227616057,8.97679776953431,14.9256010679098,-3.69324385632243,16.3592503858448,1
"695",-2.19686344972591,8.66293940023844,18.908642894784,11.4384878374768,-1.18181798626285,14.9745670628272,11.1335644248873,20.4256690923207,-2.80027238740659,27.1142945030295,24.2120059814409,-4.13744642565257,6.07098548850985,-3.87065118964766,1.60192026739293,21.2563018286473,7.09101913547014,12.3102095185945,-1.24460444979414,13.3116309488365,0
"696",-3.82557429780473,9.74932833475133,20.9252473886575,10.8802806298992,5.42617885684014,11.9271006633583,8.41721775253104,20.5234818317127,0.47295325942881,24.8519078445384,26.3626201427321,-9.63765218935065,2.48324048890071,2.07369258828458,6.78048050453254,19.4397596715019,6.64351528307111,15.2195406657142,-2.00214590990084,14.6598234293158,0
"697",-1.21306030197639,2.35139022640563,24.3749688365989,11.3233766984982,-0.537032543294128,13.3701224338239,6.63399479355359,23.1793810242332,4.50288210592099,22.8349576432517,25.1704724250672,-0.937567674431602,7.12665901919788,-5.10834510958317,4.25145151054355,16.6417178324318,4.34157129169239,12.8754395884861,-4.02595152208935,16.0778932256088,0
"698",-3.97260041232347,10.021320042125,18.9053967894591,11.9233317029989,3.02387987539388,14.5358186646788,10.3315224414014,22.2303207821784,-1.557120345737,23.9094375571237,24.1084332986898,-5.82345380506579,10.340840902454,-4.71224412690581,4.71232062768711,20.6960888641481,4.30635154303984,10.8635103764107,-2.71553913903872,14.299602695981,1
"699",-0.295858973223517,2.03901202832418,23.5350930524033,13.346380598831,0.177244656204245,12.2612534854602,13.1560642382112,17.447085401717,-2.3419289166092,26.1794578821965,23.4255252482357,-4.13247804047743,7.09372074425868,-6.50500044753222,4.66555661802339,19.9686743186089,6.01837856197692,13.1930898830564,-3.73038933036057,16.7565409952098,0
"700",-3.68251658863421,7.78879515824898,18.95532776457,12.8594154773899,6.28915309332559,13.3875169716041,7.55635496305861,20.3038283980377,2.28235274047176,25.0647864906688,19.706562456508,-2.00571442993243,6.99807506991094,-2.87019330433738,-0.971448198693573,19.1353160703795,6.30925533590952,16.0147008008728,-2.22083287813365,12.6659140907161,1
"701",0.439373205024439,8.89661901754644,19.9019270877539,11.042225556033,-2.98285145926527,14.7495796144085,8.42505045807749,20.9291245164531,3.69540221728992,23.8189987432498,29.4021010282883,-5.43849894913425,1.12180761034826,-2.12941630098365,2.96356215647834,21.2001934772898,5.07251973543858,12.9833501303295,-1.66383388240597,12.7565763172461,0
"702",-1.03928799234701,1.27013715730183,21.49478735558,12.3483077532885,0.027993366471013,13.0563365180352,11.5285335146331,23.4972404343549,1.24045043100715,24.7161597695444,28.6114134897829,-7.14616430935064,6.75832466226214,-3.47336357661994,5.52169055861881,23.4298483028166,9.03839976319591,12.0497891656745,-1.81004405509085,14.1791031898492,1
"703",-2.34925877653894,6.7401061981059,17.740270724966,14.3594603262692,0.81149486242111,11.2226541067198,12.0691694332052,22.1112231099343,1.64507743196852,26.0238382281365,25.6055104238121,-5.89396780427991,6.4594581361235,-7.44449555517502,2.40593213716424,23.4167436942249,4.29403393000966,7.84694144094549,-3.97918490052101,16.1368220054146,1
"704",-1.08857330537571,3.45772426135278,24.0031362214646,10.5665407111561,0.392810308529592,12.4273620501835,13.3172534107231,19.4741700732878,2.236497088939,25.081473590164,30.956582844462,-10.1934656538485,8.10812002138954,0.351306600245288,3.27125338507954,18.3788435251991,0.954470502991829,15.2945199168086,-3.9693235056566,17.5504967415655,0
"705",-2.58777841420708,4.55754228835751,22.4347170865548,13.3718840667882,-1.42859214515689,14.3604745141336,11.9616098532701,21.2981486718217,-1.79105316254964,24.520983656307,27.4687509984334,-4.92183957564449,5.95673487295327,-3.32082720839908,2.95252497642943,20.3778213131426,2.32021835096784,9.91890883445083,-6.60786491732879,12.3637027927471,0
"706",-3.18214077632283,5.60097608669299,24.1516581626447,11.1415922105091,-1.16319705693696,14.9014545667778,13.9833197074679,20.7281679564389,-0.902425199772715,25.706399494288,30.2032489396349,-2.85070887988303,4.08148477451638,-2.20372876133518,-0.15006688757834,13.2303458759235,2.84247502096624,9.99840915901524,-0.0913000809242197,9.47776167241618,0
"707",-4.33609147418711,6.82297425338199,18.4858689071187,13.5516269777371,-3.60482806587423,16.2817091183807,14.5862427580785,21.7315592600104,-1.89637993034324,25.3646521352444,24.2499876463366,-2.40524868654135,7.00400881646967,-2.32483098079101,1.14793196390477,20.4526596805993,5.80090456597115,14.5708339405458,-4.67604820090639,13.0306810561195,0
"708",-5.32090979438783,5.74206543974197,19.6146974339502,10.85431335956,0.360582334081545,12.3798429974024,11.5698833848049,19.8307046546628,-0.546392483549211,24.4851065251447,26.2496635573429,-2.59426807748921,7.22105493579791,-0.291743529806245,2.71156199239763,21.6623887712646,6.45066179904057,12.4977654990038,-0.0477159917468688,11.1941957661812,1
"709",-5.43907692338138,9.71234462318199,17.2272395746022,13.4060954091549,2.65393357349106,11.1960220647988,15.5188681684173,20.2711114475319,-0.362600919196379,25.1107257453781,25.4082834026285,-3.11158229731835,9.62259294440504,-4.71829511959696,4.08993428308793,20.4826802419889,4.01003725276165,13.9998032831319,-3.38874555708108,20.1490636145327,0
"710",-0.689287550635621,1.7812063381304,25.6416338954612,9.10152941356512,-0.339659381537265,13.0419473518535,13.8299458400592,21.7948144181949,1.89734509988406,24.6749623049413,24.8328039849895,-5.11442668211801,8.97758825577534,-5.49493859517224,0.2173907396029,20.345614343342,3.56550134297195,9.90443615482727,-2.84910614810299,16.5392740836731,1
"711",-2.7862260234145,4.61302162289543,16.4594231421303,13.3548678325066,-5.27382335303891,12.8421090451823,12.5509762589583,19.7237632704372,1.21653472381467,25.0303638188466,21.9349855304004,-2.14256475974167,9.78522096657915,-7.6520032334872,-0.170097417429228,20.7533442755972,2.90815341322283,11.8140514328273,-0.450639397371743,17.3141896067993,1
"712",-0.763801370136925,7.02110654782081,20.2687310312112,12.1203140651737,4.74424619783139,15.7633168624458,13.7080774241117,19.2068900304204,-0.282102793867307,25.2483198326158,23.7428117818945,-1.72826620377743,10.8487103367348,-3.98171903468569,1.00316657873922,21.6965081412975,4.38332839093428,11.6833451643429,0.0322869375803987,16.977417876931,1
"713",-2.18383577050233,8.68188578146921,15.6559519363652,16.3247468211813,-1.24760413112177,10.1308201990219,14.1187523818114,20.1111961885969,0.197797708950353,26.2027842301126,27.5913865329127,-7.62791191582091,7.91410863416941,-6.64590332841028,4.4983063681812,22.3880945780044,7.41108613626855,12.537284162351,-2.38531333889559,14.7818297251218,1
"714",3.45390490822392,3.39832274515746,21.7556643295783,12.5316002245836,0.437295867509818,11.9820981135127,9.30839335981673,18.6142472064891,0.0162196900345661,25.2724563704267,25.5048559190514,-2.48230825442332,5.74861352242304,-3.21982930965577,3.09765979665741,17.9666431063239,8.54681850983286,12.0268946508702,-1.3312709825681,15.5002725366647,0
"715",-3.00056013434571,6.12856777551667,18.1479095379349,15.7257109858707,0.00739186854340051,11.0473359534973,10.2194089422023,21.3038622363856,2.20038584313988,24.1647669334623,23.3291558147159,-5.88446314889629,8.06896697212377,-4.6089511611524,9.08749700276088,24.6189501617593,6.9034630969384,16.8243735581517,-7.98785471672154,16.5913810003142,0
"716",-0.728802791230186,5.96238470758407,16.9789910275294,12.2783508562774,-1.02790481910798,15.0149258044881,13.0773083678429,22.4334616921567,-2.98549251867694,23.9206587950156,25.7064247195587,-2.62717677036051,6.75999493683516,-6.58490378065603,0.841166636703278,19.6434324727396,7.75241709367256,12.0254334289368,-2.49333321202851,13.7816038282214,0
"717",-4.04057605444042,4.31063128646617,20.0321519631271,12.0589089366156,1.45487425109037,9.72159798512264,16.0059166082349,19.6336823009114,-0.425983777845976,26.741607493634,25.9328588226773,-1.30480865088988,5.00739730645145,-6.40966698540543,6.29836996792056,21.3998588169388,7.15310915356944,11.950886527717,-3.93833079191478,14.4351731222974,0
"718",-2.04730345490569,8.75040527535912,15.3114697953354,12.3324474432042,-1.309600808606,11.9671342772857,12.7820639320906,19.8955094487907,0.515444338064548,24.8361046122208,25.8555540848237,0.0229436535284124,8.67761629274787,-6.87523648853297,-0.460480047222148,17.8141576163172,5.92964538176992,11.2895925707154,-4.73381096841532,16.9730198265502,0
"719",-5.15550918288622,5.00679854813929,19.3881976801132,11.4714633316815,3.64318202010641,14.1992070774469,13.6384686083079,20.6001711021651,3.12468629583378,24.0708085838743,28.114484086324,-7.91318724152689,8.15551887094344,-4.98105228389292,6.79995038797453,20.064387457176,7.32580013307099,13.0096185428313,1.66631010983213,14.3965060313457,1
"720",-2.28120384825219,3.61586439657974,21.1820639979978,13.0383981701255,-0.590803419892034,13.84489109986,12.7133062859098,22.5901839404392,2.71833974806763,23.8036955692064,23.6182947718844,1.70156412380731,8.07563604384332,-5.11731302376103,2.75930877814564,17.7742472595281,5.55054682148233,14.2908408918214,-4.59667278186313,17.7736509026044,0
"721",-1.04508346638326,5.32456633252599,25.5016164274877,11.6072729373155,3.15597645154393,12.631425798869,11.3871300556402,22.5016582453968,0.261046084638072,24.3348560971199,25.1173167894035,-4.84449741520108,9.88461201756667,-1.9320232881042,4.94299118230722,24.0223459076155,2.30196331885781,14.6167926398247,-5.44943406341997,15.5341529414291,1
"722",-2.57374942708231,2.46924080375711,22.8530488542981,11.3082412125084,0.828836596064197,10.758038178345,14.5653785012559,19.5460568619244,2.8116590498246,25.0168531376436,24.5181991973994,-5.21022476091718,5.21883306918241,-5.01064037610032,7.18538813602607,20.7860731111245,9.03311838460568,15.4735090240313,1.16430596908541,17.0511025542733,0
"723",-4.13098003202301,11.6195116013392,19.0674491740115,12.3803844928847,0.866828467736525,7.94085032271857,11.1092464829917,20.2099026519065,4.90052413477821,25.0324683245049,29.1933932872456,-6.75435742084575,4.66210216230338,-3.89143984023265,6.0034285626142,20.3949797105177,4.88995255287204,16.6671054963693,-2.42994401710825,11.7890768081879,1
"724",-4.45301786080272,7.44577226657816,20.5138409976331,10.1304866296505,2.63372714267994,12.3061047047207,15.4784468550794,20.9320403575606,2.12521518042919,23.8574838912242,27.1174258405076,-2.63668522569964,6.1261333359704,-3.60939713338311,1.68613791570535,18.7662672127367,7.2021580987081,15.2466201825259,-2.93957150895024,15.2001475587943,0
"725",-4.00040671993012,7.05281755211568,14.3554791707148,12.8324522649539,-1.02104137496581,10.2253911578449,15.1101342461516,19.1949369360588,0.190468114427532,24.6417185820821,22.5335516103847,-1.22063518550152,4.90124943530026,-7.9876858980761,5.2310837470209,19.0118242689537,10.8652924592202,12.4164469945743,5.05526580768485,17.4275078643434,0
"726",-3.42307967377129,2.92457187445911,20.2848407594144,10.8645182579008,-1.99182210797328,12.9851052757134,10.705944572153,20.9647381384945,1.87858954343806,24.159439698605,27.4343928122839,-8.45643841732155,5.94181331119959,-7.74971043198296,1.76452660238284,19.9295754485017,5.88393488613004,11.7244298495997,-4.81349595706541,12.9842273571638,1
"727",-4.50994620869302,7.20094635792998,19.1566786645509,12.5867712389478,1.27086386965609,13.9294858992521,11.8979989360363,22.2519272947486,2.20425362197617,22.8858018605342,26.0857249160966,-2.26835601049223,6.38492291535796,-5.10470277865343,1.48589044355357,20.4273069317021,4.51136197874616,9.44947724789952,-4.47165438278953,11.3398839688737,0
"728",-2.67601006278322,7.74125415812738,18.5853654250886,14.142986000303,4.95480734747784,10.1625465188348,13.8956191384812,19.8087887471099,2.10623548694047,24.9752253660762,21.8356152503881,-2.8655286883903,4.95089338244324,-5.42864466280988,7.64415731677406,21.9873297200696,10.3392128268307,15.190126603887,-1.13884201184004,17.8387539845564,0
"729",-0.0670465421309148,3.65999008015359,22.6887672381037,14.6218862747893,-0.0502378978543288,15.8398069199769,5.29809516629436,25.701945811191,5.85017596785835,20.9172058980333,24.6480120359607,0.730155414980891,2.71246073947835,-5.3815166682882,5.03879621455307,19.1458191083001,6.89789578901218,11.6535590068595,-3.761445545308,15.2861803430811,0
"730",-5.23595324698568,6.77654306200667,19.56773594163,9.58252746478891,-1.21530029293513,9.84408293355972,11.7451696434268,20.7121350625173,2.49557440108238,23.2570447840002,23.337401829895,-5.98679484848365,10.0060392778448,-7.65942286956652,3.12404721774588,18.7785786911687,2.6650412705231,12.1041968513603,-1.97312947720081,15.8129744708012,1
"731",-2.56641515418611,3.18336880815787,23.2746563478,13.2566275466825,1.94003499061285,12.1660665571284,8.37601652184115,19.5175955658539,-0.43026718627099,26.5665619748018,26.8507506892583,-5.60330830884617,8.23840878700115,-4.34479303128827,4.73761983341125,21.0101155036612,3.91467771858015,16.9583904309787,-0.371489086448991,14.0422508057822,1
"732",1.62670508092641,2.61684168971674,21.3149544497609,13.1396158227318,-2.03598552885326,14.4567782027823,10.3565515485425,22.8972542646074,2.892893123968,24.1004387009684,26.1548579821535,-4.01762196416481,8.03186773943953,-3.80080866113427,1.85297715956006,18.4051948637425,2.7659830923605,13.3709487077829,-3.42065550279424,15.9683134725746,0
"733",-1.8845704460239,5.09278618238707,20.1179805750909,9.9494983787723,-0.408774553191884,11.2966317018717,12.6246230106731,21.2800091887632,1.75023880793803,25.0746964098549,23.988777809161,-4.76482159403285,4.26989426949744,-6.56473349782471,8.68483359970327,22.0886745441426,8.53651808669137,13.8431030552067,-0.120678768336725,17.4221841858154,0
"734",-1.93267887559315,7.66737011223804,19.2028118156146,14.9130823966694,0.838871175063501,11.7242988950629,14.3269445190778,17.9195937856003,0.860390714705393,25.493048344004,20.914832681304,0.313085562541772,7.20403278935416,-2.60804697462286,-1.41980276564228,20.6429752530588,5.94318323825971,13.3468525173317,-2.23914367735083,17.3970673084814,1
"735",-4.58713688149122,11.1161174186486,20.1738555953449,11.4677902257399,1.95052674382598,15.7245445158657,6.38195203817393,22.8853250590507,3.71214667157177,20.9525133243769,25.4099452149054,-7.91932844033905,5.31553898389711,-7.88599636298278,1.54136868143223,18.3605990634206,3.08801341493312,13.2982771303672,-2.10215529739857,17.0946054121471,1
"736",-5.54198599780647,7.40006400637573,19.8634673558777,13.5167163104751,4.57495432316798,12.1982255317255,17.1772757068713,21.0226420508178,-0.608038581696867,25.0715694729836,25.9705800611515,-7.73449756455247,4.9703660970887,-3.87023859543663,5.1279549344424,22.5955091073908,6.41713375442304,13.3326788996468,-1.57919235121176,14.7826013997033,1
"737",-2.07081413894333,5.17858634064422,18.4324178079029,14.3658871821732,-0.885826085484551,13.8298548230164,12.9612342757456,24.8012148348666,-0.71954251948766,26.4697307111213,28.1480147497578,0.449827772192759,1.51712929244799,-3.90891339498471,-0.0509950587887906,16.3614490104705,5.82863028234787,10.2602809161835,-2.99423050894914,12.1005603006569,0
"738",-1.98646727922254,1.86913795165016,20.8176551753457,16.018510111505,0.823296703868223,12.7986045396312,12.6603410265566,24.21500083704,1.95285536030175,24.6980862471175,22.3635338883989,2.2581426706344,7.04287930245448,-1.79922706565456,-0.759393394800345,20.6865213365363,3.30000230842454,14.2979613804506,-2.13524532992175,15.3458536849135,1
"739",-3.73368007863365,9.26874277090381,17.9392721578751,12.913255879905,3.32955060879063,13.5005379847579,12.5110105512592,19.9222352212289,-1.06858533665033,24.4459334676666,25.0989260413585,-5.54130061101212,13.4593766801067,-0.255604347064296,5.78127646828692,21.9662776085857,6.69982573978424,13.3981524631294,-0.862544572717829,11.0758454364421,1
"740",-0.264215829525833,1.77571722483915,21.5646186443895,10.7648560251764,2.76276356192467,11.7014876331941,19.6574866160866,19.2715565213571,0.489545838428098,27.1545464170519,26.9700708117781,-2.32852302362256,7.71571782144646,-4.99347337132695,-1.71801128696897,21.9902899004508,9.30320931513421,10.3638919354337,-3.92418620476698,15.1612493665385,1
"741",-2.54923713064495,6.98119966864204,19.9773537797291,11.1181408556568,0.664283094787352,11.6459739947662,14.7328407460592,19.1291890774589,2.2773705337024,24.3380138625285,23.6844567776717,-4.36363600647858,6.12711121338415,-4.6650558718954,6.22884579879605,19.407770205416,7.26725074687304,14.1525159574811,-2.24250141944821,17.2275713241723,0
"742",-1.95841640485736,5.98941730748978,22.9842962646159,12.3866306688901,0.391465241453271,15.1619942230835,12.2289136826501,21.002619403113,1.77900476698171,24.6991045662301,26.1840631887631,-3.73457888297868,5.08546298550171,-7.62370069743237,2.88578332731529,22.3153117381924,5.62738286513573,14.1017197821915,-2.93011575695931,17.4922473360987,0
"743",0.535468099711949,2.79379374687629,21.1805976376164,16.6987456899666,0.118448546237233,14.2509257345627,13.6817137030019,21.7754331605067,1.68743057491012,24.1326573540304,28.0269827980971,-7.25816787722531,1.33662936107031,-6.74821894046494,4.91464321789862,20.9486711323064,5.47699858606994,10.7169387239634,0.837319430868824,13.5181853515413,0
"744",-0.465773567653418,3.16031048381917,24.2368057848232,11.1586664903352,1.98908875734844,11.7721594957555,17.1094727337625,19.4076594997875,-0.606219056508731,26.8661143586761,26.3767693017021,1.95082461047333,9.14759091915393,-8.39231745937913,2.24247500889851,19.457429491843,6.36518219593842,12.8236220849499,-4.95625685930294,18.9274103868824,0
"745",-4.8227594772897,7.17274618009072,23.0637172858087,9.55780560725497,1.98282112983839,14.1548964108474,12.8247574369247,21.2283642508351,-1.74954628672404,24.4529178566617,26.1006287000284,-3.59711048270357,7.98967353480467,-3.94346911427346,4.33074847520829,23.2227587993177,9.50086175739512,12.3273682689198,0.260099122151672,12.3504077235812,1
"746",-1.75221654852807,7.41119257617557,16.4840184951378,14.1414039881891,-1.33304928340425,11.5412851630574,16.6389276612278,17.9943616359732,-0.848559221846884,26.9936520973977,22.8029996293652,-1.6358224349627,8.70509469093856,-4.47557968399352,3.09959917313367,19.2171500771389,8.63692604194838,15.9989312597017,-1.94621387269804,18.1498853192565,0
"747",-0.950710371006386,6.80347062292538,21.6194459846465,12.4236399048834,1.85048698671359,14.8089292407836,8.06152036413975,20.8340876555646,-2.99678296927569,25.1865330732569,26.9379280535042,-3.70908782003337,1.02142459165177,-4.50490048566477,8.26807980442443,16.0771061724428,3.17787684885948,10.0186828615538,-1.79207886665434,15.7072587995982,0
"748",-4.09059371565716,6.28355804924815,18.7055299728104,13.3855296262222,0.885054123037024,14.3174948687216,12.9903430092572,17.4813056751099,-1.22200331419327,25.6236742516412,24.2874246046056,-7.63238830158322,7.62314725008295,-4.70104435514926,3.30064406651017,23.6855785204002,7.17655954309419,12.2906443268579,-2.465953224071,19.7400995541836,1
"749",-1.89579131445762,5.98130155334237,21.1050423683054,10.848792506194,-1.29364502201598,11.1189710146988,19.0821430194124,20.4087476821802,-1.98416041779242,27.5545243163525,25.1592230808955,-6.20257139797707,6.59447225755501,-4.69268082658681,2.93555880854573,22.6086923349138,6.4296863989275,15.1808109235552,-4.47752057314071,15.6900291660274,0
"750",-1.28706500156081,3.14831515188652,15.125127750379,14.7114929577904,-4.85650774434159,11.6091608918082,15.4172663866992,20.5147132586172,4.30059111966952,25.1938662236828,26.9005254454651,-3.27287375360614,6.9122015186049,-6.1973176592104,0.573390506013602,22.7219998804655,7.9783174622283,9.62153820095346,0.114220623506542,13.6295464343403,1
"751",0.0132417850447837,1.4195128660156,19.9860957449888,11.8546727230233,-3.41068458362723,13.2653175576086,12.4862601387116,21.642483393521,1.85380926738909,22.411477436407,19.6282728912486,-4.47806810393305,5.42521696765532,-5.44364284666626,-0.660269100600227,18.7075442963296,7.15882236529916,10.8724382805745,-3.27217864288758,16.3605098048107,1
"752",-5.69856746525756,9.45071087446837,13.7751951315473,13.4970221023763,-1.7309481804827,13.6683470617422,11.2293410289103,19.4252213570978,-2.40280148835597,24.9376591266927,21.4882836056794,-5.68803915426701,9.90701339970597,-6.01424588844463,4.00214797665154,19.6273053153065,8.85711144515442,9.94729831467149,2.16630019327809,15.873692857541,1
"753",1.55903447026725,5.50120298771765,12.4981000069346,17.0109185091999,-2.91290190219471,10.4422783353366,10.0376325008579,19.4491066152723,-1.38690963278943,26.939928320672,24.5018158139421,-4.54992596403751,7.6079671025881,-4.74146325821706,-0.526192912553291,22.0575651159001,2.57952480405545,12.9553030479116,-8.78557784069817,15.3836687649199,0
"754",-1.36901159319805,3.54232707683511,23.3747047244571,10.3268807755072,-0.535343208472637,13.9191437808663,13.1787484922918,22.7825752559591,1.99132511653873,23.1013395529209,21.548687153118,-0.878301761950396,8.67713776031792,-8.93992897818194,-0.633102896460839,17.5243128800437,1.89450805289559,12.1888048560429,-3.19550184499655,17.0080202708824,1
"755",-1.85331107228489,4.33626006066399,17.9959517020969,11.4704037137092,-2.16503323378671,14.1884677156416,8.69725095568203,24.785750601307,2.33552613900255,22.4780745403334,23.9676408625949,-7.46362902899577,8.87645100493994,-2.22035901296746,2.51869475131173,20.1214631823015,4.98146507432226,15.242120237702,0.726889512250663,17.5814662645973,0
"756",-1.35156459381331,4.64832099561819,21.3554814458608,11.1272220995409,0.802672065880226,12.4854081589393,12.7271934739292,23.6230050448571,1.30900631001327,23.3385659490245,23.6533609670083,-4.41843200173097,5.57683260816059,-6.50625237845933,-2.15395030280737,20.5357588365227,6.92500586436714,11.8936278573753,-2.97653676697381,16.5840999463319,1
"757",-0.953343037670123,7.99683043411187,18.2359981839181,13.2889717912113,-2.10951293118615,11.7628516119079,12.6406612000501,19.2413181774089,-0.252894531078242,27.6747666137928,22.027189418628,-6.68789126314642,5.69205058742267,-0.394477858183704,3.88451549465779,21.5127547421602,5.64207893655409,15.3844854512728,-2.20604158024375,17.292685104701,1
"758",-3.75135866191587,5.36301258008198,18.4740947854805,14.2727089675472,-1.09216945758502,11.7851230817249,8.23806826875147,22.1162318713516,2.8583581032095,24.6863512938835,24.6842869614151,-5.67271803324524,4.38528093683807,-3.80588714986843,2.99270589964785,21.0056903251128,4.4058879002437,12.2911124426218,-3.8838197167067,16.8030572478898,1
"759",-2.40656910879197,3.38938092830292,17.5462960624529,17.068325271597,-3.12370154837142,9.99094648023948,15.2475734123023,17.0310822385072,0.504445378939294,27.177663082379,25.808932517871,-2.9489993269996,5.44004891534028,-6.71171172896678,5.67082501284936,21.6109762113604,9.01772310383285,15.5374549054429,-3.01562973544808,14.7896267938267,0
"760",-2.92206247071267,3.86958596997289,19.8959950102836,11.7091960491579,1.44906763552676,12.5311495497734,17.2396687739731,18.8399880641741,-2.7485545912628,25.8017902149935,22.0487677756662,-4.46538086324628,4.79235693435405,-8.87900404979048,-3.94892571554452,17.4738187863932,4.40491659059774,13.5525007196845,-3.73618172746802,17.8443105420815,1
"761",-3.01602782773849,6.47255428347272,17.3068597284635,14.5383335383701,-4.75081658969011,12.1842024809969,11.0031765633757,22.7574623835772,0.170292720855307,24.8308259161103,26.4079151856497,-2.13659267787408,2.88292221148566,-4.6993309675353,4.13746806303156,19.2972022926985,9.45118071358551,12.3151560126249,-3.22711357092857,13.4511027309202,0
"762",-1.37757440555404,5.82447966995175,21.6391805445438,10.1517075185643,-0.770162427433727,12.7246948871425,11.5071242118176,20.1926352472418,1.24831508614758,24.1629114045415,25.9470161835593,-1.97579327609434,5.89595157755828,-1.82256983664791,2.34475943831974,21.2763847405037,6.41549952567857,13.8901124557929,-3.62713295526528,11.6430732025574,1
"763",-2.8810868307318,4.74918337494253,20.8352988354452,11.7756476974518,-2.05694221132538,17.7197896226643,8.13177241734312,22.0303745623897,1.14857970507323,23.5621161998132,29.4537311668071,-6.12256730587596,4.93805179564886,-1.40056295598448,5.12707119479689,18.7508306109092,2.31366925831724,14.0793105308819,-6.21746758164766,15.0586418999161,0
"764",-2.25929355083711,5.85946462998131,16.1494458242201,12.0038032256234,0.369623993093813,14.5729150977367,11.7132141951686,20.5967620368235,1.22843283173075,23.3871863903518,26.1290575076322,-6.08955791811719,5.65427648072942,-7.20679041342434,0.21216934103293,21.6611380170933,5.36067401638683,14.7902438243217,-6.45689989192792,17.3871263411946,1
"765",-6.28008845852814,12.0944490467255,15.9647896251997,12.7983850935721,0.821816257503487,13.2560946220605,8.92238655454402,18.9760035197032,1.53696963389185,25.4501296950128,21.6827060302675,-2.99279362800436,6.04882319238586,-4.92577432312881,2.42941895150444,18.7086751878224,4.85125837321159,11.0925876098044,-3.99047366407852,13.5522594157104,0
"766",-2.48139744520808,8.40092139825904,16.7523070181012,13.3323382888582,2.12291958482315,10.014110436869,17.4752686011652,20.3166886782635,-0.211895335244364,24.4600483352672,20.3427446960815,-4.97805509049509,7.90725229223357,-6.03844853814559,-1.03719508745193,19.2960223776217,1.18296330552428,15.5556133062219,-7.51121977391445,16.9120405484163,1
"767",-3.11207127177699,5.91149754119742,20.6982342235577,13.747605853887,-2.30735624902865,14.2570561536733,13.3949773190334,21.7315065290973,0.0883682397245134,26.0969405396665,23.9036700675696,-5.84866367806715,5.45826925434161,-4.01578442789364,3.69431021959659,22.5077424833877,4.36896726590321,13.611445484263,-3.44458663004627,19.3355859574175,1
"768",-1.17403247473038,2.46645156065698,21.5587624910703,10.6851314857353,-2.6383187788735,9.89610763088891,12.5895219500091,20.961183559877,0.661567230758202,26.9467594968309,22.7160322432406,-2.59000579602647,7.77642626803722,-1.97330799280885,0.253497301154874,19.0576490861915,7.91157125565669,13.0986639147371,-2.32443373123661,12.8197806461316,1
"769",-0.773396787421686,3.05935726679169,20.3837363222955,12.8742161055212,-3.87880808268785,10.2849837179542,7.3977357169971,19.9516423238094,5.32418071190857,22.8255697828567,24.6397549769797,-4.56296468857552,1.94646650541259,-3.70269719539816,0.461815723166158,20.6688125994081,4.09510061124323,16.8011304557577,-7.23535171404925,13.983529759589,1
"770",-0.340042784065139,3.56561330236585,22.4072758890022,12.9559280386848,-0.0674168950104523,15.9318399226293,7.57789937664899,22.4083885047854,-1.32015144808722,23.842515320599,21.7088658443541,-1.49128767322585,10.6636294975285,-5.56530759585459,1.46901146017984,18.7710669760058,4.81002835553813,12.5342984475517,-1.21526961859958,14.4880829934992,0
"771",-4.60427103944973,5.09177505477544,18.7739425861306,13.6098395942464,-1.27881341092185,11.3397494788483,16.0606381397957,20.1236361976137,-0.238716796358984,25.9025090286182,24.1130729175824,-2.64555648084712,8.55889172556431,-2.48956881555893,3.68917435902479,20.5920899514165,2.1419867849422,16.6249032543032,-2.02736595606752,12.4201749948691,1
"772",-0.19775871238791,4.64577370810065,22.4272006841019,12.053280123695,1.49419688687328,15.485039339567,11.1875216331816,22.7660213139059,1.18684828847302,23.8810113815288,25.3326865022364,-4.88481874572484,3.46682300608925,-1.19463245098299,5.27528715460978,22.0059116174984,11.5205722249462,13.3885874837125,0.131515595232038,12.5759820691239,1
"773",-2.65384641549439,8.51372854022038,19.7768013566046,13.344833732543,7.35672991055319,11.2251526182936,11.8443275467714,19.0186942254561,1.98488720799412,24.3232632150874,26.7977859366512,-7.76091921286566,10.1655321113676,-4.98871631055327,3.847579290587,20.2276352805692,3.65821640294405,10.8324647660589,-1.16645177111068,11.8854707874357,1
"774",-0.0940344818657155,3.1328589268208,22.4135568474011,7.33004220110746,-0.0488750531809553,10.988067508791,13.0443488274018,18.4136792688153,-1.28146572210558,25.5179841313303,21.9411111054953,-5.18121695893338,3.30170352764882,-6.44688958808281,8.5658214915031,21.8951651899059,10.9273805976738,14.6469054298723,1.75470334201867,17.0577000483696,0
"775",-5.63420413535485,11.3342549832805,17.5559514793099,13.3923845890566,0.156309086298171,14.4011038488262,8.6761808589687,22.6050380102258,1.93511307782887,23.0929240576222,25.2639535340587,-2.14180209392129,9.19574144862737,-0.621362222243584,1.83594862315938,22.3454822605543,7.86272566354486,13.7599705791946,0.696516648992322,10.8758075887193,1
"776",-3.0552445331082,5.94002728255275,20.8219880631028,13.1216944474623,0.583416839931538,16.578768740915,5.64612015640779,25.4875056213343,2.81605983762904,20.6384931177685,27.9532389490796,-3.28236544852024,8.34326116262858,-6.79753552628413,2.24659718141367,21.5329452493577,5.45123386525842,11.160046976048,-3.82046681998611,13.6660365354634,1
"777",-3.95071277370519,4.47445033696775,24.5083287132237,12.1778768937658,2.55860604945877,15.1173836638731,8.28774296027905,21.7708957917719,-2.48170598203037,26.3593924662837,29.7755664279853,-2.78123787627841,4.85875108567712,-4.50901664293084,0.424334541345128,18.2945160671121,2.02873053843125,10.3514596679678,-4.86560450815844,14.1816912718351,0
"778",-2.99876941625355,6.79990500181067,24.1249271975211,12.9152291504211,5.20485142558061,12.8034396627743,12.1987511393961,20.007724899387,2.56053813630197,23.1473340209442,25.5189415463579,2.0798236881281,6.44798960157218,-6.9312697120943,1.85097025507624,18.4397109129669,8.10862278499377,11.4906687424511,-3.0048824226238,16.0787231687078,0
"779",1.24491736217983,0.743816300987075,23.3833780018445,12.5914828852442,2.27027377108455,15.3469291999683,16.6413430948546,22.5718929321733,0.567822830234964,23.8646218302812,23.7154182596977,-1.32589485960314,5.59144920079936,-3.61436953135612,1.29725734965116,20.3344220318802,5.95632261139337,16.0882505579659,-4.05237869166814,16.4674932887774,1
"780",-4.05877964917934,9.0294504332232,23.2679020962153,9.2186552787496,1.71758530864717,13.0892509032609,8.6317449253265,22.1025299861032,3.20598747549012,22.5660434503921,24.5863281350113,-1.17232669157441,7.11090052279841,-4.20348540156686,0.88817997815461,20.567653290701,9.56580177507234,16.0385140079653,-0.648727802691075,18.204984977241,0
"781",-2.10054859756703,6.96628933723425,22.4291215777257,12.2489408976159,-1.18533387865042,14.3574444884984,9.51567188887253,22.7779385692999,1.00917429874298,23.8018585730585,26.3828001717012,-7.30604790139962,3.2713846952144,-5.84792650466347,0.83821540011201,19.6755659637116,7.35921901494462,13.4340872592107,-1.47332324395607,15.8214648384016,1
"782",-3.27901475028101,6.16952457968299,21.2233177377598,11.6762691930999,0.126917410147779,16.2862537905007,7.10509960412007,25.0279141090685,4.43382196971447,22.0124219432623,25.2771641167729,-2.85935701662389,2.38867756946844,-10.2592131253915,6.17743907619802,19.0361610966756,7.30543476202246,9.37669129094592,-4.63347033906818,14.8391209666406,0
"783",-2.83015181259848,3.60885166191944,18.8207508350526,15.7150580910884,-0.202472212178511,11.4592217929272,10.8841923097325,20.1371955690831,1.91969924391238,25.142353904159,22.773079236305,-1.49819523444616,9.11186050885453,-5.32369881778315,2.22021519778647,19.3595717016877,4.20025889538739,11.0707786830133,-4.82273274989498,14.0761999116177,0
"784",-4.18636103784901,10.6457733230163,20.1664387346277,12.13919084106,4.80788710856841,15.6502031268587,8.37513449747927,21.0883503188939,0.423260376621447,24.098536191383,22.0176176065531,-3.66742599278077,6.62007933465898,-7.90079518776891,4.78204930157493,24.1343110707829,9.36814497597223,14.4133820114416,-3.75538917754538,16.7898686641032,0
"785",-0.946844975242664,3.53974923767194,19.4672092688798,14.776269788162,-1.13225593254403,11.1555227054894,13.7165514552278,20.5760925125231,2.55035387805921,24.9467514762557,25.5656255685513,-6.70530679325972,4.06759618058752,-2.51252632796081,2.64050440312922,17.9282887013093,5.21699111153015,11.3722663394451,-0.27803571968079,11.4114553940513,0
"786",-2.42068664593445,4.27266269476101,21.7357350412234,13.2679791789465,-1.44847840919501,13.5205160054288,11.6963846637277,21.0151900866423,1.00252805544199,24.0131199545855,23.0601706937044,-3.96727185113947,8.74624532643482,-4.23531072239936,1.72776796524704,20.6015511302726,2.25249474047946,13.2502848232764,-2.93890626058333,16.1620943791664,1
"787",-2.74727105882836,5.91116745353736,27.7010305985657,11.4198246560118,6.28300909572149,13.2817473488013,11.2908724562809,20.8963969110081,2.00177934918157,23.4566717542759,20.2852856362506,0.267981741558867,3.8116460776181,2.11817321424426,5.54666563080594,21.0390288804322,5.28875026144651,17.9593550196382,-4.12142186014971,15.4244733391856,1
"788",-2.91385430750592,6.89112954079621,22.5676980789546,8.27729049433685,3.93248141845261,11.8992914162622,10.9806309155349,17.9626686360481,1.19958017087327,27.0378570117448,25.4207687891935,4.10319008866196,3.44060589542509,-9.31091792748197,2.92766812787451,19.4721223864846,7.59404658059256,10.3039674848452,-1.41765352476465,11.4711475058904,0
"789",-0.982398024793353,5.14971090123464,22.768911840797,13.5538706171348,2.54701891553085,15.1133887797615,11.9628539679051,24.1535164338039,2.34348124421539,24.109347487132,24.1950820042629,-2.11689740471855,6.57290355167423,-0.96537205115266,4.15699320300434,21.1365677702384,5.66784380400879,13.8675787791683,-1.30468539439828,13.2666560125864,1
"790",-2.88400149988372,8.76553957616544,17.0068976878056,13.8778623649885,1.01085689410341,12.4773611057166,13.9943970057769,19.1326568714892,1.96340244278163,24.7943231114592,26.7875175156414,-0.954379204791245,3.85493852946229,0.226603996306442,0.576336607801127,16.9176592748711,3.27101709543574,12.3555871159064,-0.346240295335611,13.2939994613218,0
"791",0.0160652106370267,3.57262816200794,22.0385665620093,13.1340900418837,3.04271817953442,15.6637083008712,13.2160645128089,21.744854550076,-2.24697882048172,24.5527728082956,24.9914215117729,-2.70819309677512,6.50818898668008,-6.22543929924591,1.09109369362001,22.3153184649293,5.54653830109532,10.8362753668614,-5.45776653098942,14.1020941746599,1
"792",-1.25308532717783,5.65942338870894,19.3020672581869,13.0994938973911,-3.03432273236817,9.61007802251238,15.826054206301,18.9301107365951,1.26675297538764,25.2378937605492,29.2453690106655,-5.05695399964702,5.48977389752006,-4.06005519241312,3.36193183330267,18.8208976630244,2.85720506721942,11.9276760286457,-6.9020016045402,13.2270999266558,0
"793",-0.466080610577713,3.98771235052863,22.6476660118636,14.5539123970205,4.25459780792403,9.53755955804113,14.5148134404739,17.829250436948,0.400800242308367,24.5133467913104,19.8533696215314,-0.709130192674577,4.61889722305779,-6.69554229040086,-6.39723395505115,19.5659330132418,4.07892936690441,11.9541704283274,-5.65493896677916,19.3411936197636,1
"794",-1.1424865377673,3.87139575435207,19.6815549570071,10.2988400949352,0.751981581267012,14.7154174293545,9.03877843846774,23.5367997892391,5.2262996308614,24.3530333928566,27.5171898385738,-10.3989033226965,9.11268746075426,-4.80981720494323,5.79137711930824,19.767425258992,3.33841453579979,15.5246865264713,-3.520362935942,12.6572509621134,1
"795",-1.05753678583567,3.79648314442913,20.6873922032856,12.7006247795233,-0.0398527376315776,9.38750771533359,14.3098753725516,20.330839948841,-0.0707848760867644,25.9439613798825,26.8519479886469,-9.9511564876152,9.39200203268608,-6.7869903221235,4.19639681171637,19.7349251794828,5.02067389827688,11.4533282095597,0.721056098052007,14.0040932946254,1
"796",-1.98990841536953,5.91123168212944,19.2788896774911,13.9658413324923,-1.61090439779762,11.1790798534467,10.5569855153332,21.2016882113741,-0.24915941269909,24.921916777494,22.5567761846489,-1.05498966372834,5.73692734615567,-4.75463637345193,5.35891930468733,20.8676662385992,4.82621819710839,12.7110960427214,-4.98814121268084,17.2875933028646,0
"797",-1.88352495040857,4.95236134375907,22.4072114373271,12.4796151158705,4.33088464073199,11.801254701895,13.6254388656896,18.3847200162848,-0.14358705326897,25.6502333997013,24.2345606635726,-2.04413743437602,9.02641308911828,-6.06798562464805,-0.234402522667047,23.3973207496666,5.84692085324097,10.4272899185993,-5.68805429613974,14.7878787868794,1
"798",-3.14500136603867,9.34538416092342,18.923212968955,9.94597444010128,-0.511917174552445,12.0846048811591,10.8881222314658,22.9911096946067,4.58636724997381,22.9925306560768,23.3632811300876,-7.55099606794002,8.74522789058292,-6.59370246210618,2.314982062675,17.933443944635,4.57624893006152,11.3244453538013,-0.91323682949506,15.6760282662709,1
"799",-3.89018555000097,3.76467379722988,20.2989247282265,12.3563682970711,0.0601427471385454,9.28159731843864,12.6275913871134,19.9946820458928,4.64136973580737,23.3858740645268,23.7498648188894,-3.34709621416136,6.72101653900645,-6.31709123212887,2.14825518317702,19.5898495949607,8.4352942596794,14.0516034155856,-1.47692905236756,14.8516444134366,0
"800",-1.16500709108413,5.86416701281652,20.5287098235282,15.7431138612102,-2.63007301227807,11.543280306693,8.36009929248714,21.3331424094719,3.1387969481336,26.8928135676094,25.8209904541051,-7.4383595593538,8.96917050208557,-6.22951933683432,4.06855387571265,20.0007927556406,2.62244291226079,11.4969447567208,-3.10397779395188,15.6354094750302,1
"801",-1.25603001823137,8.15061567224023,17.7114550558095,12.1922748473551,-0.113425764237125,13.1719367780015,8.08985244020924,20.4255891049019,-0.31837556294376,24.7253015896262,22.2707513590659,0.223604902466511,6.25661031087531,-3.58822738928042,4.80407446998327,20.9969591195369,9.14573186123589,14.9906686032774,-6.66775845762348,16.6769326618128,0
"802",-0.318381936622706,2.79641347287454,24.5560250000722,10.3880947887301,3.92043554419514,12.152170470624,15.9650663280039,21.9108316610441,-0.547532311388239,24.5558427176612,27.2579620698211,-7.20953925650511,6.12505963772764,-7.06849698691097,2.66595224715195,18.3386947645832,8.31133573890023,11.7999449296021,-3.3023543030682,11.7612594135722,1
"803",-1.7688954226882,7.13693892946083,20.5927462977327,12.650922408459,-1.29867778085987,16.3118397470685,10.0261557146506,22.8585830795466,0.669458225138203,22.4413591321934,24.4286950346482,-9.11807776709156,5.47758489956602,-6.32817158455622,4.46299105406803,22.6271128200612,7.88693427789211,11.1207966577171,-3.09559712434641,17.3490258160976,1
"804",0.341231372386838,3.36287181408152,21.1022651444862,12.2909689698815,0.836967835262975,10.0412911602236,11.696253800311,21.062505038705,0.588320170542261,24.9833643667606,28.1126244863791,-6.32298541519181,5.60183075030882,-3.3177262970244,6.33812550948186,20.7680842127481,5.99299429564934,12.7843024040606,-2.93310308971218,17.3711910536598,0
"805",-3.19083909047856,7.46708578723576,19.5284626913447,13.3609232894736,0.988175608079536,10.8157871853953,14.8399640603104,18.4268558555531,2.61251712564114,24.9391352800675,27.2545961747551,-3.54796018477843,3.63313304204209,-2.19179712285879,-0.849496569751275,19.0604486609012,4.90063107167293,13.1466146420565,-2.61765314486524,13.281111587683,0
"806",-1.92310024427961,8.20987086518471,14.9768951337677,14.3915691397618,1.89954754622852,12.5289463370265,7.67099809930673,22.3454258073261,4.81803928849395,23.4588275443985,30.8810467769022,-8.02651908687854,13.3165246687528,-3.5474878623868,4.62441985807053,23.828946568679,3.80820437653793,12.542878534634,-1.32697571882023,13.1172981510375,1
"807",-0.228166412810551,3.69705254575015,22.677095169594,11.6382276678331,1.40978421605197,13.9011986876405,11.7997850663704,20.2072178034741,-1.14240176560145,24.6184148466173,25.9518691652287,1.34461125155927,4.87976438169896,-4.42568258016331,-3.11267079845257,17.8320381984885,4.33133379419908,7.43695217711125,-2.92253689279235,11.1223183492358,0
"808",-3.03394839235205,7.56634305329731,20.3193564946999,15.8277561892658,0.18077780630543,17.1347839100257,6.72856848279605,21.585793729584,1.91830716086849,23.7307522003719,27.7654317158196,-5.49637818053678,4.77693815249468,-2.55461899777908,4.0778677346516,19.2904316828722,3.93062684139974,11.3361470901385,-3.01909699130426,10.2297994945828,0
"809",-4.42742338792979,8.57860006443845,19.0640957841052,11.129392267124,1.04844369420814,15.3638116941044,9.66754296059818,21.0027650340648,0.425488578081322,22.4861572623346,21.7608750167378,-3.53071191925314,7.74477060485319,-5.59395059170364,0.744551059368113,20.8576366562967,7.05852038817317,9.64545806208269,-1.77412962241415,15.0956697352375,1
"810",1.32904966110733,0.572206210262765,20.7118926241306,16.1996247696827,0.0648820171116701,13.7597321259325,8.52054110385104,18.2239042595923,0.357087721621431,25.3134544185147,24.6539153186167,-6.30765671202127,4.71628216349085,-5.7166140872984,8.70300763032206,24.7027247616788,10.0375416329335,14.5991977703421,-0.246863511298807,17.0010526896256,0
"811",-1.88285420212033,5.09655061345043,23.1498609346003,9.405528835177,2.03535912002311,11.254183376758,11.8276996188451,19.7972172396998,3.95188202555989,23.4307687781418,24.7498365178986,-0.839135002242463,6.21589215469111,-3.99019001105852,1.97660659114086,22.6640906891324,6.84321808034164,14.7021129505105,-0.444832826788963,15.8108580601254,1
"812",-3.78765889992479,3.84568261690689,18.6956546855461,15.4806632676128,-1.79387603178567,14.3569464657214,11.1752103196586,22.3616073218206,-1.20152550905329,24.7520199900689,27.2086057957667,-2.79337258242074,3.73338797081649,-5.11100106351371,4.63887539543761,17.9521983967151,4.99545494103932,9.44545175448183,-3.57435756849737,11.6015005897665,0
"813",-5.72313180726369,12.8610317088664,17.5303193454725,12.4664178004153,-0.245603751078372,12.8555164205022,12.1154545643765,21.4095290825998,0.624805299247145,25.3780734141566,21.5957475454879,0.398794420134093,7.57639135209262,-6.18353746427854,0.76367344399932,20.228431674282,4.90204296942443,10.0427707039844,0.298195623952593,19.2077159872205,1
"814",-1.03071894181613,3.80171334587566,24.9224413460867,13.994879484951,0.0566371152642254,14.2102423354619,8.46111803870106,22.2152307559805,0.342277100464436,23.9342096880237,27.3582843673193,-3.67509692295009,7.70030180195679,-6.56315672785948,2.6431670853325,23.1691189256869,7.49257238126785,12.7189028140453,-4.48367111589797,18.8301756846367,1
"815",-2.54713229627913,3.69394101372355,21.6124655769336,10.770197705303,-3.14357650200306,13.3081654244084,8.3726498380457,20.5011008952223,3.11386231916267,24.5526165487327,28.3881502775094,-5.33771803111168,3.8940574683393,-0.906121935888115,2.31510163758637,17.6443792671084,4.97593254023028,11.824809511964,-3.50968365682271,12.6117303720422,0
"816",-3.25421994985151,5.51415058869599,21.7552603344334,11.7739673901974,-2.17040664859036,13.1101023685358,7.40921445383151,24.0497623484715,4.0877760827556,24.1087376905418,27.7186699344044,2.45284559645516,5.60165161587896,-3.64725598290745,1.20787089888007,19.1198272723159,5.89826484691839,12.1005467009067,-4.89516232901931,14.8481252133768,0
"817",-1.80458601887091,5.72746630781555,19.4481086593029,11.0979089215958,-1.65808971463867,16.0155227525779,7.87634011058339,23.2909314340807,1.66337699140942,23.0668855768942,26.0939941104989,-3.92066677133817,3.11522593851698,-6.08305198061874,5.48867197866046,22.7203922462225,9.55667460282128,14.0995286771602,-4.31369629595124,15.1280645478102,0
"818",-3.21305169745799,7.29094361239695,16.7028307577924,13.202223747109,-1.58822966385759,15.268933933484,9.16397199170268,21.5351527398732,4.77099485561274,23.7362148620239,26.1586791477631,-4.89123069934933,8.78754311205318,-4.19905133316595,3.53442682096353,20.7458147028929,3.77541501905742,15.1952797308402,-0.183731864944591,16.9684274318636,1
"819",-1.84121503555929,1.43202162718402,23.2959003763685,13.050477269323,-0.795817298687849,12.8095792466973,13.6977818293991,21.4313448793901,0.327789778859823,25.4695389072195,24.2332831513989,-4.15704718277645,7.67438499707341,-6.62174120779489,-0.410083973588666,17.9830462724495,1.6375679231339,9.93599255101117,-4.35359627011261,13.8297562271641,0
"820",-1.36371634946829,5.20654867120101,20.275461366503,12.7107994618186,-0.739613847614103,13.6401787084013,12.0271513533657,21.1700319525221,-0.444048805851999,25.2610906359743,28.6432536979372,-9.5514225850725,6.18103379382319,-2.54923149943998,4.67187667337039,18.0717349460636,3.23989030621271,11.2950319529763,-2.35103309358232,13.7678028781988,0
"821",-0.473466938153184,5.03502171625336,20.1551026836997,13.5056292572757,3.21195588944458,14.0618065123818,12.5279690206888,19.1219409959123,-0.193343563421482,25.3516500195464,27.2376872820749,-6.38494888692255,4.39080444945385,-3.84686534394823,0.793576336191222,16.6237766770923,6.76211695615053,12.3891992934675,2.39354779402263,12.5866470512398,0
"822",-2.74922968440513,3.6300564273967,17.9912682387259,11.5957590192186,-1.71999154337284,13.0094444523642,11.4677695607221,19.4046173144545,-0.388129668762306,25.196202680633,23.8928127285813,1.82042462922901,3.65073778755475,-7.04637276748408,1.37055522698063,19.690795322114,10.4271144958332,11.0703117923998,0.345391116633924,15.4337050937416,0
"823",0.304845414168313,5.94999249567318,18.0165489464316,15.6819303335944,0.799569021202349,13.4675744766566,11.8293480328594,24.5047017155405,-0.152743432632634,24.1955776378337,26.5633025620347,-4.00162520048875,6.29369001124614,-2.3255830182111,0.734253578827376,18.9493035755285,4.54267022199739,11.2591520517905,-3.13706541333902,13.6209121545419,0
"824",-1.2552446111234,2.28239037146286,25.9577894067987,12.4917763836386,2.89118162269782,13.3332421700354,13.6083836837601,20.2249436903917,1.06430571781427,26.1026281627516,21.8860511115492,-0.280812064386063,6.38777792380245,-3.55879834690867,4.47928333732705,17.5201977188135,5.25008488736882,12.4547374264613,-4.15341099456784,12.9110765438678,0
"825",-4.23423668530054,5.72653460363053,19.4328519070906,12.2290958539287,1.27103013660615,11.9560333367449,13.8066205663836,17.6754774029224,-1.39458461217702,25.7832256982387,23.8530044209781,-5.9072111393642,9.85612876422701,-3.5963866469676,3.25777245348551,20.2811868951914,4.10155196923926,12.803382407087,-6.00070641427994,15.9866826613587,0
"826",0.0987013861731842,3.16084784032761,22.3370126400619,12.5802130034756,-1.72462721090006,12.3017594509766,14.5956375217085,19.8789924958729,0.0915335134448461,25.0194513304863,22.8954950015045,-4.08860686147902,7.57319683492768,-0.685502823491194,2.45888496315229,21.7630708799217,6.67369725312403,16.1116815105451,-3.25687991721233,15.1247795977908,1
"827",-1.60342692016027,7.71969995426435,21.247652766124,11.3122612194019,2.06358587924135,9.28850674550815,10.7981750775929,18.9287291549272,2.00232006479048,25.6498349670241,29.4509432857021,-6.94822545590821,7.22226786991923,-0.392507689529657,1.04520073932497,16.6592165176859,1.34878993482036,13.0565370548351,-5.61672641255705,13.5557196942595,0
"828",-3.81659380108292,6.16748541008242,20.9156447313473,10.4867269179387,4.28577363746507,16.5265969581051,9.01280789213764,23.3376461220719,1.28409517241057,23.3236218766666,26.9619833643009,-1.44758850861101,6.18792021670506,-6.33939899768784,-0.427813218470146,19.3587628862342,4.90277890996829,12.2603534259692,-2.01681189095133,12.5846983643099,0
"829",-1.56137165153166,5.48013486123229,19.7321907831378,11.9979595274383,1.90526785131426,14.8320960080459,7.83625373394421,24.3903873837262,2.87618128694775,23.1682663627418,23.5926649821977,0.57804631220178,4.57892200686266,-7.65739004671424,9.28814622174564,23.1646632126358,16.0731905128701,18.443017922709,-0.509529089328803,17.9342954789914,0
"830",-0.545603927037743,1.32264247930219,22.0301247917057,11.9148722902641,-0.345949678516515,13.271781626018,14.9600986694444,21.3413725234354,0.779961548559123,22.9860111396036,24.3044778040411,-7.74571815647868,8.84488724175648,-2.8974344805057,5.54327819288091,21.8622409858915,3.75188734975762,14.7286815813928,-8.97757485679809,16.4681900504322,0
"831",-3.54795941269145,4.74254699993962,16.0743176755633,17.0396430883226,-2.01713003194779,11.9323296160525,11.547881420966,24.7166713057457,2.27326938758372,22.2604726585566,21.6206439475265,-2.5242778132294,7.5580291996165,-9.0219781723538,7.10956262524481,22.7436266180269,8.91494335458778,13.8667877606486,-2.79554159147518,14.5748180950147,0
"832",-4.39924473814992,9.05765679080297,16.6572520044237,15.302913619928,-2.14498823788164,11.7465451163699,8.70997555417425,18.2861270986657,2.0500240759866,26.0122234269337,21.8538219359509,-0.338097946325205,5.73325923609174,-2.11505121904481,1.57100944304969,21.7390673423515,5.0918612848866,13.8887625567785,-3.72990697604053,19.0020583784846,1
"833",-4.31099754239284,10.9898645636654,15.3359562264462,12.9437795931527,1.13638979556548,15.2032758924384,11.6097946457968,20.3348410714506,-1.2209555342208,23.0536012038779,28.5100261373032,-7.13942988863509,8.5928620783737,-7.07506282346388,2.88638022643163,19.0089800351487,4.65524447702582,9.59467993038693,0.721423631917979,16.5258078915892,1
"834",-3.07177838045603,2.37315943298586,25.4911303809583,9.66771199672953,1.22254653394297,9.84778168378001,17.6972690059386,17.980853015128,-2.99668517381661,27.9391730339341,26.2733256252644,0.629041157514492,9.24756304752239,-1.79720112541084,5.18552016706644,23.2567833546959,8.45638100228081,13.7004999863495,-1.26876616620063,10.6740108847875,1
"835",-2.6216607037463,4.81933413659441,18.5147127882402,15.2730924463088,0.0885992685591897,14.0336467667128,15.2073111965994,24.3587261644964,0.448096586533631,23.4929084385041,26.2672566156972,-1.79255620968845,6.4974905999662,-4.63498171803862,2.70452190809765,18.481142304224,4.32038649781811,11.8657070598364,-5.18522032389115,13.8104368201664,0
"836",-1.43163352715729,6.13088801125599,19.7042300738781,11.3399598511039,-2.64919451928548,12.4149675660292,9.84689359170256,22.6519881197437,1.54200217726716,25.0842696958469,23.2434681335961,0.234689725189697,3.25394095988981,-7.74502132929049,-3.73023163400904,19.6243280273385,5.2223258498843,12.5589546622694,-4.88382274328013,15.634022907079,1
"837",-3.32101343843514,5.83535801393515,18.1959023594905,13.1464535044389,1.3631386916867,13.532592074013,13.8074916483109,19.0262027382769,-3.28307004675555,26.0370614676805,23.9301548019102,-7.03161934445599,5.2308544713629,-7.67335315956312,-1.94025402711715,18.6072622197121,6.75930260328984,13.6761758037536,-2.81957357907128,17.5342415806679,1
"838",-2.05379093366843,6.80605064262379,16.7413712877401,15.1986674951993,-1.40360792948875,12.1727574918778,10.5618329956748,20.0407445920624,-1.73032250324404,24.9095055901466,24.0956914649023,-5.65271267502207,7.57497550192098,-5.44748147698921,3.87972047326288,22.3381062562399,6.05221576959744,13.0028961247752,-4.36391582390242,14.8158334028781,0
"839",-2.49399536785299,4.33402330491926,24.7522225841684,15.6259156008778,0.248475532664272,13.8734014882207,9.14090720669843,20.6800492741943,0.576388663088538,25.1933759903952,23.6346732790933,-5.56506239964212,8.88869250844761,-6.69778326127437,0.402864085899881,22.0328254793407,4.70124630245656,10.9472617496206,-0.20516453210828,17.0934763824938,1
"840",-1.44117427473891,5.88802977608762,19.0364140542913,11.4047964388548,-0.706231121823384,13.1364792131394,15.1955506121053,21.9224222359189,2.29001250859049,23.6644873354543,24.3690168020736,-6.2984892515131,6.4621094536657,-5.6372314073266,1.79820463157761,18.7371503368503,1.48216145062502,16.9665176280528,-6.19271746886911,15.1196399278909,1
"841",-3.8930805515554,7.58418761032348,18.7526690353402,13.4196262450471,2.2805973558,9.85970371772093,12.7297391872793,18.7569164263863,-0.367085657472195,23.3989838300867,28.3568630368526,1.09638557939944,3.00796873564176,-7.2868335488482,1.29476186098491,18.6707024750015,6.11711309305336,9.11259133810799,-2.47288508378637,13.1566099587923,0
"842",-1.87382858891188,5.83233102278761,21.4969417911452,13.7798914724034,-0.0278247451226926,11.0047679652985,14.2594545464843,19.4136166053784,0.94072247938786,25.8100174347461,26.1805320099768,-7.2610933741149,6.66360896933608,-7.29402240086646,2.30059367414182,20.7367379794997,3.10173280322217,9.64174510173283,-4.68132346429388,16.0411546922753,1
"843",-1.05022074849688,7.30523662033855,19.7307741686335,11.2628832642466,-2.87114012186161,10.9389927815974,11.1786070582248,20.8879966934127,4.48215338176318,23.8135410563309,21.2744405831714,-2.75754525752117,3.61714303956389,-6.71394648938429,-3.20091373016299,20.1572971595322,6.24063488115769,12.8826266600552,-3.72982198992518,18.2920306437361,1
"844",-4.88868459799854,5.9067469365044,22.1227926068645,11.3722995699813,3.98849170329019,10.6867789505083,14.2037421666349,17.379030154948,-1.28576623425986,27.8400258136014,26.103300372643,-4.67725913382712,5.32153298730448,-0.122310855109125,1.03646209103224,19.8010566642201,3.91389788286297,14.6322022727367,-2.36037871682544,15.0517659075905,0
"845",-3.68664045203413,4.42946335610259,22.5638979091978,10.9038190481918,1.15166655997047,13.845725855251,8.03138076934607,21.1480652404923,6.06367399134169,21.9259502788749,25.5251379212717,-2.93230918353146,5.81927956625309,-2.80489573405548,2.73606521860558,19.5020845348692,6.34228132757567,14.2540270689689,-2.77468006592163,14.3979323474132,0
"846",-3.54310989802429,5.20001338786762,19.5524488968361,13.8108638516107,-1.85451760133299,13.984622986971,11.7253029321159,20.0014497937532,-2.5512919343541,25.3971385863865,22.7862271300476,-5.43054493496702,5.20200809386427,-2.7224354129671,0.816970526625578,17.8569793077488,5.51711606411177,14.523407131273,-2.65930477260858,14.1080573778236,1
"847",-4.40471083792112,5.9164714507148,16.6874637133765,12.785949891519,-1.91549896590966,16.7209784250804,9.85701420169648,22.4560224994664,1.39774115080039,22.2740415580113,24.4595034209706,-4.17090975255588,7.30133003387601,-6.68647990891504,-2.866791447865,20.1049108808936,2.57926522964203,12.5148067159332,-4.28898367305007,15.4194244117405,1
"848",-1.22805228616469,5.76223690310527,20.8680557401592,14.1170082415607,-3.56496488429562,13.8534491553941,9.54618980233762,17.7462744915341,1.17809501038046,25.6135727837772,27.4622798343155,-6.94583675893102,10.2958833972516,-6.20289028854953,7.32150818695584,18.2994541024083,2.89078363690885,16.2923041751301,-0.391838377034689,12.9297887098503,1
"849",-1.51334909157744,5.85808171945965,21.5222784632804,14.1017557319211,-0.467903306863981,15.2383189311359,12.9019607947294,20.7674870655908,-0.667068766754575,25.1353656043178,25.7181519756369,-2.60438887307694,3.69535406333176,-2.70973912415141,0.117124293305984,21.3694033199506,6.61596722769787,14.6240938527838,-4.64863144678934,15.9886402116936,1
"850",-2.16960231992777,5.91280854852886,20.3405447793703,10.6493926064718,4.62620368053119,13.0639402001538,12.2244131145517,21.8710815282114,1.16016281984352,24.6382932997667,26.975189752219,-13.6832977184939,7.3932679398897,-7.76520911034197,8.23444386412673,20.1541654149627,5.5723068369785,12.994012581261,-3.89471108815743,15.4723977741444,1
"851",-3.83596068820494,7.97953858894522,16.8656336699575,12.9508257498543,0.64782904026769,12.8356283122114,12.0926417582292,24.4925136887764,2.24562575715345,23.4800391477172,25.0620513051873,-5.41330923058024,3.35414218579976,-8.4236444261998,2.38334049898064,16.9594042078118,8.79524144476258,10.0301148053439,-3.36189745806886,16.0675723807235,1
"852",-1.11756837861221,2.53526788683937,21.1130361534262,12.3529254341623,-3.40153137982837,10.5657609866589,8.44794674441323,22.6500302455191,4.89507916616822,23.68413859959,23.3526242776646,-7.73525385290461,5.37419904499469,-8.16056533879284,-1.21957272319679,19.370244601486,7.26383933879423,9.53584392675264,-6.40165731380897,16.3627041647384,1
"853",-1.71940542813222,7.8158826683243,17.9143769274162,11.382939242896,-0.916545331159567,14.5544850065036,10.0647297285068,23.6143478690756,2.4730100846058,23.4024019563062,28.215466034474,-3.07899499282683,10.2841548896232,-2.0826837657552,5.79174391209576,23.6905288622157,3.74580722688549,13.7116503519862,-3.54065438923917,11.8732291204961,1
"854",-0.815959343530546,-0.0390366424056312,26.794439455637,11.3820516621003,1.42565845961691,14.5673163137068,10.4629349865933,24.529335271011,-0.641100515907804,24.2287346231077,23.3782972592248,-2.38584732585711,5.50759624828553,-5.99752619517225,3.78848110197667,18.4467162732321,6.46829931835334,11.3071003481954,0.638975261026968,13.6949370771172,0
"855",-3.04558334762848,7.87904521287188,16.7954083296325,15.6898800893032,3.03133176180314,14.2403787481242,10.2524707777684,21.8530746820212,-0.4253647448832,23.9992077182765,26.8965168612508,-9.06809298907677,5.17631075493245,-6.79517371627009,2.53973983670092,21.6695826915398,6.81965264664045,10.5075706027004,-4.25202141496075,16.1423408654448,1
"856",-2.05736277730215,9.69106443601026,17.1454877089042,14.779086192904,-2.43909370204383,12.4978749768725,11.284539801392,19.0769747643461,-0.362331365576092,24.9703880179773,27.5931734187404,-12.0359006062424,8.42713238812592,-6.86143448718495,8.15471398630192,21.9729305486776,5.72716214090073,12.5803392155264,-1.25725892866974,17.7854554298255,1
"857",-1.73791324657996,5.11696706122244,21.194085935466,13.4214425665972,2.47299119714354,10.4532999241932,17.3139324628432,19.6113210283397,-1.10966317991395,25.4035870374317,25.824880229716,-5.54622960570155,9.667603404932,-3.7549238086894,5.32302972757144,21.8361440661171,3.82147167956226,13.6429959968708,-10.1586530823339,18.2478179721289,0
"858",-0.955884425985167,5.15185499163792,18.2558622480639,12.8128270332287,-1.98256155857975,13.3781325391797,13.9599933549553,22.6657189105316,-0.353662638637422,25.2267147311005,25.4729745656384,1.54387618453811,4.47091817652179,-2.98145394760941,1.56939993406999,18.1858985937475,8.17422611593186,13.7917554659097,-4.09550160779968,14.1531550741592,0
"859",-2.72224448021994,3.14532905928719,24.6769002798358,11.5843455391335,1.45914115140783,8.77672391810089,13.5787041151795,19.7195088254373,3.20750319067763,25.0483510802419,25.516123854318,-4.98042572484641,5.79410193918587,-6.51901204177703,1.67361994535897,22.3562663342863,5.3215215674209,9.83502537765985,-3.37436448021882,16.3377501263299,1
"860",-4.11827263073682,9.31783415373959,20.7182783945561,10.6086482363349,1.506890847153,12.4406187528521,8.70917863808441,22.4838745213033,5.61332581909771,22.6058767647039,23.7638777226851,-7.36007830172778,1.88317701658245,-5.99557375578512,1.29433328386828,19.1879372709231,5.58959323791022,13.9874721292421,-3.26872197616694,18.9929337968335,1
"861",-2.55483091601252,8.40890198977689,18.5104742088872,13.2675863281199,-2.07839377044061,9.88325902402942,7.10350256367198,22.2286434300716,4.37330234403866,22.2876410402943,23.3186028915552,-2.96350474682944,6.33273531467537,-3.39002802042369,4.12421501525204,23.2901475031196,8.54904790050467,16.6243993819189,-1.74136946392221,15.0655298708389,0
"862",-2.36023308186311,5.43107599829374,21.2078871628789,13.69043141211,2.96233282159246,14.9924347272654,12.0676182651362,20.308573536472,-0.475162413092975,23.3837987558662,24.3807669202473,-1.22639085740646,6.83704306964122,-7.42679904011801,2.05817752897094,18.5588436073279,5.52131296486181,9.34853311403028,-3.62297309240919,10.940794545344,0
"863",0.931791948622118,2.78404947227865,21.2069667209326,13.2605260773022,-2.18084649765621,11.848705852864,12.4064557722141,22.7711624054603,3.05214258296454,25.5629782080495,22.4855062627551,-5.14329231291591,5.43739890623511,-4.00235995650696,3.9418418996888,21.8252092289582,7.78655373044072,13.5607649491424,-0.976612733004576,10.7926938087,0
"864",-3.31561165275759,8.50315738289938,20.2177694878541,10.3651865183513,0.0499297033423971,11.5891509070813,10.2886289843133,23.6078240629046,3.23998920462461,24.454900600351,22.7214818417575,-4.72394344497945,11.1102889813466,-3.98332965114253,1.50083778742908,19.6791003108442,6.86339963208976,15.4494198375497,-1.1915558320617,17.8054001925243,0
"865",-1.91876923611521,6.77442775048087,21.0695946078747,13.1041229254757,4.30926111892999,16.4227513900682,11.13990038852,23.7139656284274,1.88087836968612,24.2786718870238,21.4596940124117,-5.86465996544078,14.5567444270715,-3.73589722231998,2.36047567647914,20.1693265184413,2.66425095883032,13.5716064398734,-5.17872694920153,17.3502882548126,0
"866",-2.05870312863904,4.6110245965162,24.2857242698713,10.3529608987758,0.342964614691803,12.2316183316346,8.23011292211582,23.1918687856047,5.09278543317197,23.8942815335434,20.4729150717941,-2.30834999932846,6.55925160685267,-5.89066686243147,-0.866318513572331,20.1503891688121,5.81868338169183,12.0491667899726,-3.91718920387627,17.5507617207044,1
"867",-1.28903680090023,6.42997609003736,21.6107142651248,12.9304649626257,-0.873325730356371,14.0252940392524,9.41980853955624,20.9890419741985,0.166795300090732,24.6630074011149,25.7616497596901,-6.73645889934958,9.22939049360565,-1.60641308783989,-2.21004565449332,15.9493140720213,-1.10198865684421,10.190124602149,-2.03392061618315,13.5757932403061,0
"868",-3.89404487497431,5.68711713960144,18.649705622592,16.5446804914224,-1.21020072671874,14.9511636699889,10.6359584114874,22.6357250444841,2.27309268901302,23.6643754087959,26.3566201245624,-6.5389842890242,10.9705913844103,-4.69494895135695,4.05566053647659,22.1650117830602,9.14212146132791,14.1341991940865,0.0328206111258709,14.9508992268701,1
"869",-2.86636993681811,5.09254199896276,18.2573586342548,13.9019519515118,0.0533308591882478,12.3781626166989,12.0450115612823,23.0561391051217,2.44734620541429,24.1786677578294,24.5292517604593,-3.18639644134404,5.12169675273393,-4.58653850290221,5.38131763231615,22.2518438583995,10.2283833338755,18.02756771314,-0.56980574327526,19.3961751568477,0
"870",-3.29647167188028,8.35608627943571,16.3011407716314,13.1436194767393,-4.13620929784001,12.4529264908821,13.8323882747937,20.1823323245193,1.54168693556012,24.2733035794814,20.4623914507505,-4.26223015347721,6.16200002094508,-4.30371822163868,0.450761060661803,18.4479009495107,5.14945787118199,13.5312300904953,-4.9201994655278,14.9513483567945,1
"871",-2.32119286825265,10.4754342853832,14.8979953028644,14.8760646125162,2.67022300944012,15.0691377705361,9.83167700832577,21.1120091483203,0.606255725568552,26.3344331541897,24.217888822203,-0.491426920335955,7.45990319909087,-6.44452523485909,0.577963482929898,21.563112647903,6.51824229100792,10.5628741238216,0.0786089159215293,13.7941656393287,1
"872",-1.1613874772939,3.21075308670965,18.3233166941555,14.3420130899165,0.149850406639372,9.54541469399412,15.4595175543377,18.6802659360702,-0.209006650535393,26.9811129439832,25.710154643971,-5.75936980319734,4.18314998727082,-2.52509494379423,4.05472223310963,20.5549701406753,7.71443884464255,14.668578703773,-0.366231959609616,13.4776668284207,1
"873",-1.9393647270086,4.45808642524754,21.884617550648,10.2978869507199,-0.222513873243946,13.0192351657167,11.0215216494578,21.5709008515695,3.30226883633522,24.9560710894964,24.1546723640399,-3.41688087496161,6.40721022226757,-4.89224939683506,-1.1527017882395,19.3950418734562,-2.4744325991766,16.7838260810286,-5.57648773124255,15.5163224979518,1
"874",-5.79879931064257,4.67185051952998,22.601860748765,12.092210170251,5.31530337625899,13.8027372045831,8.96575608785274,23.2371327295228,2.66775295465328,21.8891351697512,26.4674579874435,-8.93578332818932,5.23788906897706,0.835994557117163,6.88377074750857,19.8161883775298,5.6933101493174,15.7531235332294,1.12153641206219,13.9496174503269,0
"875",-2.90094970617689,9.51402319860434,19.2686519755711,10.419160253417,1.43262921053879,12.4061978796499,13.0177374613641,16.6397503608641,-3.65747203666965,27.346910630826,25.7227065583677,-5.27634206764673,10.8646538665466,-4.2407157507098,5.82739537644846,22.8477182084436,4.74883967279586,12.422300522333,-0.680623633061669,12.0554857379715,1
"876",-1.85635293044839,8.57769569429178,15.7194789745969,12.4231913750983,0.303523044985133,15.4506596479865,8.42933917623268,23.8854861402463,2.18612033337282,22.5144661791753,29.2017515129702,-9.17818102799638,4.8979085081512,-2.02364096077829,6.28931291225548,22.0475750106025,4.79882152232951,12.5260023700303,-2.93215649664887,13.9308457833547,0
"877",-0.953956403392501,5.9571321913159,26.7007734449235,7.81477147327043,3.5817529351597,10.9737586671109,10.0058783936107,19.4809122342387,2.35662833912419,25.2184158853182,23.6632813655699,2.62908162535032,7.70373301213786,-9.01881465429683,1.52043979108517,20.7794652803699,8.47911900104979,11.2781100519678,-4.30040712939119,17.473962964166,0
"878",-2.6304577439768,5.41818393249175,20.2805301251364,13.2550441614565,0.140590477242159,12.6107392406671,13.8587727640411,22.3327774198292,3.09677152451938,26.7317890271243,21.4675681971386,-4.36976825603223,6.98430400132784,-5.24885922849745,2.36162078109933,22.5271032652788,4.7075663579252,13.9277098177,-3.94243783604515,14.6140292635551,0
"879",-2.05525754010231,4.45335672009093,20.1261427918824,12.5812890191855,-3.79236314243802,15.7257932240852,13.0842101854344,21.4409659749125,-0.20510656876639,22.9342323208435,22.9797850924693,-0.1561724701323,9.95626491915817,-3.74237310705255,5.06794313963828,20.1203403658093,5.61653478581854,12.935648209203,1.15285420577142,14.8908261842682,1
"880",-4.44214285092435,6.46294638992755,17.5774917459826,15.2032566940409,-0.90925437286701,13.1985014704835,9.72545375343581,23.914340929166,2.92366860452773,23.227039663509,23.1403486913107,-3.09924956365147,1.41661990589035,-10.1884693586176,-6.33335689350951,16.2574272107074,3.12343709290724,14.3031444856294,-9.00455653604737,17.7720262872939,1
"881",-2.70130415187054,5.76216055030863,18.3882322648707,12.6673275590897,-1.49699546828004,10.6607438605657,13.7150122475386,19.0403240686138,0.532237113558507,25.8132014719079,21.7492523098689,-3.74113702589137,2.00005590525463,-6.01329137488259,-5.37136084118626,18.4141104885062,6.69608980980206,13.6402225856713,-6.44069705048419,17.5369820691514,1
"882",-2.88906194792606,4.04594080933656,20.6965627753114,14.7138910035256,2.64291718441162,12.5597643644781,12.9538145795318,22.8619519593029,1.07440458253304,24.7716888980283,25.6716997889012,-1.44033763594691,3.20903139802754,-7.09534597057633,2.02013208007291,18.9095929946659,7.89349552704694,11.3211483881756,-0.999820251776967,10.8962131365013,0
"883",-1.04632353203707,6.15666095950742,19.8589665734152,13.1537410490899,2.90112674412583,12.8428254312882,11.7641165567617,21.6305955182739,1.62844917813536,23.3388302704732,20.6089180661082,-0.0624459866149318,4.86387284493851,-7.54970674719941,3.1525512057136,18.3275297876866,6.04561602451464,10.5869615976627,-2.11634968498226,10.0577053432977,0
"884",-3.4078651661222,2.88772432938434,27.1289150098495,10.837725443728,3.31947038788697,15.6990427740313,10.3653723694611,24.2041793661033,0.788277646006728,24.3845798311282,24.0574456142492,-5.04705199910541,5.166327516039,-9.00500404868346,0.210461349365485,19.391174156135,1.73958271793819,14.5518775632704,-7.22053792204746,17.8290730025174,1
"885",-3.36707456832287,9.8984004492917,15.327943411107,12.2452472618854,-0.606604253450222,14.6103572378542,14.9866031112673,22.6575369528367,-0.899198549528871,26.6222247729307,24.9093549180774,-5.3229525709708,8.14770836847811,-4.34352642037336,1.52397297146888,19.3729015391245,3.55000346303548,12.6031674888519,-0.413277074387972,13.4870712030333,1
"886",-1.89121787256751,5.11010230955802,23.0321689026673,13.8900347124833,3.94485429240373,12.8567955283848,14.0497578077331,22.2215906800129,1.09046783206465,24.419847437738,27.2845340013317,-6.10171708883737,5.6100075466003,-6.14067125731019,4.39401776956769,22.5548060982011,6.30498574449991,14.8258689665479,-4.81315141733227,15.3570564887935,1
"887",-4.59276942247977,9.72445686860652,18.1162206856707,14.1355624722808,2.36081805780736,12.9858451044816,13.7543232769051,19.0430870061293,0.30406264313609,25.2351667547676,24.4962018245444,-4.81694767602642,6.22095036034776,-6.10277625022437,3.93895109288079,21.1449325305481,8.70412578288527,13.7716307229354,-1.74081636586587,14.3393539728046,0
"888",-2.19493182517832,4.36983413933213,21.1136037088455,12.4229931897403,1.52460965882464,12.8339588344149,12.9176129933782,24.2097187598698,2.99441938163801,22.0933571523105,28.127491949022,-5.45236371291121,3.69328704695751,-6.37267693450381,2.57733646875968,22.5676628825702,4.14309262822498,11.0377839820473,-5.00725125907511,12.8701931544177,0
"889",-4.3250459884839,6.92673118739527,20.6782480627887,12.8533804275583,2.84069652917933,8.81018416950468,15.803502150167,19.283259288489,1.58402952724562,24.5726529600495,26.9271500504857,-3.40150444844698,2.5503501932034,-4.20317073435471,8.21877832296253,21.5338358598259,4.53280768979128,10.842223705117,-7.78423134108051,12.7294888088223,0
"890",-2.33060433000278,4.93282868190164,15.9656773481586,14.4790991961744,-2.82040785872736,14.4240276671891,7.43281342643653,24.7445240933083,5.67236953895408,23.291936202643,28.2173440002961,-3.32914816667117,2.0852601964484,-5.7645289863901,3.54105141119732,20.2113346622896,5.86371042724029,10.1298979315212,-2.13727688856594,11.3554096988195,0
"891",-2.92427307069576,6.31069661066906,21.4454255899873,11.3439542442593,2.32326084240495,12.8775667281537,10.4258081681639,20.7725406011144,-0.957717454233277,25.543026831868,23.6602192170255,-1.95040344374186,6.13362575256253,-7.26474125509248,-2.50093379245608,19.5521539897169,8.69422530631399,10.9969092505201,-0.12670875325688,14.9127518602594,1
"892",-5.06916253259121,8.06897037236274,18.0145717191893,11.072749882627,3.53255202631111,14.5351709947423,13.6373406757017,20.6538144935852,0.223744762666204,25.5708305904261,21.2812815178972,-0.921103851549404,6.85402590980461,-2.90012631796736,-0.950578543747881,21.927926594275,3.75014118979678,14.8274113397819,-4.66886237017272,16.5545277016266,1
"893",-2.04596450207538,3.41773967569682,21.6797532722608,14.9672884994012,2.34447869965972,11.1735037666678,10.4541548159556,23.0353894505342,1.96724361480941,24.5097150076628,27.1999372721001,-6.64859396706119,9.99554847082854,-8.08387862540446,2.47003842594779,20.4702061993417,6.37687947154229,9.20790982554781,-4.01110509209278,16.4942775092525,1
"894",1.28942625891493,5.75265883677584,20.458254646776,11.3452252732127,-1.57219882137176,10.5149850518516,17.8218998763368,16.9366622106625,-2.6911840231295,26.7016640689007,21.9518543362984,-0.19330912380724,4.68971016473958,-4.54609111456075,6.65663115211927,18.5892933882942,9.83770660818777,14.8504070354885,-1.91918624242398,18.0957632230356,0
"895",-1.76483667332031,8.23877468771882,14.8033653964361,13.8683521666922,-5.48635456308733,10.5336522066823,11.9686965633437,21.5519926545431,2.83275303568126,23.7528903533123,26.1242562404011,-8.25866523265737,9.51780568616061,-0.375606951538511,5.13193070603808,22.0620885874223,6.49705417220061,16.7873003947328,-2.34664992517404,16.0702497095863,0
"896",0.861365988777902,3.44840006230113,23.9656446193861,13.6935419334081,0.553375463003634,10.1384469737714,8.96895957568271,18.7389461767076,-0.123307113149346,26.2630806850091,22.9851945438048,-1.86321850983724,10.0930003249231,-5.28659155934114,0.757124606392954,21.0284523442684,4.57279687741224,14.0051664144143,-5.13489781683001,16.4089459972786,0
"897",-8.00830026557933,9.45777449926342,19.2247009203263,11.0723192623766,3.99899078362272,14.0160853610848,9.6618605421555,22.6010257605094,1.92626199375013,23.9667867477665,26.870017519788,-7.40234761611505,7.69279872719351,-9.4156203160382,5.44617631459962,20.0806826804529,7.39825535972446,12.5748119013077,-1.62738563790508,17.5580485698756,1
"898",-4.47728381609442,10.4949321396525,16.5336804801098,14.4331001338486,4.21743479617616,12.458553701094,14.8104043398225,21.1807010999862,-0.901414176076116,25.2665953856838,22.240788589642,-5.71511982560684,4.40694774488869,-3.08480196136782,0.374572385562438,19.3560057280349,8.48779845923953,13.4617462263809,-3.7290709137535,13.4946773413638,1
"899",-1.42793842308862,4.42249425619124,18.5422863225105,13.8484298263741,-1.60996689194852,11.5361336556073,10.7850314971837,18.60509725663,1.11641788216976,25.3422584600354,22.6438385817209,-5.70205610027247,4.48493684560117,-6.4031112503194,0.516816988007173,19.4708121410067,7.22081535558699,13.1981463002297,-3.10175052060402,20.4091065444195,1
"900",0.700399681376577,3.38273530205723,22.4111447109029,10.1657873569282,-2.61372760976815,16.2282750188017,15.1809211751588,24.5532811581484,1.60419947299624,23.8988992812553,25.2300864664385,-6.01585111492405,6.03575495856683,-4.97128035816266,-0.469179606000052,20.5640052528882,5.5521583712929,11.5672773943068,-4.96707209009884,16.5458532759022,1
"901",-1.88768027918466,5.29251222386838,21.2952942380479,11.1804721182475,-2.34679715271324,12.9574157514938,15.0418494855036,20.6175599339964,-0.140503100280971,25.4256399173711,26.4286360261464,-3.67712908714911,11.2806900335736,-2.72304827311847,8.15506219014017,20.5805109392819,9.97560035956053,11.5809237166594,-0.464699958715005,11.1705921771811,1
"902",-3.8552629113768,6.24092833546947,17.7729719689154,13.4264129464024,-2.2978918195387,12.8641823174954,9.93612881058451,20.1808419038599,2.42627021328074,24.7308460957443,28.6039933903108,-1.87165292583039,4.64506603733535,-5.69987182953708,4.20919607092203,17.1253105731334,3.87947088620599,9.43817672833507,-2.46388764051806,13.0132367390345,0
"903",-2.95870132618713,4.8132835428945,21.2264289903116,12.3691088026219,-3.68468508664126,10.7091805581524,14.5112410685685,21.8799436883163,-2.37332520935506,26.6647011029625,26.1957190563072,-9.28890788089101,3.97973667922484,-7.86965786424715,3.75964290841796,18.3023855091466,3.81470948946843,14.8228261083309,-5.28562236968179,14.704559759833,1
"904",0.394100175276285,4.42495680947484,19.4606525153119,14.209914066437,-7.11238060331674,14.6216602034762,14.5818621188645,21.9554804697338,-0.432555545026386,24.7003140131976,23.1062129988045,-4.72298513668755,7.33028238430254,-4.04467405269775,2.18755141604019,21.2466829593792,8.10210933492636,13.7011635446801,-1.28425856104464,14.6641806164015,0
"905",-3.11776557495269,1.43076631721335,20.5967065802868,13.0206852535558,-5.23014262248412,14.8342665689641,14.0197400451524,22.9394471119295,-0.419764478447269,24.0790310034284,23.768850094727,-2.14303467456155,3.92171027260277,-3.23003038333517,2.2932591789408,20.3628219324178,2.03943710671328,16.2022120504802,-5.7240374267569,14.7331011406988,1
"906",-2.03238978088446,4.10464875618774,24.7890692054742,9.08365403812998,5.07997677354418,14.65950618686,6.37204508453917,23.2341078114856,5.1319590817186,21.6649606951535,21.6373236275614,-2.43251276072339,8.86005161716699,-7.13363735621363,4.26326777970403,21.7055139943523,5.89954126762725,14.0528735667363,-4.1157172587818,17.8943880555235,0
"907",-5.60365793215889,9.99777378518729,16.6966881811876,10.4970990181362,4.75624716054047,12.2889086766707,11.1975784564552,18.9078385168626,0.91305765421399,25.3847600558026,27.8478328882174,-0.813635034315314,4.86639702457393,-6.00817629383107,1.90711385971107,18.8889325408297,5.22034544540887,11.8829666012128,-5.08483713852017,12.4049806045062,0
"908",-1.2430985670198,3.97458247715132,23.8479353563318,8.0326233364168,2.90331270837324,14.2452797409788,9.41053164045958,19.8850651848366,-3.72364139317908,25.6963797917274,26.7716623705949,-4.43707807029578,6.31928957569201,-4.83770354200848,3.28651599020464,18.9333825316066,4.35382134506037,10.637873176921,-0.767959525294854,14.1614879314252,0
"909",-3.09122724753387,4.14651488632731,20.719956243019,11.6062038964466,-0.399812707025711,13.3696660911223,9.93753836190144,19.7629168446011,0.105502847792309,25.9351756453717,21.0457934062201,-4.26515540182266,6.64127582901011,-2.85101795097902,0.261499561846259,20.695605580268,4.29893091427123,15.7624054786899,-2.57323058733877,15.6369218397256,1
"910",0.394823845498348,3.37631539447985,21.2101384529121,13.8664198675902,-0.88318550945441,13.8807905014642,10.338357553047,22.4827220078948,3.9258161737322,23.0220429696859,20.2000649293095,1.34125228366257,7.50162814715158,-8.26040826949728,3.94651240183922,22.5330365855095,8.45471909456552,13.8703239256681,-4.7622482233732,15.9813491967491,0
"911",-3.13517968808897,5.59227768975159,22.1304199304166,11.5532882503145,4.46763100986624,10.3291025606991,9.4036318803203,21.6296980433438,3.02348519774415,24.2928389080309,28.7655448291527,-1.25444583179382,7.81775769964986,-4.95514645170857,-3.72799490289536,15.4566614355914,2.1274703480669,11.3678051864291,-0.888908236508549,10.3393472452549,0
"912",-4.40198878069366,7.49135705566513,14.1964246149006,14.6539543569898,-4.9880230251951,14.6773092986387,14.8536609991959,25.1656599628657,1.90696643397882,24.2678404098785,28.8735409874309,-8.32327405980515,6.96743183469864,-0.300274921357746,-0.265177956081142,19.805203053528,1.85447057781525,10.4058034767481,-3.31059014595645,12.891052510533,0
"913",-0.680305575670464,4.37615860723571,18.2782086239939,15.2304699907944,-1.63920957660554,13.2529180024612,14.8586563647002,21.4632763462799,3.07819382058725,23.4442026464004,20.1826620726054,-5.69397276404988,8.77404914091119,-8.06617862712946,4.28398590717941,22.1310424811348,7.07753617403171,14.9612310926241,-3.96196375622185,17.3985982056819,0
"914",-1.95517682147819,6.12424322001148,16.3535340006672,16.4741983374435,-5.84234617104397,13.6671140494892,14.095918730598,22.3667425436907,0.325192800667426,24.3619430328308,30.355032225872,-0.906836502166575,4.4547331235583,-3.25288534382132,-2.52779739862126,16.9609958911723,2.65447161255695,9.87046452513547,-4.28802480012958,11.455337252882,0
"915",-4.93397110359786,10.5374703728765,20.3099433506065,9.32746280822655,2.965157621334,12.5471345565278,14.8183106970083,21.0860363885446,-4.0446121395626,27.1779498779984,23.0874117319001,-1.96932196613397,5.76084132227939,-3.70193570307404,5.88641970353924,22.7565111018217,10.7557205210529,17.0567286266895,-2.85353161082106,18.0523258152389,0
"916",-2.36248498762215,7.41437250813131,22.1921068488957,8.27596175748572,0.510802035361123,13.1722874531853,8.96548664589896,21.0508393616388,-0.543125010449895,24.1341767601149,28.3719930568499,-9.60175926464239,4.33793593184306,-2.83939996296825,2.43524053028935,21.3575303209259,6.77138647781899,15.1195042925874,-1.17600120406437,12.7384471096064,0
"917",-3.68800908352775,6.63162951633021,18.342486505018,14.2217477781958,-2.44051475232516,12.704004977882,11.5323914401307,22.4670527711965,1.63186457301519,23.7252686682143,25.1021340050317,-10.1105809360588,6.84522478555669,-1.96996180826124,11.4763984722596,22.1805587424434,6.36626321425866,14.0885051394632,-3.44956840966093,14.9323968603428,0
"918",-3.20930390247599,4.06542606695122,23.6548844848727,11.9623364732462,4.16054737407061,13.6635642247508,13.8524697384361,22.1841771884442,-1.11759837865571,25.5530530813996,24.1277534816305,-5.48000507572607,6.02763945284355,-6.62289117490379,3.85745879805088,18.265356672521,4.49702315162113,12.8274383843164,-2.62830933077077,18.0882636815753,1
"919",-3.24295069558551,8.23118126243923,22.2808058903013,12.1819007787277,3.52862147184931,13.2620329977656,16.7987480037904,20.8208192208011,-2.30391981657086,26.3017960452586,24.9028562955144,-9.18914907625721,8.97595548845082,-1.56240610101203,5.8867828298099,22.713311511766,5.64881588965671,15.5886421152397,-2.19752942437876,15.2906663742263,1
"920",-5.62664966519756,8.33895761332254,14.8914382375505,12.7064191182442,-0.741744175507196,10.2388051078743,14.6258111121787,20.5131872355759,-0.738025730986985,25.3347676666114,25.2952767685574,-4.02377388648704,5.76515043306229,-4.14026900443909,1.30089661356542,20.9403277724057,5.41590046041295,11.3904886164326,-2.86902032524533,13.5942777370836,1
"921",-2.57003151815768,3.82916057191389,18.7985439760277,14.5850480612889,-2.95230979781344,12.225883391,17.9434208454959,17.4120532291868,-3.10218755270998,25.7739377799029,24.6575742503795,-5.3630217626442,8.57162008200605,-3.22593060565109,1.74954322951075,20.4292804781786,4.08519722816034,12.8105756248841,-2.42239479709649,15.5411857923852,1
"922",-1.2208918448311,4.79328988538919,23.5299543982531,12.500540027796,0.676699000846179,13.6956731226546,15.0415593678403,21.3397420526622,-1.23016758067893,27.9361433264143,24.0348825915179,-3.15380414188936,9.09687008391892,-5.61014212955926,3.51953685645304,19.5877163146677,5.81154681958826,14.4042083965511,-2.65747491642921,14.9382047915119,0
"923",-1.88286101654761,4.2840489312029,20.0485017480846,16.8883772019668,-0.235327260010518,12.6177025794402,13.1073473140538,19.9518162985103,2.40649945786457,24.5868356427027,26.4397641067136,-3.78478000928264,3.04587615750937,-7.41666860385941,5.56776426498958,19.9057612024628,8.27475147196706,12.4424541181977,0.0279316403334486,13.0205136762048,0
"924",-4.01643523751196,9.99271591114979,16.2482200443531,10.8326680946621,1.8055546378235,13.2151395624676,8.27573560531359,21.6448687572724,3.0790961258473,23.5307354811783,27.084227571507,-3.86169487934852,6.88607383156532,-1.36344343222452,5.60555887646932,15.7248999480146,4.99356701956481,14.0817328692039,-0.727324922422804,13.6521742193666,0
"925",-0.95206188205208,7.00729041101343,21.1074400352537,11.5893977260838,1.90884195412558,11.6567557970923,13.6526873272313,22.1813911701833,2.87718235202454,24.4941193361706,21.1779881602016,0.707174169441344,11.3261776065885,-1.192287547682,4.1669978934201,21.3824184591351,6.15271987843701,14.6866184642814,0.229915990688043,10.9323669707988,1
"926",0.0166449713714152,4.54431215993972,22.5586153515157,15.1328976252891,0.375583464239061,13.6295958420524,11.3453283448083,25.140859073322,4.4597965932444,22.5906962974602,17.5859758056122,-2.20180788113576,8.80001295916411,-5.48003107571947,4.98205340350507,21.8147126606772,6.45078775698582,13.4478390797045,-6.19006848923749,15.7546652085862,0
"927",-2.1167728488693,6.77344087595208,17.3717540834997,14.5558871077566,1.74528985037302,16.7060565129261,7.08523160405237,23.8297144279479,0.812986378900535,22.6361167068885,19.5545320577034,1.52797460832263,3.09380145151678,-0.908648867416108,-2.38160050042433,21.5488178880219,5.82424163899983,15.0615474635366,-3.93742220082947,16.2938402367478,1
"928",-6.03677637376756,8.6846818352167,14.8096196567824,13.4270308035493,-0.123018260156466,8.32457415633563,15.8480372355422,20.1474257851834,0.487537207302656,26.1248466519698,25.554835020187,-3.9230631998067,9.99030089786304,-6.2422347345442,4.86665522146268,20.1484510874692,2.76849433865415,10.8352975298811,-3.57857455639789,14.3949820401746,1
"929",-1.39779658029316,7.7463767567888,19.0221104844823,13.7586645644055,-0.266804282517852,12.5518490900291,15.2377640794379,20.9798377918531,-2.83146181718254,25.9666623373177,18.6968548724618,-0.680745562565378,9.07228984384644,-5.74928094235761,8.34858356476844,22.5719780012985,12.420139010176,17.8337013108207,-3.44591697657335,19.162489669455,0
"930",-0.366144291526473,8.30656075923718,16.7155250005017,12.103079865427,-0.169299292791556,11.0626238991739,9.89299835689755,22.5184758394104,3.26737109598292,24.0839142955904,24.1261694016361,-1.04012387741609,7.01654696453871,-7.48410897896991,5.10746397433051,18.9157070030409,5.76333604984525,10.3492169224221,-6.73240410094617,15.5915794160768,0
"931",-2.14501315926221,1.29575045456742,22.6012194029987,15.4319292432808,-1.18127663199413,13.5091462879044,12.134225586564,21.2442566310929,0.576481350483353,23.8743043857303,19.3594283615416,-3.84377934212689,5.1936576743436,-6.14016888060806,1.22415898754611,21.5802879583703,8.3287114025851,12.8758449752143,0.0166188086511609,14.5183802907552,0
"932",-4.14325689336162,8.07605367167241,18.6655425645989,11.3081047874744,2.21141421512498,13.6463949397725,12.7332820855985,19.9363668976057,-1.81535860578277,25.6753581616599,22.4759924557723,-1.87858017335975,7.71945392442695,-2.51035705805151,1.79946285111257,21.0171758107759,10.3382342760738,12.1738193269572,3.55574231939482,13.6497230180336,1
"933",0.293446254315427,7.87199642041416,21.3792469177346,9.53773547432527,0.367541585805525,15.8501246123275,11.3701174461381,23.1077464061693,-1.19078132604367,25.4700928654965,26.7319946929993,-1.43799071269596,6.95305339177502,-4.69350928486831,4.1098244619559,18.5003268758975,4.6970762830305,11.9633212441532,-5.22085943476648,16.396505631816,0
"934",-0.979095809962817,4.72995531568883,22.9756602277932,9.64810356749152,0.989781055951907,12.4797209582239,15.7593109827079,19.7242426786086,-2.16257747122125,25.8424397083051,27.9224016481661,-1.54856226713253,9.6143843048456,-0.0275168181232397,7.66028557119095,19.1873179190091,6.77496152994214,17.0145640731712,2.13333545216629,10.5659986367834,1
"935",-2.30401755609563,5.15522909704319,22.0594957010737,12.817254581273,-1.00536365823748,12.4560932279642,15.7431259847825,21.6243938792362,0.430150550563464,25.3709291740239,24.2606557170469,-5.50426232147762,11.2414699277364,-3.10816260952273,4.75631453879473,18.0719867055184,3.97202049144399,16.7129856424828,-0.371831076161401,20.2933868134211,0
"936",-1.24302949081967,6.50526826256116,20.2071642017347,13.4250679429332,-1.82207992009982,14.5107872801112,10.7870721990485,21.5787746566293,-0.205612007912798,24.6415206536095,22.1229849630233,-4.09360517281124,3.14312865983104,-4.99518611576332,1.40377282641827,16.8888109353938,2.97919409600113,16.5545837437851,-4.90219653938013,14.0562491444627,1
"937",-3.0005793608424,8.41097235727354,22.960206240125,10.2294980950305,1.54856146935568,10.5611865837268,10.8141195545621,18.1883900117735,1.28035076322202,24.7959111067206,23.9781395073305,-4.03534744132917,5.88869476652522,-2.65883294737907,2.88484404760671,18.063694379363,0.820950233379155,9.41751687580095,-7.54183692719248,17.7739390644118,0
"938",-2.09147378967518,6.16197334794706,18.6427768355445,14.5573848364611,2.15883527850382,9.69624927301243,13.9232625569151,20.7882111508582,1.27449403068426,24.6039290532178,25.7633041646495,-6.9086427884642,5.61115627241657,-3.47680043234368,3.84503442100233,22.8599160055872,4.65330181679576,13.4452725096179,-5.2242851845977,15.6745353212129,1
"939",-2.4166377667754,7.84496840177725,19.0061833146911,14.38025444685,0.663355574552009,8.4920302668085,16.1004843856072,16.3766345902017,1.02201022068377,27.7402154312881,25.4605233142107,-2.94591731028172,2.22626777527581,-6.87449370545278,3.72842510034349,21.119338269937,6.73218763775746,11.7411255050099,-1.35503491221319,12.2383893319123,0
"940",-2.45822396713673,5.29168486208079,19.8362265287901,13.0074087410558,0.770622177739723,12.8194336871166,15.2536770441485,21.5931833886359,1.68558128833383,24.1307001794333,22.5669534852584,-6.96898239563888,6.6440853236455,-4.97323138583249,2.17717704885957,17.2261780552565,3.61092224173044,16.126990925991,-0.125816351261087,16.3136165750214,1
"941",-2.91111107142681,6.20107675780802,21.1645527956458,14.7072990091517,1.82746555551215,13.909116582951,12.5654875276067,23.2085121334265,0.185614900635386,26.3744995699828,20.3261475099512,-5.01623087534332,6.29437201190041,-6.35065269642279,0.132533409011683,17.5513542801719,2.89593473763757,14.8437472123538,-5.37177187650733,16.1454291159254,1
"942",-1.53804924229158,7.71133392698348,18.0015668458148,15.3542753410451,-1.68811091779604,12.7457783557726,11.1481110062427,20.3816377667624,1.82854174296443,26.2017804554063,24.2062632087491,-3.93916026768057,2.55181020596394,-3.89054140212663,2.07772336747809,23.1150956200368,5.59293353888747,13.3176702615479,-4.03958535518187,15.5768189141415,1
"943",-2.58599663164837,5.82200584248194,19.3670884131913,14.5496545642385,-1.6353539288657,11.1679307866149,15.8578572851376,21.9098534960755,-1.88643559853358,25.2913481250655,24.0880191492181,-4.5720988974529,8.43519503926574,-8.13403222782978,3.8756075379757,20.4415270614866,5.29150917317634,12.6016633067288,-4.08386966552979,16.2096291170329,1
"944",-1.75854795467295,3.73138290971541,24.2824534062388,10.2129924127941,3.99754706892721,12.9854897580663,8.93804631322352,24.3811131143317,3.40394429226058,23.7612215204104,21.896609108757,0.480636939369565,8.06969178282219,-5.51257768749494,-1.85798232432107,20.7923318224347,5.00032698127369,10.6906526143431,-4.86891957554573,16.0627249005435,1
"945",-3.00806895508027,6.19104179193037,20.5860519116406,10.5947584379646,-2.35059351421375,14.538007121898,11.1732122111978,23.7849955330083,1.93646222853472,23.57967836564,24.1809683578831,-4.69685379923528,4.85834365774189,-9.88229391141846,-0.672040592352891,17.2674191559671,2.62163007548141,16.2047099330453,-5.68230105993576,14.5457958849241,1
"946",-2.9060137856501,8.82424895236912,18.3857804316844,10.4890279730124,2.88889034928179,15.8707948922795,14.194455852599,20.8711054982677,1.43653658530486,24.3470430449012,23.1097232360501,-4.09144527670479,4.581553293886,-4.42027651820516,1.2065864218858,19.0609978608629,2.80309054356094,14.9618296587419,-5.56027242252343,15.6130871587616,1
"947",-2.68677730310917,8.69240477064443,21.8455013176351,13.2192533010536,4.35205918047009,12.8057522113492,14.5218535836664,21.0331871680306,0.000585763214944635,25.9855484885432,25.5422393650022,-1.12010046812409,3.94885296579401,-3.84993660360661,4.23604444851785,19.9662202476793,3.06770563236927,11.4012815529157,-5.09338088613169,12.8725569018887,0
"948",-1.50922997404274,8.55751195786134,20.4128101356599,9.30358586633205,0.0859796364044683,11.3184147285167,13.7488221787159,22.3320193492973,1.38400533876224,24.8043928515733,26.3526881094672,-5.18233898355484,8.40175420692877,-4.01585235567532,6.78260426673336,22.9669894073047,6.57347255350769,16.5100079156112,-3.37379670307319,15.5087435889594,0
"949",-4.73141248041139,6.95685370504883,19.5030230737332,13.5550974365109,-0.838124934006741,13.5741391303437,8.44100317280405,20.8424229405402,3.99660827249145,23.380879333737,22.998105554525,-3.74109468360907,4.68955296076492,-6.32916290850445,5.0798172048592,21.9537941799229,4.60210968996606,11.5935719714406,-5.4965638559884,13.9969352719905,0
"950",-4.0158859442451,6.06355753957762,13.7569902170443,12.0532063884251,-2.07165665767317,12.3001452690015,15.4700975218676,20.0095746719958,0.426690798188951,25.9212335251789,25.0167017438502,-6.34674247153613,4.12455967768987,-5.42480860859818,4.4847785621291,21.1187258932891,4.97746729163306,10.8964637372008,-5.29544297181857,11.2319308010277,0
"951",-4.32988087068542,7.2432326147698,18.0431746665219,13.3944187390585,1.7772860400411,13.8104629576788,7.66150631630387,23.2445362622456,1.8935687389006,22.9932319136194,21.0911938670557,-4.95749319123425,5.6319475945204,-4.7004988277881,-3.62810503056574,18.8576087627115,0.00179793551745444,13.2434727733011,-6.64510473953196,17.6957586581037,1
"952",-4.17458998653846,7.33532109909914,17.3465263461572,11.6353446550309,0.792592026970897,14.3424877234393,17.9346503707226,23.3551919284956,-3.52684271374172,24.6307469860364,27.8722470886035,-7.89196453750032,12.2889405166154,-1.96363695021265,5.18782554748424,23.1152932207075,6.47996899919829,13.8117252201213,1.6193417018231,13.6815882262132,1
"953",-2.87624535037938,5.15565919905289,20.973679613966,8.99321008207028,0.134109461175047,8.87929850609387,10.0558383969698,19.5852302588172,4.45234423677863,24.7266321322395,24.8496816208571,-0.580479321788216,4.90829545947908,-6.09975736009787,1.0583681069046,21.4959459383002,8.88148675297437,12.2312598211766,-0.095808531366457,12.2779711645456,0
"954",-3.4115670870929,3.81330613984354,17.7687016599339,13.9243274345744,1.16818583639403,12.5354581195741,14.5743780196657,22.0551977388073,1.532570128555,23.9447178878916,28.7676374465419,-5.14375663105541,7.28462336830174,-5.11060147849289,3.92559213994978,23.0815232828533,6.94905168948902,11.499103056946,-0.524962301128741,16.8972223463496,1
"955",-1.45802028213499,7.64149120114635,20.8523618330741,12.7569587638852,1.59250674413786,11.9557056090517,6.88336840061036,23.6894617786844,4.41852618798492,22.3021285664584,25.3311801291251,-5.40747729488138,4.95323930577238,-5.55436185438808,0.915563984677997,22.4301050230207,5.29695372657093,13.4055978639244,-1.08935047359849,16.9720001614862,1
"956",-1.89637112318387,8.17030088715518,19.351443840457,13.8990977921058,-0.449790928804871,12.826048481421,11.6432680557223,20.3469982924621,1.16827842601198,24.3498571018187,28.446773066942,-3.89585653342925,4.05455794803288,-3.7121805312801,2.68666749931374,14.8866744429335,1.71527077529181,8.27890969754664,-4.81567180877163,13.8722336876221,0
"957",-4.36023589857104,9.69500524844503,18.5705832264181,14.3956969067542,-1.28997904347011,9.49444212070364,14.1759376412884,16.4539170376376,-2.81998452617849,26.287761223705,27.0091353007101,-3.33621687235555,8.46380154114581,-2.5976546792079,5.47403856678263,24.7297404945258,8.21226443371935,12.2131539741493,1.6031274717718,12.494551638259,1
"958",0.885711986120602,2.60141108511865,22.3810954010064,12.2162797859864,-1.44964318606176,10.6292331873915,16.5849563372943,21.9613698383087,-2.69112507464487,23.714361736863,26.3862248425053,-6.26970182169574,2.77763677323957,-5.39336977735824,8.79846978391614,22.7804511840643,11.8449313987429,17.8181492080974,1.66982660547962,16.5753149461641,0
"959",-3.84830227717857,6.11926356916925,23.8656898795127,10.0257548945783,3.51293627244981,14.4160242770761,11.6540425657103,21.3991632599098,0.78595578067704,24.6698481546209,25.111530856676,-4.4819285222504,7.44471282780447,-3.29110710952835,-0.342913770028167,20.4467658021996,4.46054782360278,12.010294669108,-3.4356456519724,11.913508462706,0
"960",-2.07703755232724,4.41135816793023,18.7785599915753,11.8690761412127,-0.166203492910375,12.42778845577,16.6051097832683,18.4894838954458,1.86353224104949,25.2424401892835,25.923459674019,-4.4406619727713,9.08820748977811,0.759088180236248,6.96974993670034,23.1086355711611,7.99957051795876,12.967190604745,-0.392737223577872,12.3949635899526,1
"961",-3.19392015004427,6.37626888285125,20.0882781834384,15.4208456613335,0.863608695415324,14.7415121886411,8.97779520173717,24.9850540725977,3.46203673170933,24.7189839554548,25.5459338123819,-6.48822701743776,4.84854001715691,-3.47511925995639,2.44444724828054,19.7119018587705,4.76543858326954,14.7640419849875,1.08004091987613,14.5134707857121,0
"962",-2.2763586111664,5.0546063522528,20.7313425081183,12.5438737964196,0.761344960338055,12.7376390228227,8.725547440963,21.2739062447809,1.18505383381224,23.1370593639458,28.6705181982156,-0.497476622540197,2.69860263523517,-5.53596377305526,1.75638275039368,20.0277304965099,6.59877528714988,10.3781662756924,-2.42363215808851,10.0775172850069,0
"963",-2.30474439471085,4.69120836217456,23.0354302639672,11.98727393011,1.9563450480927,12.887470258318,13.8642838160576,21.5171164929065,-0.30886878000399,22.9812261331878,24.9640700915844,-6.36090965437645,7.31719632330387,-4.90344895111351,3.51079918327484,19.5628684587342,4.90125275683821,11.5066074630147,-4.7374388640733,15.6260364626279,1
"964",-0.0305328695318234,7.01954163484632,18.8307331352632,16.0188668532164,0.0854292638660863,12.5825130133649,12.0677882892346,21.2511538513241,2.15473168820425,24.6295226703325,24.4834280415677,-2.64075860737154,4.95036867856137,-7.97659938977515,-1.28535100776251,22.2016329286748,6.78696601846599,11.871941818246,-2.12621041648647,18.4474403164893,1
"965",0.835132356599702,3.48368761792653,21.9469927295729,14.7644728209256,-1.07022650010383,15.0400328849086,9.30904791916647,23.0942680594641,0.986577972971094,23.9649813442935,25.8807284910208,-1.93572470981299,7.44846668372553,-2.88111621686238,2.64111294330157,20.163148466493,8.0600623841259,14.5604963153017,-1.04120720474849,12.3305258332799,0
"966",-4.1148553647028,6.88031060427285,20.2003981078338,10.4243727020662,-1.50091183368854,12.4413525637872,10.7784512235836,18.8367565253332,-0.901022098695395,25.1360368060397,19.2144918391349,-5.86184442044012,11.8805214780356,-7.62182448334724,5.68740815849867,24.9613322928497,10.2309406557833,18.2995673465619,-0.405359731826918,19.5330626491555,0
"967",-1.81697680301165,6.11181410140373,17.601571051593,12.4643928660834,-2.777650901321,15.0473455028088,14.3097177246289,17.2539821648557,-2.11592017488383,26.3399360612965,21.2580222289335,0.319185674321548,2.19851197355381,1.79195650635743,-0.792318889575467,21.6589232973458,4.15532330337057,19.7432403593186,-5.75060528388051,12.0289139864924,1
"968",0.305230639850597,1.14206550841984,27.1899797673464,10.4480230146357,4.41184490319931,12.2442670296863,10.3909523664975,22.2643499380706,3.90611703720137,22.7811711426526,25.0022180143628,-2.77071636370799,6.14415839262373,-6.11013600740853,0.460095823121915,20.3761191541093,4.61544853051329,12.3279517610105,-3.18008195101109,13.5148494263759,0
"969",0.560967243199406,0.819505365469016,25.7612480673327,10.307229144786,-1.26766410325593,12.1306664599988,13.8085336987904,20.9770835829417,2.41758824834183,25.5585315362394,25.8069788993448,-5.17463967056939,7.57719617046814,-2.22471607219531,3.25840197944953,24.5205926017471,5.78510634704215,14.3743974911604,-1.94468130702907,15.1364022829906,1
"970",-4.03385925180269,7.56158550871444,23.2027016155051,10.2620581618052,3.97235206774689,9.15619936475455,17.0357165699516,16.8906102960031,-0.848713815446144,28.0613045778012,24.8034025328069,-0.751495873894811,4.40823677935368,-5.20690108400236,4.26367160699999,18.4433918556701,7.73251204277911,13.6508305274531,-1.97992263456319,13.8508325423755,0
"971",-4.12313003314383,5.55731902713103,18.4991900292959,10.2620355194301,-0.553939605706401,8.73729100825447,15.7267271395135,20.6039920520088,-0.0461898808762533,26.5381395743161,26.2583447893461,-6.62571984713534,8.93625076946837,-3.94906466180632,4.95365153118166,21.4075776667424,8.18555003362321,13.0056371129666,-1.10028508250758,14.9465914689679,1
"972",-4.66931995185613,8.9254585705825,15.3718880853782,13.2202477196815,1.29462070643527,10.7282050254543,9.81813113380876,21.1120046971669,1.48579330090264,24.8993437872545,23.9749318394351,-2.77302245481514,7.68206092865345,-3.40155096191726,5.39754566233316,20.6813018889227,4.76053154187104,15.5213380061683,-1.63033771553763,12.8049900865112,1
"973",-2.56204535798024,5.70697891008328,18.6829772393995,10.896785933305,2.52015786378446,9.67468710267915,12.7620262040313,18.4274676126527,-3.35864980760596,25.640243932129,21.5664981070983,-3.39097485505615,8.50497836348693,-3.59876101849566,6.62733008046928,20.9652654408346,5.87133959985198,15.5243039830434,-2.89185407191641,15.0500492687016,0
"974",-4.93003221945474,6.42923611131755,16.7863457137291,12.5127276171942,3.52678141607009,14.1318293035694,7.93407446163608,20.347110408528,-0.0724365312817719,23.6552280513606,25.3462411604926,-3.94996250202927,11.9772832032177,-3.74697897012013,6.25486541372917,20.7999425315545,5.07247435112926,13.1167868682939,0.833613151638436,12.2039910577488,1
"975",-1.14505337187346,4.06713054655594,18.9463933159468,12.3156322716973,-2.31352428829741,12.0946726398599,11.7841177293341,19.5392513585869,1.26850601547607,25.2988440295164,24.3795306281101,-3.86592910684661,6.96297826644658,-4.0089241505059,8.36022638905861,19.9364904931453,6.01255794321516,13.6327186936833,-4.35844246368347,14.8694421832716,0
"976",-4.28879897831471,5.99511805064246,20.1143329029341,11.2236101122236,0.990000524274961,10.7155146916518,9.9554392626976,19.5180980278167,-0.515462215895744,27.0644626860032,25.7453956002963,-3.16065450011689,10.0741725103329,-4.40906502941867,2.17110715503333,22.6170503226664,7.85125933167049,12.6972736031761,-2.80437061786687,15.6108186159857,1
"977",-5.48674279576062,0.961866619533149,24.2084339888613,12.620034533833,-1.24072255304392,14.4102038475107,9.27414094615957,22.9220887953615,2.89960622278584,24.2014264548257,23.1063403609181,-0.622547129991581,8.09650755893091,-2.82503158098729,0.530991184996911,21.4277007838591,5.41014112823582,11.3671448798602,-0.933107873591268,15.9274586948057,1
"978",-1.99787843965623,3.1409253317513,18.9406681256183,13.8677035728529,-4.28878153859219,14.5152530241658,14.4649102571586,23.7255043822563,1.5149189647946,23.6070381829136,25.7757536684356,-3.67759270249592,6.49173626388443,-4.13361305579956,1.09006884979627,19.5082285434123,6.52849657052787,12.2141743696235,-3.68954306439488,17.4024234234519,0
"979",-4.6277488461363,5.74819332718147,20.7377234834466,15.5555343076996,0.814388924120745,12.2242003211683,13.6998226667804,20.1054012528819,-0.128815314773605,24.4323492349268,28.0735610806162,-10.0544503441527,9.05293872880889,-6.18377173791722,4.48536628929608,19.4177058230352,5.88137791879649,13.4104809181654,-4.93104088640065,12.3957283188425,1
"980",-1.35393411970251,5.31277142372879,15.4265331408071,15.319313321345,-1.74257449060345,10.0998212641884,11.4131243811243,22.6271388369117,3.04038285578534,25.8214570054172,26.6126907300329,-7.09399549856204,4.92543023744466,-4.20847641992178,-0.153730880102262,21.0117088163891,9.01937772699392,12.4980862536654,-2.327995215998,15.8887509117674,1
"981",-3.2988594089295,2.80187984205771,22.9691363293904,11.9980574169389,-0.628604558064431,13.4327255902685,15.6688166077565,20.9037974308258,-0.113331872428158,24.539821814705,21.7910578155479,-3.96843265755839,6.11012635545699,-4.25347482178637,0.58079189006894,22.6909497157802,7.67343001890547,11.6006913803908,-1.11104193956127,15.9833590142398,1
"982",-0.665998164574241,5.03581264693787,19.7803513006916,11.6553709330816,-1.49234739080148,11.9959651443096,13.0281061819949,22.9500276568101,1.010709356915,25.4105226178369,22.9088492312663,0.578621924173651,8.63260447088772,-2.86744362390201,2.33795752714589,21.4324935866457,7.14665057786716,12.2956636469132,2.04158115670842,14.8496192887533,1
"983",-0.226685053835636,0.671335579757051,20.9919236804071,11.1232579954227,-1.8640778273748,14.6368515428637,10.493247147751,20.4624507452846,2.44925311143258,25.8796156977013,32.2077741500154,-9.49371207851257,4.94827409425779,0.0889341064643805,-1.10761839638654,16.2038762756654,-0.643160728620764,10.8795791111225,-4.97210791588711,12.5358966824668,0
"984",-2.3120082311929,6.82057214813478,19.0164714140341,13.698907603993,-2.3215672902655,13.4651621870059,13.3396562890945,21.1641457408216,1.95499693536863,23.4168900887813,24.677038638885,-2.67684538236921,2.72627131459166,-4.82851017128926,-1.59777200517191,21.1312952081139,8.63807301532407,12.3783951322349,-2.80232770620451,13.2809906453793,1
"985",-2.38638891690503,3.98629906871443,21.9479112061179,11.4236529342894,2.6643794792984,11.3206487898709,15.1967412812282,20.3883240765388,-1.36514345230219,24.9660050177097,28.2463705845983,-8.83677745755718,7.73285837857619,-3.7430855774157,3.37446819114506,22.9087917421274,8.62245726904962,11.3334633651528,-0.606353018363835,13.6514962359897,1
"986",-2.03202644405996,4.63381238024677,23.7821153158488,12.2642901556808,3.06711261734895,13.3930706568791,9.7685012304513,21.6887445981834,1.49098563918962,24.5416527546382,30.38949294381,-2.56503927186922,4.36890952376252,-5.10350641712188,5.3819119428915,18.4564765144536,6.15959050017561,13.3791573680744,-1.34896428596504,14.5959196157146,0
"987",-2.07514477160968,5.68590130993921,20.4523362591716,12.6249046383538,0.328121414870748,12.7692514746819,12.6660589736485,19.8559072149961,0.240785985300837,26.1864404324708,23.0621069632165,-4.46130740926413,9.09428333612217,-7.57246640898752,5.08464532001686,20.9171471720439,7.0137184874642,12.1121040977739,-2.21281296232981,17.8394780083738,0
"988",-1.83148358876349,9.90321711592314,17.9091416880873,14.5312291448204,-0.865296582632602,14.1696794968049,11.8675360640016,22.0370877321658,1.27688300542665,24.6130872114485,22.6698425314582,-5.1690413117203,2.79838721295033,-6.39584077792816,1.23813813025133,20.8008580813511,2.98145082894106,13.0991168484991,-0.584691000817679,17.569420512382,1
"989",-2.63894003063312,3.63878756109782,18.3883725535817,14.3440385252618,-0.906366978087162,11.0808637322998,13.0388001177119,19.1535297392697,1.06118802266355,23.9013712238435,26.1492134460074,-4.34905083605439,8.18232935059466,-3.25316497045246,-2.11921518168986,16.3571090029334,1.64864747096664,10.2546514047804,-6.25966317538054,10.7824879003072,0
"990",-1.82728801967037,5.39573349709172,21.8169295733939,12.8631230458212,1.98934086176578,13.4303251600267,11.558552335099,20.3413014667613,-1.66343218145333,26.7179113363994,24.2097381991461,-7.3859275616986,9.42984735466483,-6.02922746625912,3.67713116585993,22.3871977700276,3.765846953664,13.0579598542122,-2.31561746712644,16.1520174065304,0
"991",-1.09549788919856,9.1198044846991,18.7808448411961,10.5207924055657,1.74512840132604,10.3537919141198,13.4223746848484,21.8900185588221,-0.513128719829543,24.6922720576106,23.1677371664661,-1.75775429463614,5.90669347782559,-7.85677346049578,3.73171753675246,22.0375342111765,8.97740084146005,12.6307758645888,-3.08184509490289,15.1418323228338,0
"992",-4.88259234027579,7.56999081183409,14.9974286347453,13.892272118622,-1.57744106076472,13.8459729193532,9.19809496004417,21.9706661246348,1.18469861345606,23.1276198880374,27.964291219093,-9.88693875020392,10.1842504104383,-3.96012737991013,3.20096430810815,20.3404800525283,4.54406710592285,13.4906324480017,0.893318458004203,11.5624081138951,1
"993",-1.16655534094471,7.42659675493229,18.1623735116481,14.0143866719526,3.16746661172499,14.5787884802766,8.5991098539615,21.4816130411655,-0.731674101406647,25.4803449010514,24.00102831633,-0.00632253467453481,3.78750032234131,-7.20834715009364,-5.96730013521153,21.0866171917071,3.15813141751833,13.2710822726888,-6.30764516098568,16.9414984352118,1
"994",-2.96974507654656,6.46278751870041,21.2711132633024,12.8681158571319,-0.240750280894504,11.614865400313,12.8994524423833,20.341792887996,3.29854625655343,24.9016803111157,20.4740468942617,-3.06791537823626,8.39237479536001,-3.63692722958862,4.56756996986855,20.9096107419992,6.17506113435825,16.7463912455143,0.329379061803259,17.112153781688,0
"995",-2.9261197318221,6.62768539194643,17.4308353982533,14.0943121593816,2.60036820130664,16.2275021199021,6.81410083136411,20.1989246137048,-1.31156499461429,24.5544522774123,25.0343318347808,-6.60472367915361,9.60957110318257,-3.23794234397089,5.16452098802463,20.2542594550956,6.32325967718325,12.4299401720347,-1.62487641942912,12.4087815313326,1
"996",-3.90481671967117,6.3963463050998,19.3756056937324,11.2028254129301,2.71487098324877,13.6721060240108,10.7300750513793,23.9481901503621,1.70857621772056,23.8311598676396,22.6011410986437,-3.01878282479749,10.0215413671561,-5.65986846961096,0.0134294492899816,21.937515364836,8.02481238219312,14.6076481712406,-1.49076200970203,15.7554925017845,0
"997",-0.0865203782108228,5.58012309806257,21.0337989007837,10.6771398379436,-0.250657664924785,13.3866167138626,9.65577786322274,19.0915987505565,-3.42756138335588,25.3973622742891,24.9053721468097,-4.28435211819463,9.91807399126811,-5.65562674747498,-0.542243274466806,19.4451186275109,3.84430787480975,13.1466031077156,-2.07042548038166,13.697050034687,1
"998",-4.11876562110947,10.8017405830547,17.7754841415229,12.7227412652862,3.57985055786566,14.7143332475091,12.3731847634592,21.5274978450275,2.89272804171322,23.8327711783041,30.9831705674113,1.67728584038465,-1.1700950047946,-6.03056889617694,1.29145298069119,18.0678709289776,5.13025562601726,7.82285758648092,-5.62310534987073,9.02566133954102,0
"999",0.361278835047568,1.70308324081789,25.6568218839999,11.9238670910931,-2.22612534186103,10.464601805907,12.4435927613488,20.8398309590616,1.88154994398148,25.2470289054318,24.6016542638653,-5.35955593344574,7.46935896965744,-3.55981478207553,1.86385286836386,18.379135550662,0.520518619640502,15.7168205967643,-4.74977367724467,12.6092333151288,1
"1000",-3.57828331940491,7.53176506197422,19.1065040963658,13.7636156348811,2.91151925767828,14.2082925276713,13.9558617893347,20.4628647639805,-1.10337463546643,23.495804542379,24.6862011163207,-3.7961544440153,7.01296776881213,-0.640642725353151,-0.175102345789063,19.2972239650104,3.50738570214079,13.4723702531744,-3.64209569189673,11.7755225565002,0
